kx,ky,phasor
-49+0i,-49+0i,-0.65397339494981-3.4389601511625i
-49+0i,-48+0i,6.18261921680767-0.97916413655315i
-49+0i,-47+0i,2.48839327453745-8.98917238686483i
-49+0i,-46+0i,-6.56129009829715+3.77282955496916i
-49+0i,-45+0i,5.47574138532979+6.57190972546021i
-49+0i,-44+0i,1.21946289762944-3.41565626685564i
-49+0i,-43+0i,-0.33513248769618+6.60834158909755i
-49+0i,-42+0i,0.970882481602553-0.577609161587372i
-49+0i,-41+0i,0.196041150789392-0.96263679264835i
-49+0i,-40+0i,1.68617548376435-6.58164758809503i
-49+0i,-39+0i,-3.47358225113518-7.79939636130736i
-49+0i,-38+0i,5.19735462000319+5.06554323536145i
-49+0i,-37+0i,-2.70469039411097-2.8731931501745i
-49+0i,-36+0i,-9.1304903414796+2.76683337468657i
-49+0i,-35+0i,6.78757536346848-0.11259183762863i
-49+0i,-34+0i,6.445066625955-10.9742412764005i
-49+0i,-33+0i,-0.183318728350399+0.542406587426762i
-49+0i,-32+0i,-5.67445332376154-0.5664568945172i
-49+0i,-31+0i,-2.65551619433223+2.47459221110092i
-49+0i,-30+0i,5.93170732424341+4.36731845884423i
-49+0i,-29+0i,-1.72715406778389-6.99936509012826i
-49+0i,-28+0i,-5.75699554836091+2.46354906547669i
-49+0i,-27+0i,2.95965870260039+0.58110757955773i
-49+0i,-26+0i,6.43539691455955-5.4437166323545i
-49+0i,-25+0i,3.65792037633541+7.38052292786635i
-49+0i,-24+0i,-10.0069354701179+0.6850805867733i
-49+0i,-23+0i,-16.6295573603177+0.2550635195273i
-49+0i,-22+0i,0.17887515470845+1.84336571754165i
-49+0i,-21+0i,4.05725942314587-8.67915382709558i
-49+0i,-20+0i,5.6911036497145-3.81983642881272i
-49+0i,-19+0i,14.8140987492008-4.580838805832i
-49+0i,-18+0i,7.77874530597117+3.0089447421091i
-49+0i,-17+0i,6.82471176124828+5.14660051171544i
-49+0i,-16+0i,1.74775951847874-5.88479069994095i
-49+0i,-15+0i,-6.95778593147491+3.32844505128431i
-49+0i,-14+0i,2.55929543939848-7.25840333640784i
-49+0i,-13+0i,1.03125962594165+1.3108007036218i
-49+0i,-12+0i,-8.528242444657+30.920816692406i
-49+0i,-11+0i,-2.89502580582158-3.29938793090652i
-49+0i,-10+0i,8.6490862387139-12.4296747329458i
-49+0i,-9+0i,-9.4791145134718+24.4555756132307i
-49+0i,-8+0i,-39.4148557344949+3.6691364184591i
-49+0i,-7+0i,3.1471818410631-23.8816634755308i
-49+0i,-6+0i,37.7648788867938-15.617927996145i
-49+0i,-5+0i,-8.76278578767849-5.38899965101004i
-49+0i,-4+0i,8.3158637106962-7.64093232064471i
-49+0i,-3+0i,43.4269743771595-22.3960548535513i
-49+0i,-2+0i,-4.89578456782076+5.97115553471802i
-49+0i,-1+0i,-7.2862495770721+32.5065517835443i
-49+0i,0+0i,10.0995736640191-2.2406964107455i
-49+0i,1+0i,-20.2230422101161+1.3450968965433i
-49+0i,2+0i,-20.2183705433794+13.1635040308447i
-49+0i,3+0i,-11.4868787786969-18.1030935532604i
-49+0i,4+0i,-11.4028111833012-1.6785078401746i
-49+0i,5+0i,-7.60644160334585+8.7891960648318i
-49+0i,6+0i,-6.0697405277818-19.606685373253i
-49+0i,7+0i,25.5877143385622-1.464007999767i
-49+0i,8+0i,28.7428969268641+20.1321461436756i
-49+0i,9+0i,-3.49940287351688+7.70361659172384i
-49+0i,10+0i,1.05955040837054+4.79389939505589i
-49+0i,11+0i,-7.452650229527+13.6206924227584i
-49+0i,12+0i,-21.3032890089575+10.0516276533108i
-49+0i,13+0i,0.70046515883732-3.65853985249793i
-49+0i,14+0i,-1.4231514656192-11.1353742663562i
-49+0i,15+0i,-14.6533423546148-9.57607249987i
-49+0i,16+0i,5.37746856743251-0.85585572562315i
-49+0i,17+0i,9.98712167700284+1.5077131629316i
-49+0i,18+0i,-1.336531788683+8.94369919396765i
-49+0i,19+0i,8.30083745990752+8.36328518496546i
-49+0i,20+0i,-1.66420537887473-5.78533465718729i
-49+0i,21+0i,-8.80330528434746+4.56762332991162i
-49+0i,22+0i,10.9506110826604-7.6176204754102i
-49+0i,23+0i,7.4553073731684-23.9053217602345i
-49+0i,24+0i,0.307123040287388-0.490561686020379i
-49+0i,25+0i,11.3672421946655-2.1260211351399i
-49+0i,26+0i,8.0839148357687-10.3009964215072i
-49+0i,27+0i,-9.35467029286457+9.68745005298845i
-49+0i,28+0i,4.76389272022496+8.83211940487914i
-49+0i,29+0i,14.0825047824235-6.6873652298109i
-49+0i,30+0i,-5.57345938263599-1.48183274077414i
-49+0i,31+0i,-2.80296848127468-1.41788913668499i
-49+0i,32+0i,-0.262368071530751-0.337155413432918i
-49+0i,33+0i,-0.588389013489259+0.637237801004238i
-49+0i,34+0i,-3.57245670252845-5.00362526114682i
-49+0i,35+0i,-4.15063828667304+2.05019064502623i
-49+0i,36+0i,0.83502044909053-7.93744416937914i
-49+0i,37+0i,-7.63781402720171-3.87658155798258i
-49+0i,38+0i,3.26046180622459+6.05349756445407i
-49+0i,39+0i,-6.22421662844085-2.84511244282903i
-49+0i,40+0i,-19.6300891959838-0.0104243905992i
-49+0i,41+0i,-1.9038680295425-4.48063511413797i
-49+0i,42+0i,4.75383364235957+0.6287878480876i
-49+0i,43+0i,7.11478622756544-0.40062728419079i
-49+0i,44+0i,-2.34347418518115-0.48119146653754i
-49+0i,45+0i,-5.83920996946216-0.33130471919429i
-49+0i,46+0i,-4.0820827940167-18.3132793108963i
-49+0i,47+0i,-4.02697398544236-1.8361019534255i
-49+0i,48+0i,1.97577479168156+5.16009352008318i
-49+0i,49+0i,-1.34632445138762+0.77480974400707i
-49+0i,50+0i,0.00545460225242+2.27143609186079i
-48+0i,-49+0i,-2.71996845684389+1.78077998845297i
-48+0i,-48+0i,1.04805533615+1.93785597080693i
-48+0i,-47+0i,0.70034322958627-5.76005234717911i
-48+0i,-46+0i,1.29344131201491+4.15316248033235i
-48+0i,-45+0i,3.75296542510082-1.44391025840087i
-48+0i,-44+0i,-8.56508550309052-1.64329988018052i
-48+0i,-43+0i,-2.63571372206965+2.50762376311264i
-48+0i,-42+0i,1.631930003571-11.4907354698219i
-48+0i,-41+0i,4.66959736957908-5.71034262990805i
-48+0i,-40+0i,-5.12793129026931+3.29819584482843i
-48+0i,-39+0i,-12.0911844798262-1.3250180650146i
-48+0i,-38+0i,-2.10364010651328-8.25337138820088i
-48+0i,-37+0i,-3.66531362245697-4.25600688917966i
-48+0i,-36+0i,12.5916615662144-2.0890239613175i
-48+0i,-35+0i,8.49135411522562-2.55619993787978i
-48+0i,-34+0i,-11.1088240848632+5.2573791610934i
-48+0i,-33+0i,-5.63602858865521+4.82983913072845i
-48+0i,-32+0i,-8.86607865557551+3.43190168415703i
-48+0i,-31+0i,-12.7143256241768-3.0642530922287i
-48+0i,-30+0i,-7.8002488298349-0.56131081909025i
-48+0i,-29+0i,-0.76915703529557+1.44088614124762i
-48+0i,-28+0i,-1.87462776255679-9.66613069496554i
-48+0i,-27+0i,6.02553834485442-4.96060023345331i
-48+0i,-26+0i,10.7342035147426+2.561013757241i
-48+0i,-25+0i,-8.9403924499632+16.0330883358152i
-48+0i,-24+0i,-10.9299337079351+10.1592686763152i
-48+0i,-23+0i,-12.5504874621486-5.0083244001977i
-48+0i,-22+0i,-6.46403060250844+2.4468768048824i
-48+0i,-21+0i,11.0675763588659-1.5528430853284i
-48+0i,-20+0i,-1.12505195700877+7.27703028760212i
-48+0i,-19+0i,-10.3739974119774+4.1202114984891i
-48+0i,-18+0i,-2.2683315979283-14.2458658914552i
-48+0i,-17+0i,9.34721628556691-6.81040026836812i
-48+0i,-16+0i,10.1861679636056-6.0094458744636i
-48+0i,-15+0i,4.86345097199244+4.8125724668691i
-48+0i,-14+0i,-1.44570268084055+7.50241766872638i
-48+0i,-13+0i,-13.7149146253269-1.836327832391i
-48+0i,-12+0i,4.20732136827618-0.98919234546695i
-48+0i,-11+0i,7.9620360165771-21.6095095450047i
-48+0i,-10+0i,-13.1057535393476+5.2874514048482i
-48+0i,-9+0i,6.4657942803282+50.6507038101951i
-48+0i,-8+0i,1.17707187242709+8.35242414110208i
-48+0i,-7+0i,-19.646935402548-23.7121775747678i
-48+0i,-6+0i,2.50396976441966-6.7819481046158i
-48+0i,-5+0i,4.37447423155975-1.20062792161578i
-48+0i,-4+0i,16.5135785853323+4.406375494839i
-48+0i,-3+0i,19.8068596094085+0.0793626917746i
-48+0i,-2+0i,-21.6394240035359-1.5590611691739i
-48+0i,-1+0i,3.17875621556964-8.49017281686483i
-48+0i,0+0i,24.8510633032502-27.1545048137706i
-48+0i,1+0i,-4.68004654716082-4.30141802345609i
-48+0i,2+0i,5.37585857580246+8.57137498556297i
-48+0i,3+0i,-1.23403089917744+0.10069081876121i
-48+0i,4+0i,-16.8027212506564+19.3988391942909i
-48+0i,5+0i,-2.8732220089652+12.1247318826815i
-48+0i,6+0i,-9.8475261351013-13.0039978349385i
-48+0i,7+0i,-8.91336918602425-9.08160974393574i
-48+0i,8+0i,6.72643861538912-3.27620713460851i
-48+0i,9+0i,12.7678419144604+5.239743530522i
-48+0i,10+0i,17.6811224881907+22.6166146456222i
-48+0i,11+0i,-0.4672323019314+18.5151304446814i
-48+0i,12+0i,-16.2721175889439-3.6339016122772i
-48+0i,13+0i,-5.41492744408291-1.67144229878485i
-48+0i,14+0i,-5.96220168174177+4.63213761259779i
-48+0i,15+0i,-12.7990818477275-16.9035716871352i
-48+0i,16+0i,-0.33946198711406-1.65003717870786i
-48+0i,17+0i,10.4742349747112+16.9664583791488i
-48+0i,18+0i,-3.87804073652706-7.05524364282685i
-48+0i,19+0i,-3.38428356087581+2.45444210052817i
-48+0i,20+0i,7.03227230389942+2.49867395517282i
-48+0i,21+0i,-3.80560329267697-6.91271142718156i
-48+0i,22+0i,5.10248075280698+9.37605881312958i
-48+0i,23+0i,8.46338947318121-7.30319219637298i
-48+0i,24+0i,-4.76455775153445-8.76366697173245i
-48+0i,25+0i,1.15155527209089+3.00559669827018i
-48+0i,26+0i,2.46845026039758-6.91969740384111i
-48+0i,27+0i,1.0402216191095-1.62462210551141i
-48+0i,28+0i,0.65893874263643-1.57055422839204i
-48+0i,29+0i,-2.63786847428243-0.66705101307091i
-48+0i,30+0i,2.06489785316707+2.98805610192141i
-48+0i,31+0i,3.56647016038509-1.53722237878494i
-48+0i,32+0i,3.97446392582137+6.63335848939509i
-48+0i,33+0i,3.25434333653198+1.14862426382066i
-48+0i,34+0i,-2.49875039233615-2.40693827302506i
-48+0i,35+0i,2.12394521036851+3.02621830406956i
-48+0i,36+0i,0.00790429403169-6.86340110641862i
-48+0i,37+0i,-6.6729460480795+1.99596509486726i
-48+0i,38+0i,2.32485562487023+6.73689016576677i
-48+0i,39+0i,2.94100980885853+5.0540393154953i
-48+0i,40+0i,-5.7534550030723+10.6293363166228i
-48+0i,41+0i,-8.1180195994911+5.51091524412319i
-48+0i,42+0i,-1.03785751446291+7.24106802160505i
-48+0i,43+0i,-0.32003532632716-2.91039995934622i
-48+0i,44+0i,0.44474420116631-4.52536945865834i
-48+0i,45+0i,3.95716517864612+0.08492330412447i
-48+0i,46+0i,-8.44568234932717-7.46405348179961i
-48+0i,47+0i,-4.232155834986+0.75893100466969i
-48+0i,48+0i,-0.90878291023399-1.21025240938268i
-48+0i,49+0i,0.96059073182674-6.29155099225943i
-48+0i,50+0i,8.7304162760741-4.86663104050698i
-47+0i,-49+0i,-5.33713566552082+4.34067143516329i
-47+0i,-48+0i,0.323658264280774+0.768114276500706i
-47+0i,-47+0i,2.73701317649751+3.1206336171155i
-47+0i,-46+0i,-0.98899949588236-2.67587825300859i
-47+0i,-45+0i,-0.24066558763092-5.75790806677905i
-47+0i,-44+0i,0.44747178660376+2.06507230507338i
-47+0i,-43+0i,-6.32305574082879-0.18439785710168i
-47+0i,-42+0i,-7.16087367198526+3.45636097545846i
-47+0i,-41+0i,1.40198028800185-0.87102418932951i
-47+0i,-40+0i,-8.21558578945556-7.55495668850915i
-47+0i,-39+0i,-5.61537952098743-2.52219205991574i
-47+0i,-38+0i,4.91425558425111-3.16350279958031i
-47+0i,-37+0i,-2.80351810394448+1.31743077512999i
-47+0i,-36+0i,1.7247236561023+0.12958679239155i
-47+0i,-35+0i,2.69595713670379-4.49587669493229i
-47+0i,-34+0i,-2.30941350915322-3.9238318491207i
-47+0i,-33+0i,3.64180386330126+3.67449508052836i
-47+0i,-32+0i,2.8096751297458+11.5272612479792i
-47+0i,-31+0i,-1.13686990169108-2.47409252398678i
-47+0i,-30+0i,3.11715954041778-0.17194557969753i
-47+0i,-29+0i,3.33399405957032+9.41437963134194i
-47+0i,-28+0i,-5.92745675220143+7.77607203876166i
-47+0i,-27+0i,-1.5926775233893+15.8361314532292i
-47+0i,-26+0i,4.4594615533992+2.29787476275091i
-47+0i,-25+0i,-6.22204151436412-1.48002583089899i
-47+0i,-24+0i,-6.4750880418263+16.208187390016i
-47+0i,-23+0i,-4.10710061364546+6.26246168237145i
-47+0i,-22+0i,-11.7501253368405-6.5434049650236i
-47+0i,-21+0i,-7.76477853577837-0.40262061897779i
-47+0i,-20+0i,5.29148431744778+7.56346276929114i
-47+0i,-19+0i,2.12729749177968-4.39591665740221i
-47+0i,-18+0i,-7.98187587237637-7.43533218735751i
-47+0i,-17+0i,5.499552805009+6.67955134193932i
-47+0i,-16+0i,9.03506981862915-6.77002938943983i
-47+0i,-15+0i,-3.19608225168232-9.71119537995174i
-47+0i,-14+0i,4.56201533546262-7.63208438283227i
-47+0i,-13+0i,2.8120718984884-14.819281998335i
-47+0i,-12+0i,-3.007021042826+13.8988479597461i
-47+0i,-11+0i,0.3471148224547+12.4205671458439i
-47+0i,-10+0i,2.0141779222652-15.7204361361122i
-47+0i,-9+0i,15.0167762768078+14.4466690843612i
-47+0i,-8+0i,-6.9832102625716+37.6160377884571i
-47+0i,-7+0i,-43.8057890929765+0.4186706079233i
-47+0i,-6+0i,-13.9845984524479-18.8195545416148i
-47+0i,-5+0i,19.8937643188089+8.1511959235685i
-47+0i,-4+0i,3.37926158716326+5.73145883778174i
-47+0i,-3+0i,-6.4086598011692-16.8629222975829i
-47+0i,-2+0i,21.2416152656602-12.6162969131867i
-47+0i,-1+0i,33.7197294570417-20.2162852553252i
-47+0i,0+0i,4.56130989938075-4.70168886733413i
-47+0i,1+0i,6.4975442639931+29.4444840492505i
-47+0i,2+0i,20.0503253650822+6.3535563021202i
-47+0i,3+0i,-12.8584990035008-7.2050174751253i
-47+0i,4+0i,-24.4923847659185+7.3587368361153i
-47+0i,5+0i,-10.1169231464733+0.4610537545522i
-47+0i,6+0i,-19.7420416112243-8.6991935309143i
-47+0i,7+0i,-17.4013457509788-22.9127299511673i
-47+0i,8+0i,10.6009498571675-18.3966249188073i
-47+0i,9+0i,24.1775496350063+13.4151978157134i
-47+0i,10+0i,14.8916098337624+5.0296263485725i
-47+0i,11+0i,-0.9891375745831-10.3442833214397i
-47+0i,12+0i,4.5001871660001+12.4274261913352i
-47+0i,13+0i,11.5899336568324+13.80474249272i
-47+0i,14+0i,-7.8308332436645+10.8335025124128i
-47+0i,15+0i,-11.9130457775378+10.946862251729i
-47+0i,16+0i,-4.79490199599033-3.34904268266988i
-47+0i,17+0i,-5.54839295358502-1.03157892863409i
-47+0i,18+0i,-11.0954112489536-0.9828583520121i
-47+0i,19+0i,-9.91790429995174+3.99237700689001i
-47+0i,20+0i,2.85182917449738-2.49283467611307i
-47+0i,21+0i,0.36998691143611-9.35825339520362i
-47+0i,22+0i,6.6378251946382+12.4251088754107i
-47+0i,23+0i,11.4494520560685+5.2767565203699i
-47+0i,24+0i,-1.48322643755082-0.44875424671775i
-47+0i,25+0i,-6.68496659160514+2.60944784227884i
-47+0i,26+0i,-7.1802491348204-12.3127318130201i
-47+0i,27+0i,-4.09976943127341-6.31568982532952i
-47+0i,28+0i,-1.48591806493367-2.25516410511835i
-47+0i,29+0i,7.7961624346966-10.4465745202193i
-47+0i,30+0i,10.2266594217504+1.8833162913785i
-47+0i,31+0i,10.0528709889708+9.4434146941457i
-47+0i,32+0i,12.9993104467883+4.5860119630041i
-47+0i,33+0i,4.56887746072048+8.28829169269294i
-47+0i,34+0i,1.75624343171821-3.11497133879008i
-47+0i,35+0i,-3.36619206166608+0.08011200934746i
-47+0i,36+0i,3.7216614449132+13.5707446068046i
-47+0i,37+0i,5.85465287121482-0.53247665421874i
-47+0i,38+0i,-9.64416642443581+3.72567373999772i
-47+0i,39+0i,-4.92329058055322+4.28500348786172i
-47+0i,40+0i,-4.20596141206801-6.85154452185621i
-47+0i,41+0i,-0.262816195426858-0.493673007648794i
-47+0i,42+0i,6.69074578464611+1.40369357697148i
-47+0i,43+0i,2.15337395504207+1.85359709140625i
-47+0i,44+0i,8.6115400788783-1.48573235480552i
-47+0i,45+0i,4.47281886607577-2.5227816097999i
-47+0i,46+0i,2.93086729556361-1.56419850425613i
-47+0i,47+0i,8.01213901345253-4.81359393661875i
-47+0i,48+0i,-5.34795954129217+0.60924011067429i
-47+0i,49+0i,-2.03367338622496-0.70549643587934i
-47+0i,50+0i,3.28891505321677-0.45407090543498i
-46+0i,-49+0i,-3.63115729928154+3.07775428748978i
-46+0i,-48+0i,0.21154798948587-2.8953741448071i
-46+0i,-47+0i,5.21524066554055-2.50048310672831i
-46+0i,-46+0i,-4.12671206970712-1.31665752397991i
-46+0i,-45+0i,-1.63509638559069-1.66591497533811i
-46+0i,-44+0i,4.95540617064369+0.34594543461171i
-46+0i,-43+0i,8.99371258083604+1.54018080290973i
-46+0i,-42+0i,3.92414974875608+1.08674788258037i
-46+0i,-41+0i,-6.01337014415123+4.93255801659249i
-46+0i,-40+0i,-7.03906971004554-2.53025683469567i
-46+0i,-39+0i,-5.1566778643429-9.11549839544727i
-46+0i,-38+0i,11.7134060133411-4.597670006971i
-46+0i,-37+0i,11.0162755463849-0.2739343110868i
-46+0i,-36+0i,0.32476608072997+7.00146974284231i
-46+0i,-35+0i,6.15575483185179+5.52292653071607i
-46+0i,-34+0i,-1.9671551002165-2.19145329285585i
-46+0i,-33+0i,1.03866979324597-5.14595778257984i
-46+0i,-32+0i,7.43895639994053-3.2081248378902i
-46+0i,-31+0i,-0.57472203386094-5.50759196756682i
-46+0i,-30+0i,2.77511509449086-7.49607366354031i
-46+0i,-29+0i,8.072631534443+8.5203368639287i
-46+0i,-28+0i,9.91851237237484+6.52015230933936i
-46+0i,-27+0i,2.75191509863881-2.54107209385244i
-46+0i,-26+0i,2.18802594605865+8.18515829463402i
-46+0i,-25+0i,5.16546952579253+2.04717488140445i
-46+0i,-24+0i,-5.14309399907493-3.19482028182328i
-46+0i,-23+0i,-5.4345275080641+4.7896242673213i
-46+0i,-22+0i,-2.01422341298569+6.55534010211902i
-46+0i,-21+0i,3.53700482482268-4.87843535361795i
-46+0i,-20+0i,3.92109490126909-8.54859727201503i
-46+0i,-19+0i,-1.53625002725557+6.87271695315211i
-46+0i,-18+0i,8.7440350143279+2.48026255843452i
-46+0i,-17+0i,10.690605837724+2.6128666444182i
-46+0i,-16+0i,-6.81942702030296+6.35011147434921i
-46+0i,-15+0i,-17.4629987306872-13.4281079034099i
-46+0i,-14+0i,-4.1759962414766-13.4109188130105i
-46+0i,-13+0i,13.2283241380885-0.1645436660722i
-46+0i,-12+0i,10.0827267709734+1.0252991454453i
-46+0i,-11+0i,-4.99532015203953-2.75450411848899i
-46+0i,-10+0i,-8.49247074663586-3.34274097832756i
-46+0i,-9+0i,-5.15596347124812+9.06174738282919i
-46+0i,-8+0i,-21.6049091793564+16.2856674999993i
-46+0i,-7+0i,-30.0350712654865-8.9570347690488i
-46+0i,-6+0i,-0.2042811855669-20.1935568327261i
-46+0i,-5+0i,25.1281886636345+9.064328275517i
-46+0i,-4+0i,10.1662837594759+2.9757796973597i
-46+0i,-3+0i,-0.58838740258244-7.6973135672471i
-46+0i,-2+0i,17.4540379894312+24.0249217165357i
-46+0i,-1+0i,8.2375068909681+15.6150132483233i
-46+0i,0+0i,-8.86288010930622-6.45573873158041i
-46+0i,1+0i,15.4756735528335-7.1611778502946i
-46+0i,2+0i,16.5644687921922-21.3433842228724i
-46+0i,3+0i,-8.35239824145792+5.70654816876995i
-46+0i,4+0i,-0.3125847831102+27.4530794808625i
-46+0i,5+0i,-6.4438993956317-10.2760245758209i
-46+0i,6+0i,-35.5634159958557-11.7533820783119i
-46+0i,7+0i,-22.167476726614-3.755374426087i
-46+0i,8+0i,16.3333586341274-35.341721675105i
-46+0i,9+0i,21.601185731951-22.430346318779i
-46+0i,10+0i,5.1996320271541+22.7940121275447i
-46+0i,11+0i,-5.4946219809203+24.18052017587i
-46+0i,12+0i,-9.19657000343154+4.55821883453954i
-46+0i,13+0i,4.02026052367127-8.39637022581044i
-46+0i,14+0i,8.49446660496609-5.42837043113696i
-46+0i,15+0i,-7.89737138921457+5.97452779230551i
-46+0i,16+0i,-7.02825597774565-0.17731058316606i
-46+0i,17+0i,3.57609571852995-1.01888950319136i
-46+0i,18+0i,-3.30260795828648+1.20774136984118i
-46+0i,19+0i,-6.28033278160174+2.25110572812611i
-46+0i,20+0i,0.030022240058+11.9676355189605i
-46+0i,21+0i,-2.16046524327004+7.86595525044348i
-46+0i,22+0i,-2.62938126420942+0.44777644858128i
-46+0i,23+0i,-1.72686998159578-4.70833014143241i
-46+0i,24+0i,3.17565647816708-9.24051937862727i
-46+0i,25+0i,6.60348574625819+5.04919371749382i
-46+0i,26+0i,2.36490048825244+7.04184880851174i
-46+0i,27+0i,-3.875288286138-12.8206483940494i
-46+0i,28+0i,-4.4710680909957-7.19186703195861i
-46+0i,29+0i,14.734494099851+1.1038533192768i
-46+0i,30+0i,9.55597231630072+5.79643764059724i
-46+0i,31+0i,-6.2823753107183+16.0486304978571i
-46+0i,32+0i,-1.73846807675627-0.60131102430489i
-46+0i,33+0i,-5.2012661758611-6.16199742554039i
-46+0i,34+0i,5.70831345440584-3.16005347704878i
-46+0i,35+0i,12.5639822604212-5.2559483489455i
-46+0i,36+0i,0.11485529250374+3.21857134963354i
-46+0i,37+0i,-3.0302658495449+1.12175659794055i
-46+0i,38+0i,-4.2141515207352-3.91594870024819i
-46+0i,39+0i,-5.57415499198497-8.35704982616044i
-46+0i,40+0i,-1.48397596370547-3.03201150569514i
-46+0i,41+0i,1.88084876417049+3.64975858810716i
-46+0i,42+0i,7.14317160538579+0.87833428425446i
-46+0i,43+0i,9.98360818649875+0.02811041093988i
-46+0i,44+0i,2.68779766113722+1.41800451889415i
-46+0i,45+0i,3.26215835026504+6.15653500122939i
-46+0i,46+0i,-1.26927673020558-1.08138590475965i
-46+0i,47+0i,-3.34685753288974-3.44222258891146i
-46+0i,48+0i,4.27138038339177-0.1093475056162i
-46+0i,49+0i,-4.46924863413234-1.67356892665846i
-46+0i,50+0i,-5.39142702936042+4.84546333339341i
-45+0i,-49+0i,1.79850612431891+6.91892840957334i
-45+0i,-48+0i,-0.153923731276506+0.821406680250822i
-45+0i,-47+0i,3.44756123496663+1.0249780682256i
-45+0i,-46+0i,0.9289078602614+14.0387714660265i
-45+0i,-45+0i,3.34896167737522+0.70518670063743i
-45+0i,-44+0i,0.18565352520886-2.24481614537066i
-45+0i,-43+0i,-0.584641287586055-0.272905081111821i
-45+0i,-42+0i,1.5896300631307-8.64414088984597i
-45+0i,-41+0i,2.59574677804542-3.76717838840088i
-45+0i,-40+0i,-4.05846661389155-1.48084723344866i
-45+0i,-39+0i,-5.44824094988309+3.21343443965076i
-45+0i,-38+0i,7.23220509586754-3.55296252669397i
-45+0i,-37+0i,4.9714464415329-12.48724203778i
-45+0i,-36+0i,5.48021762134272-4.21147180648408i
-45+0i,-35+0i,10.0756902313076+0.2317185816302i
-45+0i,-34+0i,-2.05365444572603+1.49764174569872i
-45+0i,-33+0i,-2.93233392497434-0.86657426085128i
-45+0i,-32+0i,1.84308973229578-2.6340827360486i
-45+0i,-31+0i,-5.40323161111628-6.79930986236644i
-45+0i,-30+0i,-3.8202463003238-10.1218120337985i
-45+0i,-29+0i,2.41365857392643-2.32008888877526i
-45+0i,-28+0i,7.98466452720297-9.29729048119522i
-45+0i,-27+0i,10.3026877792037-12.7921901375227i
-45+0i,-26+0i,-0.52719817243836+3.99839283682863i
-45+0i,-25+0i,-6.64132387006523+5.41763855300418i
-45+0i,-24+0i,-1.61576900078093+3.98372480783122i
-45+0i,-23+0i,4.43070071218032+0.87158091601224i
-45+0i,-22+0i,-0.9541242574115-8.18071447346087i
-45+0i,-21+0i,-4.28883152047898-1.63582323960741i
-45+0i,-20+0i,3.53314206509223-2.02656999332248i
-45+0i,-19+0i,-1.90375190446492-0.9940321960407i
-45+0i,-18+0i,1.27140083348775+3.05500391590055i
-45+0i,-17+0i,10.7027856137849-9.4055159080487i
-45+0i,-16+0i,-4.56984947211137-3.56007655968766i
-45+0i,-15+0i,-9.49068637893017+7.68101178512576i
-45+0i,-14+0i,3.40294560574996-4.25263200673991i
-45+0i,-13+0i,11.4787063497893-13.3703528529151i
-45+0i,-12+0i,9.0288408520893-13.2408139759252i
-45+0i,-11+0i,-8.2044858948477-0.72425981190333i
-45+0i,-10+0i,-14.599984806711+13.5367082039859i
-45+0i,-9+0i,-5.88131227050338+7.88722474282352i
-45+0i,-8+0i,-0.74038898252631-2.64296801037722i
-45+0i,-7+0i,-19.9183882417498-12.4622766207721i
-45+0i,-6+0i,-32.6307050768698-6.871304240341i
-45+0i,-5+0i,10.058036023169+3.887403450618i
-45+0i,-4+0i,19.9328063649582+0.2861651970938i
-45+0i,-3+0i,-9.1593016104559+16.1774210397465i
-45+0i,-2+0i,-0.9853776193655+25.5934928818622i
-45+0i,-1+0i,-0.72968729448128-3.8243448604451i
-45+0i,0+0i,2.9398666136093-24.5238395392058i
-45+0i,1+0i,25.8703201115051-10.209828290028i
-45+0i,2+0i,20.4504515429191+6.9029209689089i
-45+0i,3+0i,11.6474516331703+16.5368240861395i
-45+0i,4+0i,13.4881160619749+24.3238780673892i
-45+0i,5+0i,-5.4365341668078+12.9554368538645i
-45+0i,6+0i,-31.6271054668012+1.3997589792198i
-45+0i,7+0i,-36.1944385620307-10.2198158394183i
-45+0i,8+0i,-10.0086017737443-36.67873671116i
-45+0i,9+0i,18.9452815767785-19.8352068051785i
-45+0i,10+0i,13.8048399554863+26.9846313880485i
-45+0i,11+0i,-7.3186666310688+15.5493233619463i
-45+0i,12+0i,-13.376647379225-8.2769375267991i
-45+0i,13+0i,-1.52398708945571-4.46261441632241i
-45+0i,14+0i,0.6244679465011-9.22719662026412i
-45+0i,15+0i,0.0943821797319-2.90977595882632i
-45+0i,16+0i,11.7388548060365-1.4755994209911i
-45+0i,17+0i,8.06099443348745-1.9055933821423i
-45+0i,18+0i,-0.46003986454981+8.11331060722951i
-45+0i,19+0i,-0.12244164941992+3.56191441808397i
-45+0i,20+0i,-0.62986501040071+8.29475254412503i
-45+0i,21+0i,-7.2489345796046+14.1820768545538i
-45+0i,22+0i,-12.9694093178695+5.6431871127774i
-45+0i,23+0i,-15.0609677669748-5.6160448205322i
-45+0i,24+0i,-1.9305466867988-13.3008327538851i
-45+0i,25+0i,18.2575137835278-12.5373682378339i
-45+0i,26+0i,8.72693231098641-2.83859376354803i
-45+0i,27+0i,5.48765328356332+6.28790511095852i
-45+0i,28+0i,0.63098775461723-1.26932693941622i
-45+0i,29+0i,-14.3001579067917-4.4291332941044i
-45+0i,30+0i,-0.33077377854428+4.95475520923904i
-45+0i,31+0i,0.42832957591478+5.58126047682697i
-45+0i,32+0i,-1.98987430279287-3.14268613970132i
-45+0i,33+0i,3.08848304952853-6.04983045147757i
-45+0i,34+0i,-0.54707778183322-1.93942074737025i
-45+0i,35+0i,9.59396979187553-1.85403693550701i
-45+0i,36+0i,0.064224589614244+0.2570790048128i
-45+0i,37+0i,-12.1268938737304-1.1841045884378i
-45+0i,38+0i,0.24511371679127-6.85835424888323i
-45+0i,39+0i,1.23862230179682+0.8916379589179i
-45+0i,40+0i,4.36463896821843+9.18254380951117i
-45+0i,41+0i,4.52150530112459+9.78356858015905i
-45+0i,42+0i,-6.84526553978094+8.65456263618598i
-45+0i,43+0i,-11.4734897649611+1.4363778791899i
-45+0i,44+0i,-6.21905284181106+0.90745121170588i
-45+0i,45+0i,3.77154661940178+2.30811124971261i
-45+0i,46+0i,-4.22796218330852-0.14606730421353i
-45+0i,47+0i,-2.60573865180078+0.74876816920959i
-45+0i,48+0i,4.56234093866454-4.64488788981686i
-45+0i,49+0i,-1.57048667470935-8.41389073837314i
-45+0i,50+0i,4.87915815890152-2.65476277474882i
-44+0i,-49+0i,2.884414250918+11.4359437165098i
-44+0i,-48+0i,0.516008183842808+0.325155306787803i
-44+0i,-47+0i,-3.44826209243034+7.59458039341542i
-44+0i,-46+0i,1.43132166757717+7.53215072304607i
-44+0i,-45+0i,-9.45409023977658-4.38438754416743i
-44+0i,-44+0i,4.7512587563574+4.0492321958174i
-44+0i,-43+0i,1.41313088800171-7.84218955270521i
-44+0i,-42+0i,-14.042269289986-5.2415506938803i
-44+0i,-41+0i,1.53242749418129+1.18577568865118i
-44+0i,-40+0i,1.34030967752199-6.21419467737912i
-44+0i,-39+0i,2.57518487384897-5.07189218017731i
-44+0i,-38+0i,2.83030225290608-0.3422228452996i
-44+0i,-37+0i,1.40231974362203+8.73468994561017i
-44+0i,-36+0i,-5.51235691510606-5.45896096849961i
-44+0i,-35+0i,-11.8333122765632-7.8072496694694i
-44+0i,-34+0i,6.47100943404456-0.54787525894678i
-44+0i,-33+0i,3.75861536047543-5.64098485743915i
-44+0i,-32+0i,5.06258992956998+3.94561597680641i
-44+0i,-31+0i,3.4267085152578+3.9285947566865i
-44+0i,-30+0i,-5.13444720132718+2.87868806128144i
-44+0i,-29+0i,6.9169702227377+3.10226220497736i
-44+0i,-28+0i,-4.83878348637877+0.69509953521077i
-44+0i,-27+0i,-13.4920737692177+3.446183999855i
-44+0i,-26+0i,-6.11485220484675+5.01156567531925i
-44+0i,-25+0i,-3.07720349793941+4.65392066088799i
-44+0i,-24+0i,-5.64271943927383-1.05728004469465i
-44+0i,-23+0i,-7.30299261512936-0.23610363128506i
-44+0i,-22+0i,-3.81844478053424-2.79477504872944i
-44+0i,-21+0i,-8.01989823955705-6.35752797246755i
-44+0i,-20+0i,6.22588837008748-2.32798704623058i
-44+0i,-19+0i,10.6051023281157+2.2206273781366i
-44+0i,-18+0i,-10.9793847615944-1.5520575920002i
-44+0i,-17+0i,-2.7369223215411-13.292924755096i
-44+0i,-16+0i,13.6010123915513-3.9946056609982i
-44+0i,-15+0i,9.89293767119127+1.99109259101114i
-44+0i,-14+0i,10.6170877480945-8.2069031996446i
-44+0i,-13+0i,8.91431183375818+0.48209600133423i
-44+0i,-12+0i,-8.26488504164778+9.41650945871972i
-44+0i,-11+0i,-11.9408190346556+6.2836028503948i
-44+0i,-10+0i,9.38501149334167-1.67951634801091i
-44+0i,-9+0i,6.5404160876189-16.5462851144873i
-44+0i,-8+0i,-22.85897880612-6.0959349969165i
-44+0i,-7+0i,-31.9220329530308+18.8396022309118i
-44+0i,-6+0i,-22.485436084374+1.3399406472844i
-44+0i,-5+0i,-5.0154007031653-33.7905316596907i
-44+0i,-4+0i,0.9939338568659-17.1080956930091i
-44+0i,-3+0i,8.25790569667+18.5968627064786i
-44+0i,-2+0i,25.4644606343304+6.6209073876901i
-44+0i,-1+0i,6.32046692200012+3.6015971203797i
-44+0i,0+0i,-6.4897190137351+27.7589494176679i
-44+0i,1+0i,1.0559977754133+18.2547546953159i
-44+0i,2+0i,-2.60358431481443-5.36454351496425i
-44+0i,3+0i,20.4513766866566-12.3603434792477i
-44+0i,4+0i,24.1483458257642+4.0365801625401i
-44+0i,5+0i,-7.8803056054936+16.1989969748591i
-44+0i,6+0i,-2.58938330322138-1.07129944116064i
-44+0i,7+0i,1.64425611152108+1.99185260255417i
-44+0i,8+0i,-13.9125762910561+3.2171828222733i
-44+0i,9+0i,-7.1560692936986-20.3017984294926i
-44+0i,10+0i,6.19792354175972-3.84805972122288i
-44+0i,11+0i,7.61556435782641+1.70522396599095i
-44+0i,12+0i,-2.82776951224339-9.44900243159551i
-44+0i,13+0i,3.6476983627082+14.3638200599961i
-44+0i,14+0i,12.2981779333067+10.1307835409469i
-44+0i,15+0i,2.31736723881292+1.85867283631165i
-44+0i,16+0i,0.34921551532508+3.99525669388449i
-44+0i,17+0i,-6.50037691462728-7.25656854466691i
-44+0i,18+0i,-11.80643098326-1.200749039162i
-44+0i,19+0i,-5.69117305499362-1.90961851191522i
-44+0i,20+0i,0.67390745068265-7.69946642251165i
-44+0i,21+0i,-0.05216451806988-5.1366773072296i
-44+0i,22+0i,0.51689104170494+1.23775363585734i
-44+0i,23+0i,4.63458680902383+7.25798968885235i
-44+0i,24+0i,-3.35619238172955-1.50924321057702i
-44+0i,25+0i,4.3305460097075-4.44152507531902i
-44+0i,26+0i,6.6769772595576+2.36766436204221i
-44+0i,27+0i,-14.6114004535357+1.2978760155823i
-44+0i,28+0i,-13.4850946274199+0.1604288219009i
-44+0i,29+0i,0.54533163792837-7.01252326177808i
-44+0i,30+0i,1.6326454730856-11.7944853898814i
-44+0i,31+0i,0.48200321941626+1.51164849734551i
-44+0i,32+0i,2.1327950132304+1.75904398814544i
-44+0i,33+0i,1.85893963441418+1.17445948071296i
-44+0i,34+0i,0.64808974221178+2.4824635550956i
-44+0i,35+0i,-2.71007633137482-1.56473401424503i
-44+0i,36+0i,-1.65895294624278+4.12981983682997i
-44+0i,37+0i,-1.9542861568519-5.31350781218356i
-44+0i,38+0i,0.711201144057723-0.843128926798556i
-44+0i,39+0i,3.40667152383722+7.25661010789584i
-44+0i,40+0i,-2.66880049410367+1.37619336161535i
-44+0i,41+0i,2.40591139855988+9.6556019313181i
-44+0i,42+0i,-6.25796116551765+6.21132611581737i
-44+0i,43+0i,-9.94453209092636+2.87754762891977i
-44+0i,44+0i,1.29351209781074-0.1076618060617i
-44+0i,45+0i,-1.49652024148125-0.11998687320553i
-44+0i,46+0i,9.59111181526004+4.57208999997134i
-44+0i,47+0i,4.12337237860908-2.27151698820509i
-44+0i,48+0i,-4.06102487091887+5.38896474284601i
-44+0i,49+0i,6.87532806910509-2.38950683203695i
-44+0i,50+0i,-0.55498963645603-4.67566338283811i
-43+0i,-49+0i,-8.33059481590045-0.80442575093851i
-43+0i,-48+0i,-7.33148266934028-7.963895332163i
-43+0i,-47+0i,-3.71923256447102-9.24038912401069i
-43+0i,-46+0i,-1.32959598695235+4.57843327229177i
-43+0i,-45+0i,-1.6899216402846+1.18507807106989i
-43+0i,-44+0i,5.23390370642187-5.14638394185113i
-43+0i,-43+0i,9.54941935617503-1.61781048875458i
-43+0i,-42+0i,8.38332752924008-0.84922104384611i
-43+0i,-41+0i,3.595693163268+10.5080873019225i
-43+0i,-40+0i,-8.1374186722315+14.5910713058067i
-43+0i,-39+0i,-5.78946118765355+4.42589836531539i
-43+0i,-38+0i,1.00591495460355+2.28892315135639i
-43+0i,-37+0i,-4.70123934382089+2.9092316516376i
-43+0i,-36+0i,-7.6092663719681+2.34406802760016i
-43+0i,-35+0i,-0.64771102420496+7.15223032897431i
-43+0i,-34+0i,3.23521464830566-0.10165751196697i
-43+0i,-33+0i,-6.83927170897555-9.65788539487523i
-43+0i,-32+0i,-3.34711918995318+0.79267881582255i
-43+0i,-31+0i,9.97223197191842+3.54364285511601i
-43+0i,-30+0i,13.3780245866624-1.390425570608i
-43+0i,-29+0i,10.272076138598+11.9037010902238i
-43+0i,-28+0i,1.944900361546+11.2838959801404i
-43+0i,-27+0i,0.66405301454662-6.26345309342396i
-43+0i,-26+0i,1.79030451469732+9.82607824408318i
-43+0i,-25+0i,-1.0269916754839+15.9434977538566i
-43+0i,-24+0i,-5.70961245695112+0.38995312807287i
-43+0i,-23+0i,-4.79328211398379+4.95403798201165i
-43+0i,-22+0i,0.59604767667866+3.25844474145493i
-43+0i,-21+0i,9.54431162229218+6.511240936436i
-43+0i,-20+0i,8.82095951905171+8.27097927393473i
-43+0i,-19+0i,-9.38302151948873+4.04517984874436i
-43+0i,-18+0i,-7.51598537032428+0.53270685326419i
-43+0i,-17+0i,3.1467670912423-15.7255766382671i
-43+0i,-16+0i,5.79093967599569-9.73019880358892i
-43+0i,-15+0i,10.8124966424378+3.8066251914434i
-43+0i,-14+0i,11.3623736576963+0.7197317657171i
-43+0i,-13+0i,5.86377317647471+1.29151977323385i
-43+0i,-12+0i,-0.60319284197326+6.30933010314926i
-43+0i,-11+0i,5.56755959102947-0.8985495612771i
-43+0i,-10+0i,9.2850684478063-15.2759708207505i
-43+0i,-9+0i,-12.7169417950657-6.6536619466653i
-43+0i,-8+0i,-26.1879518654382+8.5198499304382i
-43+0i,-7+0i,-6.21062147377829-3.04057680009317i
-43+0i,-6+0i,-2.8774844021327-18.4808821131231i
-43+0i,-5+0i,-11.2692506817763-21.3160577705623i
-43+0i,-4+0i,0.1499773542253-11.2125360628761i
-43+0i,-3+0i,6.2631698329671+12.7214077176991i
-43+0i,-2+0i,6.1034879085534+13.5688456307951i
-43+0i,-1+0i,-5.3744849743907+15.8010304169052i
-43+0i,0+0i,-13.2994495934744+20.5585794759576i
-43+0i,1+0i,-3.7993942005994-11.2136095094059i
-43+0i,2+0i,5.750293350681-11.4657167844927i
-43+0i,3+0i,11.8314737966804+11.669416348288i
-43+0i,4+0i,5.79029469266554+4.66658098824909i
-43+0i,5+0i,5.39381507758869-9.12186791754945i
-43+0i,6+0i,19.3131085859714-6.9687849842584i
-43+0i,7+0i,13.6210348521112+15.1524503670035i
-43+0i,8+0i,-8.59087448206577+5.91977773287234i
-43+0i,9+0i,-7.945673161038-23.6459989374476i
-43+0i,10+0i,1.11233031071978-1.13012870896049i
-43+0i,11+0i,-8.0899948538892+13.5889814726922i
-43+0i,12+0i,-3.0041194493387-10.7849638353237i
-43+0i,13+0i,17.3016891147142-8.6551551950431i
-43+0i,14+0i,9.81696242026286+1.88271499014767i
-43+0i,15+0i,3.03931050192518+8.95510134485877i
-43+0i,16+0i,4.3705456001345+6.13792542417423i
-43+0i,17+0i,-18.0301984698892-6.6085487468865i
-43+0i,18+0i,-8.30641947284527-1.44928023198507i
-43+0i,19+0i,6.2808671757899-13.415204461198i
-43+0i,20+0i,-3.5101564319523-14.8765042623661i
-43+0i,21+0i,14.2509128564626+1.7563386353479i
-43+0i,22+0i,12.5484640337454+0.3987915731608i
-43+0i,23+0i,-3.15320033726024+8.97122042823946i
-43+0i,24+0i,-1.99457672333756+9.91839251627786i
-43+0i,25+0i,-4.00558344514664+6.10767326861346i
-43+0i,26+0i,-6.41989199164322+7.21167440583506i
-43+0i,27+0i,-13.027503247999-4.5799884221309i
-43+0i,28+0i,-3.35169261303669-5.78775306795685i
-43+0i,29+0i,1.98046632751844-4.71421591075738i
-43+0i,30+0i,-3.51601477485847-3.29438656885015i
-43+0i,31+0i,3.02163132519204+0.96811627735712i
-43+0i,32+0i,-8.65230049802464-3.85848048116953i
-43+0i,33+0i,-3.60938643712112+2.09916152530992i
-43+0i,34+0i,6.47596123227753+0.46005720576064i
-43+0i,35+0i,-3.76629268444126-4.58694492343831i
-43+0i,36+0i,8.16325550280081-4.13216028458961i
-43+0i,37+0i,-2.99926910314392-7.87648552589089i
-43+0i,38+0i,-4.61299168846871+3.82637471618337i
-43+0i,39+0i,9.08413577410764+2.76238588558583i
-43+0i,40+0i,-9.05398569841752+0.91820050928281i
-43+0i,41+0i,2.46545620308184+3.13120973780168i
-43+0i,42+0i,5.7830432193122-5.20302554753637i
-43+0i,43+0i,-0.86498623244528+3.05347247114377i
-43+0i,44+0i,5.77662813234132+1.6652697152217i
-43+0i,45+0i,-5.78711286530359+0.66580614366147i
-43+0i,46+0i,0.54869399031069+5.90228792457192i
-43+0i,47+0i,3.81064018295088+0.14765682342052i
-43+0i,48+0i,-1.50353591218827+6.71418511839419i
-43+0i,49+0i,2.04629563337403+8.99968357252677i
-43+0i,50+0i,-4.25624759090549+0.74123090607118i
-42+0i,-49+0i,-4.93200132296437-8.40237236082291i
-42+0i,-48+0i,-13.4884038485744-7.5376667818032i
-42+0i,-47+0i,-2.8111422161099-5.88088172646032i
-42+0i,-46+0i,3.81628507525581+3.93365758584104i
-42+0i,-45+0i,10.0506914312073+2.107603531468i
-42+0i,-44+0i,2.53689455254034-2.81308595832299i
-42+0i,-43+0i,3.95895367365961+4.40569747495067i
-42+0i,-42+0i,0.28091024326389-1.21161122842172i
-42+0i,-41+0i,2.80481377485725+9.56878151827704i
-42+0i,-40+0i,7.49658652854642+7.68164407062134i
-42+0i,-39+0i,-5.90148571272336+7.61417840407656i
-42+0i,-38+0i,-5.7478358722414+13.8731491237514i
-42+0i,-37+0i,-2.34275068569829+0.16870696787742i
-42+0i,-36+0i,2.78453512554754-8.37802795850726i
-42+0i,-35+0i,-1.35918948730178-7.42849780197324i
-42+0i,-34+0i,5.28817906682658+1.88235086755458i
-42+0i,-33+0i,8.71507049554725+2.39012301865361i
-42+0i,-32+0i,-10.5705942323433+6.3058202682773i
-42+0i,-31+0i,1.34982013679014+9.20352820183227i
-42+0i,-30+0i,10.2245237612565-1.0149027681982i
-42+0i,-29+0i,3.6443840208955-5.36494962164457i
-42+0i,-28+0i,7.0648954229596-12.5998173026077i
-42+0i,-27+0i,6.93134515898118-9.0674370024649i
-42+0i,-26+0i,7.17652938854576+6.33478970677285i
-42+0i,-25+0i,5.04696836231672+2.05606605119331i
-42+0i,-24+0i,-0.06350299319115-2.48213106735065i
-42+0i,-23+0i,7.70968546638257+7.83474442956088i
-42+0i,-22+0i,21.4779087443892+7.9773871851305i
-42+0i,-21+0i,8.4446603497012+13.5558751882614i
-42+0i,-20+0i,-15.1965843343993+14.9811805515122i
-42+0i,-19+0i,-6.72409648768757-1.56849547646671i
-42+0i,-18+0i,5.85230621710283-8.35442480326094i
-42+0i,-17+0i,-3.2985436114427-11.7915667573287i
-42+0i,-16+0i,4.81774366818253-2.77743654443582i
-42+0i,-15+0i,13.9359288373664+6.5518524672726i
-42+0i,-14+0i,1.48700153441088-6.61024623251156i
-42+0i,-13+0i,11.3238643659031-7.7318921455932i
-42+0i,-12+0i,20.4491952357898-4.4694993354403i
-42+0i,-11+0i,-2.32464143527454-7.74625549744784i
-42+0i,-10+0i,4.5186539273119+7.67774435647511i
-42+0i,-9+0i,15.8854309235096+10.8512365448812i
-42+0i,-8+0i,-21.4561848201764-2.2743628377186i
-42+0i,-7+0i,-11.5728357137992-14.4018209415707i
-42+0i,-6+0i,10.6705057398804-22.9853025006369i
-42+0i,-5+0i,-24.5342532477156+2.8777234748489i
-42+0i,-4+0i,-13.5107612350327+10.1607430028281i
-42+0i,-3+0i,8.0165422305608-17.2296485782043i
-42+0i,-2+0i,-15.5373504927199-7.5488307434545i
-42+0i,-1+0i,-8.06640926556979+8.97954874788286i
-42+0i,0+0i,10.6070523992615-11.9027139287227i
-42+0i,1+0i,1.14869365870271-3.05746656355897i
-42+0i,2+0i,1.6693450495391+38.6724006568431i
-42+0i,3+0i,-0.6924714585687+16.6739673497124i
-42+0i,4+0i,-5.24284296349979-9.8928822918846i
-42+0i,5+0i,1.7276528692506+10.0717567948158i
-42+0i,6+0i,-12.8161327459858-2.2245105728283i
-42+0i,7+0i,-5.6750395418094-22.3002882932546i
-42+0i,8+0i,17.3688617712934-12.0491640969081i
-42+0i,9+0i,5.59919119955188+1.9017542276679i
-42+0i,10+0i,2.2664054436932+13.5826838664186i
-42+0i,11+0i,-1.94791863090195+5.54719464875176i
-42+0i,12+0i,-21.1211680688361-8.2641029321619i
-42+0i,13+0i,-1.81494356292849-0.65716561779897i
-42+0i,14+0i,10.3767660386823-9.9723638665586i
-42+0i,15+0i,-3.00458770805388-7.38927779368596i
-42+0i,16+0i,10.2808491272585+8.9063604863552i
-42+0i,17+0i,1.87532945101341-3.6277069958193i
-42+0i,18+0i,-1.30736849994784-2.89809440654338i
-42+0i,19+0i,12.6227576604816-7.500635781337i
-42+0i,20+0i,3.2165456408386-7.84735325733722i
-42+0i,21+0i,8.4547213824088+13.8289639941658i
-42+0i,22+0i,-0.8897131928648+16.5184106465373i
-42+0i,23+0i,-11.4877288345636+7.2898476801545i
-42+0i,24+0i,-13.1292659620045-5.544476807252i
-42+0i,25+0i,-10.9319807855031-16.9039061345921i
-42+0i,26+0i,12.4772103728175-19.7051694041761i
-42+0i,27+0i,13.6824661649121+5.7740555119633i
-42+0i,28+0i,12.0296351895205+17.9221809668706i
-42+0i,29+0i,-3.47061336477906-1.8192052145322i
-42+0i,30+0i,-18.5727290460219+0.8103402715494i
-42+0i,31+0i,3.06443759823257-1.88884410724888i
-42+0i,32+0i,6.56731259598928-8.51085305507867i
-42+0i,33+0i,2.71610261509479-1.37649582867746i
-42+0i,34+0i,1.55318024435853+0.90237793344862i
-42+0i,35+0i,-2.16005317042374-3.91876419040244i
-42+0i,36+0i,-1.63560604105676-6.49785735911378i
-42+0i,37+0i,-3.49855116739599+2.30170548314633i
-42+0i,38+0i,1.53321903585258-2.46461620941162i
-42+0i,39+0i,-2.59887082857681+3.38946548867403i
-42+0i,40+0i,-4.75769869458957+5.40769765561716i
-42+0i,41+0i,-0.1262719815667-11.2875734551816i
-42+0i,42+0i,2.64191203826502+0.84938393426358i
-42+0i,43+0i,-0.46957694120053-1.59919769686311i
-42+0i,44+0i,-9.26094256235037+0.94798892351779i
-42+0i,45+0i,-3.31709734867952+4.73934248645816i
-42+0i,46+0i,-11.1542212260533-9.6738391249786i
-42+0i,47+0i,-3.53013685128738+8.44241891397055i
-42+0i,48+0i,9.71284516070722+0.60187092711219i
-42+0i,49+0i,-6.53128671379678-1.15177504433568i
-42+0i,50+0i,0.80014624301278+9.60919836157871i
-41+0i,-49+0i,-6.11634292799535+4.16003121325338i
-41+0i,-48+0i,-1.54571266467396-5.62558897285806i
-41+0i,-47+0i,-5.19589823111347-5.79613073542403i
-41+0i,-46+0i,10.6431770880746+3.2216927748954i
-41+0i,-45+0i,1.53552747421957-5.3680103655714i
-41+0i,-44+0i,-13.9687820354653+7.9791925483691i
-41+0i,-43+0i,0.4052109679914+3.22446388481596i
-41+0i,-42+0i,-9.2251002849215-11.989336207544i
-41+0i,-41+0i,3.15857719752997-3.45772480995052i
-41+0i,-40+0i,5.96679400761025-3.40264799933317i
-41+0i,-39+0i,0.60809077825803-1.47574385680065i
-41+0i,-38+0i,10.9209812068229-9.8267514356595i
-41+0i,-37+0i,1.69771279092138+9.87924308176791i
-41+0i,-36+0i,12.1482703056577+13.5850402487003i
-41+0i,-35+0i,-7.539104255478-11.6134247177329i
-41+0i,-34+0i,-13.7740268956992+0.5852314254829i
-41+0i,-33+0i,5.84670131895926-6.02293659440957i
-41+0i,-32+0i,-0.53286861524914+6.04817748582393i
-41+0i,-31+0i,10.5646096035278+19.4621229416205i
-41+0i,-30+0i,-5.87056075928093+0.8375285277766i
-41+0i,-29+0i,-17.2871556324675+2.702561959975i
-41+0i,-28+0i,-7.95644760771321-4.38036400889784i
-41+0i,-27+0i,-8.955822587719-15.1881331613862i
-41+0i,-26+0i,1.5881322088149-11.8117664389314i
-41+0i,-25+0i,-2.11366175034472-4.28158700426357i
-41+0i,-24+0i,0.54421452966439-8.83248601986821i
-41+0i,-23+0i,9.6413470243579-10.0919560180243i
-41+0i,-22+0i,0.98555564079537+9.16353036093978i
-41+0i,-21+0i,4.9511904017377+17.0697707132926i
-41+0i,-20+0i,7.0354187204039+4.31579594540484i
-41+0i,-19+0i,-9.21447343732421-3.96990719788799i
-41+0i,-18+0i,-5.6486540170422+0.07370859995666i
-41+0i,-17+0i,3.15166253360603-3.46184153775466i
-41+0i,-16+0i,3.67681871575053+0.9138156165924i
-41+0i,-15+0i,11.3971717908658+3.9165126946526i
-41+0i,-14+0i,3.5225945873944-14.8749152732718i
-41+0i,-13+0i,-8.02476175941518-8.56644846411373i
-41+0i,-12+0i,9.203756623665+12.8745159095475i
-41+0i,-11+0i,23.4654353203696-4.9603334393772i
-41+0i,-10+0i,9.9688886794458-11.136209290445i
-41+0i,-9+0i,5.0619774874885+9.18749435432165i
-41+0i,-8+0i,-16.4836958326386-2.3472408515076i
-41+0i,-7+0i,-18.454751789277-14.4833052751295i
-41+0i,-6+0i,25.3820317205413-13.9386477132052i
-41+0i,-5+0i,-2.62429311335832-0.69560335959472i
-41+0i,-4+0i,-20.5549041609344+6.2223265128233i
-41+0i,-3+0i,16.3312889506577-19.2361574447374i
-41+0i,-2+0i,-4.64233260519163-8.00677760809781i
-41+0i,-1+0i,-12.1855317540596+13.0106103096173i
-41+0i,0+0i,2.2471975778992+8.5578197488568i
-41+0i,1+0i,-21.2108453368879+22.910954124667i
-41+0i,2+0i,-17.7898038447794+7.3576876185196i
-41+0i,3+0i,7.132206970446-25.7262343032694i
-41+0i,4+0i,9.36170628805259+2.77605180980714i
-41+0i,5+0i,-3.1319924679112+31.561433709946i
-41+0i,6+0i,-9.80933782237236+3.90834607931633i
-41+0i,7+0i,3.4918785079158-16.415058749114i
-41+0i,8+0i,2.57441797938685+4.80351115293594i
-41+0i,9+0i,-0.16268036065318+6.34772033314501i
-41+0i,10+0i,11.5447603771994-7.7689742627659i
-41+0i,11+0i,0.5936912190191+16.929077313024i
-41+0i,12+0i,-16.1751666596259+17.6024992740145i
-41+0i,13+0i,-9.18592612658193-2.23006018935999i
-41+0i,14+0i,-0.51594117518685+1.12529588964663i
-41+0i,15+0i,-2.18478753925542-3.74882216916145i
-41+0i,16+0i,10.9421045837255-2.4209632794358i
-41+0i,17+0i,3.87826489569246-1.12460767236372i
-41+0i,18+0i,-9.50320089755233-3.01277742455515i
-41+0i,19+0i,10.0354898807148-0.6434840837898i
-41+0i,20+0i,7.74534594313262-3.61323832693163i
-41+0i,21+0i,3.05438197191229+4.01933283062072i
-41+0i,22+0i,8.950871503968+10.5560850236249i
-41+0i,23+0i,-4.95641397793583-2.21228758273572i
-41+0i,24+0i,-11.0302937350342-12.5834783912528i
-41+0i,25+0i,4.2813803405149-14.3296675502898i
-41+0i,26+0i,11.5132409105173-8.176750591705i
-41+0i,27+0i,2.8707348523169+11.9140361469563i
-41+0i,28+0i,0.51212695708308+6.87027061005296i
-41+0i,29+0i,-0.67743806562164-2.58556390269707i
-41+0i,30+0i,2.45461223888695-2.14310562914068i
-41+0i,31+0i,4.131048315503-11.6572349804253i
-41+0i,32+0i,1.10891422542475+0.24438172792449i
-41+0i,33+0i,2.93917990303477-2.7430483993382i
-41+0i,34+0i,-1.72598307190976-9.31903669203155i
-41+0i,35+0i,-1.52507667377275+0.22819859622474i
-41+0i,36+0i,1.08734667345811-6.84701857535726i
-41+0i,37+0i,-0.25878604452649+1.06233315143694i
-41+0i,38+0i,2.17483615888097+2.65848648204067i
-41+0i,39+0i,1.05082200528202-3.48579409397828i
-41+0i,40+0i,-3.40372671024686+6.28480987480685i
-41+0i,41+0i,-4.59434705025044+1.25700428248572i
-41+0i,42+0i,-3.62186705562607-0.47548412092919i
-41+0i,43+0i,-2.32252101396751+2.50755154657884i
-41+0i,44+0i,0.55274423118926-3.32096256736189i
-41+0i,45+0i,-4.55371600518474-1.84804356336165i
-41+0i,46+0i,-10.1545174178535+0.0877369147741i
-41+0i,47+0i,-5.80303312213078+2.08147137019999i
-41+0i,48+0i,-2.61348024207083+6.06689562691397i
-41+0i,49+0i,3.11664470940083+2.10460527966412i
-41+0i,50+0i,-1.69758938337341-0.74853349223232i
-40+0i,-49+0i,-5.30373537146842+1.91738060162429i
-40+0i,-48+0i,0.0446927029431-11.1626838615937i
-40+0i,-47+0i,-2.1286147946036-10.8732968132546i
-40+0i,-46+0i,0.88964692493304+3.42942862790609i
-40+0i,-45+0i,-0.79622129445915-6.21652199153021i
-40+0i,-44+0i,-8.66629330742654-0.86881753153799i
-40+0i,-43+0i,1.25981809459202-2.35852432083513i
-40+0i,-42+0i,-0.653249860433-10.0495428748605i
-40+0i,-41+0i,6.05545130359258+2.45426274877912i
-40+0i,-40+0i,-5.21881626401678-3.07841952163083i
-40+0i,-39+0i,-14.1703424031285+1.8439999785593i
-40+0i,-38+0i,12.9570684610057+1.5558199217532i
-40+0i,-37+0i,1.95943918777389-3.92285295664825i
-40+0i,-36+0i,0.6248325378237+6.48884292928842i
-40+0i,-35+0i,0.85670294630934+8.15003098290303i
-40+0i,-34+0i,-13.1278785054928+5.949501023364i
-40+0i,-33+0i,-9.06845710968258-7.81199175982504i
-40+0i,-32+0i,-18.9100975036715+3.8601500990821i
-40+0i,-31+0i,-5.70139612763274+7.72658194666636i
-40+0i,-30+0i,9.0324165410596-10.0497626255741i
-40+0i,-29+0i,-1.55813390192346+8.18518205160149i
-40+0i,-28+0i,-7.6309992562474+13.1519002326918i
-40+0i,-27+0i,-3.15289116672548-2.84394318763454i
-40+0i,-26+0i,4.29843650672255-6.28658847539136i
-40+0i,-25+0i,-5.1758049783335-4.67482454233105i
-40+0i,-24+0i,-11.0225125472476+6.5152919277991i
-40+0i,-23+0i,-2.1836338620057+19.8969191315623i
-40+0i,-22+0i,-5.1451924704134+1.26554651401022i
-40+0i,-21+0i,-2.05837922226-5.13185740935466i
-40+0i,-20+0i,11.1978235492119+16.5141505943836i
-40+0i,-19+0i,-6.4986107019927+9.03073216304465i
-40+0i,-18+0i,-11.354675490781+8.2855158931376i
-40+0i,-17+0i,0.5753717993513+10.5119069551235i
-40+0i,-16+0i,-9.11599146531258-5.15888492707736i
-40+0i,-15+0i,-6.16021374451467-3.84908602146563i
-40+0i,-14+0i,-1.51119320492061-0.87069299056637i
-40+0i,-13+0i,2.99964891737585-4.4594620114724i
-40+0i,-12+0i,17.4719893875588+0.7288881539117i
-40+0i,-11+0i,13.3548939398231-3.9697878554688i
-40+0i,-10+0i,-3.8703621667888-12.8445474181628i
-40+0i,-9+0i,-1.94488999827056-0.18597175781416i
-40+0i,-8+0i,-1.40370177566299+9.61861428568966i
-40+0i,-7+0i,-2.50592303689533-9.18240781671649i
-40+0i,-6+0i,17.8807348458564-33.5723409207356i
-40+0i,-5+0i,13.3094838191261-3.3962954358233i
-40+0i,-4+0i,1.9353811833433+22.7131562920741i
-40+0i,-3+0i,2.15398683024029-7.84300531213443i
-40+0i,-2+0i,-11.0766863739916-3.9835594937512i
-40+0i,-1+0i,-10.8833431578387+10.2788944262181i
-40+0i,0+0i,-8.10037728671103-1.633861840014i
-40+0i,1+0i,-13.5491141574072-3.6805433916346i
-40+0i,2+0i,0.13595345923851-8.50156561030757i
-40+0i,3+0i,7.70020745255649-1.59956239105659i
-40+0i,4+0i,2.7506204132193+13.2799641885626i
-40+0i,5+0i,11.6078954173956+4.3179416843271i
-40+0i,6+0i,9.2098509916285+12.1257644019711i
-40+0i,7+0i,0.9970070380547+18.6992256527332i
-40+0i,8+0i,-12.1926347508898-4.3481576057652i
-40+0i,9+0i,-12.3397372043239+3.0492462162804i
-40+0i,10+0i,7.36273812014973+3.89550636374165i
-40+0i,11+0i,-1.68532701507159-0.84081079764076i
-40+0i,12+0i,4.92765334691652+8.44211022210382i
-40+0i,13+0i,13.1832073725062+1.1277956367233i
-40+0i,14+0i,-6.66724214434146+8.88473065802719i
-40+0i,15+0i,-7.39913400402361-0.26345701870337i
-40+0i,16+0i,8.92155274679355-5.78412883887578i
-40+0i,17+0i,14.2879575695588+7.142467561434i
-40+0i,18+0i,-3.87857660263259+1.81169734867476i
-40+0i,19+0i,-3.9555965058096+9.19759371776719i
-40+0i,20+0i,1.59751079086833-2.62544248348446i
-40+0i,21+0i,2.2592756285001-16.3696880489164i
-40+0i,22+0i,21.0789456380206+0.5907546608051i
-40+0i,23+0i,11.4211871344925-3.2977766813469i
-40+0i,24+0i,-5.35712022898354-0.06624533667186i
-40+0i,25+0i,-0.2497504248274+17.3142373004668i
-40+0i,26+0i,-5.22170912819191+0.07369400968151i
-40+0i,27+0i,-13.5274532962371-8.2459030130772i
-40+0i,28+0i,-6.25481879858887+1.30062504935775i
-40+0i,29+0i,1.4378391411135-10.670351144693i
-40+0i,30+0i,-1.31610652673926-7.75667698389127i
-40+0i,31+0i,11.6806884302105-0.7841348647045i
-40+0i,32+0i,10.6235062299968-10.0990669520304i
-40+0i,33+0i,-10.1503343478976+1.5661933077161i
-40+0i,34+0i,-0.39635617297488-1.37423357943525i
-40+0i,35+0i,1.4062325492278-15.5705235560432i
-40+0i,36+0i,4.42339971685376-5.68971775710628i
-40+0i,37+0i,10.0383748435703-4.4416340457976i
-40+0i,38+0i,-5.05009172670785+4.89496735682279i
-40+0i,39+0i,5.47190302994302+6.05564003487582i
-40+0i,40+0i,-2.99200386765207-2.75226433614857i
-40+0i,41+0i,-6.0068981494441+10.1169046774058i
-40+0i,42+0i,16.4412167970863+0.9843644593024i
-40+0i,43+0i,-2.49839735305792-6.58157579837883i
-40+0i,44+0i,-6.12234295817555+0.20296848162524i
-40+0i,45+0i,2.3008830278531-2.62789870527397i
-40+0i,46+0i,-4.92744232782869-1.20758758103482i
-40+0i,47+0i,-1.90152093546708+2.41869596672897i
-40+0i,48+0i,-6.7827772552137+10.6747525268679i
-40+0i,49+0i,-3.76360120785826+5.22270646714234i
-40+0i,50+0i,0.16127907689278-2.9430661168831i
-39+0i,-49+0i,-0.30282409018024+2.79790893843633i
-39+0i,-48+0i,6.90937499282084-2.32127274445069i
-39+0i,-47+0i,-3.56191466717376-1.88111174243695i
-39+0i,-46+0i,-10.6000753103702+4.340974172693i
-39+0i,-45+0i,2.061982361196-17.8582842476005i
-39+0i,-44+0i,-2.2113889932666-11.357200424854i
-39+0i,-43+0i,9.9475331411179+6.49766141403822i
-39+0i,-42+0i,-0.23471932708024-3.2158751304433i
-39+0i,-41+0i,-12.7805929277073+8.0992097878139i
-39+0i,-40+0i,0.74970061285468+1.51528159769926i
-39+0i,-39+0i,-3.14551353751049+0.34072421826263i
-39+0i,-38+0i,0.9436267865163+10.9740868671059i
-39+0i,-37+0i,-5.12813655688722+7.13059162852508i
-39+0i,-36+0i,-0.94876429283225-2.78058044489644i
-39+0i,-35+0i,-2.7756294930739-15.9721351236231i
-39+0i,-34+0i,-6.59865842730626+4.00510846043012i
-39+0i,-33+0i,7.1305807003397+10.3930080435612i
-39+0i,-32+0i,-11.7385160611363+10.8442463978909i
-39+0i,-31+0i,-11.7017855093409+2.101120693808i
-39+0i,-30+0i,-4.3124075879385-13.5234119715467i
-39+0i,-29+0i,5.52734205033415+8.83566757628875i
-39+0i,-28+0i,18.4616851963312+1.4862842276703i
-39+0i,-27+0i,-1.06430026539263-8.17529739257461i
-39+0i,-26+0i,-0.07797585101634+6.24165360902417i
-39+0i,-25+0i,10.6563230766196+9.5565825864259i
-39+0i,-24+0i,-0.49485935442225+7.00460323016429i
-39+0i,-23+0i,-5.7415323684311+10.7759926490017i
-39+0i,-22+0i,4.01804666971589+9.86830602534619i
-39+0i,-21+0i,1.5893353953422-4.57972734859092i
-39+0i,-20+0i,0.00820315125483+7.73437279708024i
-39+0i,-19+0i,2.197571781295+16.4330671710641i
-39+0i,-18+0i,-1.6658750789569+11.3107607690998i
-39+0i,-17+0i,1.7991125190336+11.9495349636056i
-39+0i,-16+0i,-8.56225708136729+3.29136265112589i
-39+0i,-15+0i,-9.03078630670093+3.12342997357088i
-39+0i,-14+0i,5.72862088122681+1.86779936030364i
-39+0i,-13+0i,11.3030215414968-0.2438168519395i
-39+0i,-12+0i,11.3945112378614+1.451803227182i
-39+0i,-11+0i,-5.33960214373487-7.61498862567084i
-39+0i,-10+0i,-9.36126741166862+0.15872025603754i
-39+0i,-9+0i,19.1078603964367+17.2927714522976i
-39+0i,-8+0i,15.063315055146+8.3575582712732i
-39+0i,-7+0i,-27.8923177179232-14.318791041172i
-39+0i,-6+0i,-22.6023947846751-24.7821445974785i
-39+0i,-5+0i,22.3201140205997+1.735479299177i
-39+0i,-4+0i,16.5385653322211+2.7688876240012i
-39+0i,-3+0i,-13.2890501667053-30.734971306789i
-39+0i,-2+0i,9.00673142514928-8.45360351472561i
-39+0i,-1+0i,16.4959831812434+7.8409794196122i
-39+0i,0+0i,-7.83253448621855-4.97373287360034i
-39+0i,1+0i,0.19776203742811+8.95005723949355i
-39+0i,2+0i,-5.3851950428625+11.4586051192995i
-39+0i,3+0i,-18.052164811388+0.4389077277182i
-39+0i,4+0i,9.31580063228919-1.86341654045519i
-39+0i,5+0i,13.7927313048032-8.8691233578978i
-39+0i,6+0i,-18.9017205911712+2.4799490951447i
-39+0i,7+0i,-5.25548331021487+3.09981706328788i
-39+0i,8+0i,9.9243438520427-18.9064548752977i
-39+0i,9+0i,-3.49538843677068+9.25510454770639i
-39+0i,10+0i,3.90294583750645+9.87935042021928i
-39+0i,11+0i,-1.6884573420784-13.7766521462159i
-39+0i,12+0i,5.73819135584819+4.65189151033242i
-39+0i,13+0i,9.26348827136845+1.55198268814405i
-39+0i,14+0i,-3.74407336070941+8.40830395549176i
-39+0i,15+0i,1.24824907257521+6.20503379190846i
-39+0i,16+0i,-2.45830951144343-7.2503324408262i
-39+0i,17+0i,6.04729380747793+6.15365366085378i
-39+0i,18+0i,6.74719976525489+1.69319467805578i
-39+0i,19+0i,0.73908891726509+2.04016379040089i
-39+0i,20+0i,-1.54598571720719+6.70942260175525i
-39+0i,21+0i,-5.35864286921314-1.28295425732538i
-39+0i,22+0i,9.26248429508724-2.83965196158247i
-39+0i,23+0i,5.46118382205267+3.25560695808911i
-39+0i,24+0i,1.47512589078166-1.67316652738628i
-39+0i,25+0i,-3.45155091859883-9.91797947486032i
-39+0i,26+0i,-8.96689490738547+0.4330438544103i
-39+0i,27+0i,6.97979414074231-1.81055416345313i
-39+0i,28+0i,-3.18153584664512-1.5159220871296i
-39+0i,29+0i,-2.39738566660884+6.68890421436402i
-39+0i,30+0i,7.23618881693225-4.0873691305764i
-39+0i,31+0i,2.37021578601009+3.11665289521128i
-39+0i,32+0i,18.7287848461499+5.6454725960217i
-39+0i,33+0i,0.89321927884918-4.91073196059732i
-39+0i,34+0i,-11.0824587025575+2.1540847093786i
-39+0i,35+0i,4.26846036652129-5.99462523249427i
-39+0i,36+0i,-8.1129429872969-5.66493375079679i
-39+0i,37+0i,4.18337326271615+3.21140848166674i
-39+0i,38+0i,3.08071819343464-1.58649256016644i
-39+0i,39+0i,-10.3072035836889+3.1030383071574i
-39+0i,40+0i,5.83383777022941-3.80649423477147i
-39+0i,41+0i,0.20112232514702-5.21639645855229i
-39+0i,42+0i,2.66828984498997+1.90120954698292i
-39+0i,43+0i,6.66847701626353-6.98028512518495i
-39+0i,44+0i,-3.87790157357103-6.30869905874051i
-39+0i,45+0i,2.36897577032735-4.65329392518417i
-39+0i,46+0i,0.37935998182648-4.76517319905134i
-39+0i,47+0i,-0.83769566026574+4.78625071274703i
-39+0i,48+0i,-1.52274199163757+2.85627857232929i
-39+0i,49+0i,-7.36790084899026-4.01278420831925i
-39+0i,50+0i,-2.23986199670512-1.86088023101418i
-38+0i,-49+0i,-1.55691168028419+6.53026647077815i
-38+0i,-48+0i,6.65751322939524+7.06342501858522i
-38+0i,-47+0i,4.34182893972881-5.56087170877483i
-38+0i,-46+0i,2.02401444748725+0.004920328068i
-38+0i,-45+0i,-1.59032726556441-9.67774857771822i
-38+0i,-44+0i,-6.96654704985755-0.57496064645636i
-38+0i,-43+0i,3.2735170508303+4.38026860471092i
-38+0i,-42+0i,-3.7691569060467-10.2485266726211i
-38+0i,-41+0i,0.5890859011459-1.61746862234173i
-38+0i,-40+0i,4.49774514778318+1.60363588777498i
-38+0i,-39+0i,-4.92988441696934+5.78053261323602i
-38+0i,-38+0i,7.81227420963692-2.21390366595563i
-38+0i,-37+0i,1.42490740183393-2.56469407581569i
-38+0i,-36+0i,7.09652854019032+2.8696384603637i
-38+0i,-35+0i,3.84249510641325-5.11314515749747i
-38+0i,-34+0i,-9.3034575942078+13.2531492163718i
-38+0i,-33+0i,2.83368048282516-7.08429495714879i
-38+0i,-32+0i,-4.17740745824717-6.78697611990039i
-38+0i,-31+0i,9.4134266105004+14.424653520676i
-38+0i,-30+0i,3.69550993990429-8.697352270914i
-38+0i,-29+0i,-17.6395316482218+11.9435619810302i
-38+0i,-28+0i,-3.6821778604171+12.9047654764496i
-38+0i,-27+0i,-1.2643170954304-17.1511653661198i
-38+0i,-26+0i,-4.7023192890079-10.826971854188i
-38+0i,-25+0i,-7.84511396156811+1.0451492821248i
-38+0i,-24+0i,-0.31520207065009-9.45289770920185i
-38+0i,-23+0i,10.7016392287347-21.5665602354515i
-38+0i,-22+0i,4.1833402545432-8.22326607010861i
-38+0i,-21+0i,2.32281087289983-2.36611286747908i
-38+0i,-20+0i,17.0674159759684+3.5055828657182i
-38+0i,-19+0i,11.0422727900988+8.1264506686089i
-38+0i,-18+0i,-6.00445883690767-0.09462491417953i
-38+0i,-17+0i,6.30862287653521+8.51754924455198i
-38+0i,-16+0i,12.9270678158034+14.4683493491911i
-38+0i,-15+0i,4.66092050795864+5.3263191719556i
-38+0i,-14+0i,-2.1985158543647+10.0154604857238i
-38+0i,-13+0i,-1.87585040881785+6.20190370880436i
-38+0i,-12+0i,-2.11646436300847-4.81474723020086i
-38+0i,-11+0i,5.17277049281415+5.32179104663891i
-38+0i,-10+0i,18.8766366816657+3.3695190818348i
-38+0i,-9+0i,6.62170837674954+4.92610754610623i
-38+0i,-8+0i,-15.4055121662319+13.1712504051444i
-38+0i,-7+0i,-28.549965600882+2.774564482233i
-38+0i,-6+0i,-16.3264135806138-18.1359904042228i
-38+0i,-5+0i,13.0202001062039-23.5428566866547i
-38+0i,-4+0i,22.1923265208019-14.8890509037536i
-38+0i,-3+0i,7.4154210265309-19.4861357714378i
-38+0i,-2+0i,12.9010325763681+7.5779437464131i
-38+0i,-1+0i,14.2823994416519+19.6326660846159i
-38+0i,0+0i,-22.9801843383347+1.3736699221447i
-38+0i,1+0i,-16.0322015184648+13.8061000186902i
-38+0i,2+0i,-1.89820642124459-5.48744603054388i
-38+0i,3+0i,-17.6714340098088-22.3718338559818i
-38+0i,4+0i,2.80057731040228+5.73415722916226i
-38+0i,5+0i,10.7345703548717+0.4047014234462i
-38+0i,6+0i,-9.3288434770944-14.5264710505901i
-38+0i,7+0i,-1.39023060960634-1.35960603124158i
-38+0i,8+0i,-2.64816279520656-3.91977641295438i
-38+0i,9+0i,-12.1490105447604-1.5612293560043i
-38+0i,10+0i,8.4092605374598+2.46638497716507i
-38+0i,11+0i,1.58268721742724-1.36816844001169i
-38+0i,12+0i,-10.770041368885+12.324951525122i
-38+0i,13+0i,-0.04338098384245+7.83609676009438i
-38+0i,14+0i,-2.57643119664706+6.51646596630533i
-38+0i,15+0i,-8.05958299665161+7.96330437419963i
-38+0i,16+0i,-9.53074131011091-6.18415264380778i
-38+0i,17+0i,-1.13413162154303-6.57370507064465i
-38+0i,18+0i,-4.16314633174316-2.02303545954262i
-38+0i,19+0i,2.63909142682915+6.37859545940368i
-38+0i,20+0i,11.4667946757299+8.8268774353877i
-38+0i,21+0i,-4.1306802743511+7.7083985007231i
-38+0i,22+0i,4.22909908587049+0.93093855757261i
-38+0i,23+0i,-5.90546447803962-8.12167153401301i
-38+0i,24+0i,-5.21064241643049-5.41587971785869i
-38+0i,25+0i,24.5277238489649-12.3664408279535i
-38+0i,26+0i,0.904315305762467-0.106674094201799i
-38+0i,27+0i,-6.3228614824719+12.2889958965234i
-38+0i,28+0i,0.88511201000061-3.28270061716329i
-38+0i,29+0i,-0.818541449897+3.22341633780906i
-38+0i,30+0i,24.4110835300602+4.3181022545551i
-38+0i,31+0i,11.0267347575613+2.9175290515233i
-38+0i,32+0i,-2.3644707227101+12.7097942391014i
-38+0i,33+0i,1.44850969367994+1.49824444189154i
-38+0i,34+0i,-5.22405348625475-3.20324222410515i
-38+0i,35+0i,2.82653546661719-8.59982053760574i
-38+0i,36+0i,-1.1056079793269-1.95653734289458i
-38+0i,37+0i,4.18801983307013+5.15210105539186i
-38+0i,38+0i,2.33341125588534-7.65772996090801i
-38+0i,39+0i,-1.59319985464475+0.93593892509069i
-38+0i,40+0i,8.58837906464904+3.98094195047194i
-38+0i,41+0i,-5.42624839398411+5.30320364588873i
-38+0i,42+0i,-3.97095413315109+1.15317608059516i
-38+0i,43+0i,-1.01002708856007-7.9464358294072i
-38+0i,44+0i,-0.357698599670387-0.405952825035338i
-38+0i,45+0i,8.91994193645573-6.17922126338084i
-38+0i,46+0i,-4.57795566760372-4.40137840642055i
-38+0i,47+0i,-10.9957929128735-1.6632729302142i
-38+0i,48+0i,-6.38616944682572-1.67440715057125i
-38+0i,49+0i,-1.45118322302302-1.32027037035738i
-38+0i,50+0i,-0.12284716588731-9.75276781743427i
-37+0i,-49+0i,8.1900983722151+10.8435410514872i
-37+0i,-48+0i,1.9276180800348-5.72746744392678i
-37+0i,-47+0i,1.36139373679248-8.84360809803407i
-37+0i,-46+0i,7.77083975903209+3.69995648557954i
-37+0i,-45+0i,5.20439569792925+2.77988425981515i
-37+0i,-44+0i,6.69247933440623-2.18078628204632i
-37+0i,-43+0i,-2.08702998738882-2.36515799985735i
-37+0i,-42+0i,-4.10728088333453-9.8252704391817i
-37+0i,-41+0i,-0.41998901860227-5.42243852852275i
-37+0i,-40+0i,1.6364322626265+7.26757036847438i
-37+0i,-39+0i,-3.01754001388594+0.80275450182724i
-37+0i,-38+0i,-3.18476998456376-6.64059736117383i
-37+0i,-37+0i,2.7595073384711-10.0330554747502i
-37+0i,-36+0i,9.33049838430474-8.61313218638991i
-37+0i,-35+0i,9.50483906834669-1.52967670257968i
-37+0i,-34+0i,-0.3342682145238+13.0418310625661i
-37+0i,-33+0i,2.92217990233309-0.76320063683305i
-37+0i,-32+0i,-11.9647820190105-11.5763819745399i
-37+0i,-31+0i,-15.0433511712851+7.0952616333462i
-37+0i,-30+0i,5.65890710790072-5.65903895679048i
-37+0i,-29+0i,2.47198020301858-3.84087669734813i
-37+0i,-28+0i,0.71175097301553+8.69152028528793i
-37+0i,-27+0i,-4.76512154835489+3.807093623022i
-37+0i,-26+0i,-16.903764099354+7.4718829167362i
-37+0i,-25+0i,-14.9284012565349-1.4546475356186i
-37+0i,-24+0i,-12.2052616918992-12.6918856209827i
-37+0i,-23+0i,-11.3952121619858-11.5684825278074i
-37+0i,-22+0i,-0.10557233404292-7.13155040350769i
-37+0i,-21+0i,3.559985453279-13.4302661837407i
-37+0i,-20+0i,-3.8193651793061-14.3533665920165i
-37+0i,-19+0i,-4.0669921220124+5.05857534651937i
-37+0i,-18+0i,1.83603458559603+2.54525372193159i
-37+0i,-17+0i,7.06153456349605-9.10691382856611i
-37+0i,-16+0i,2.87953122038132+7.44280569972613i
-37+0i,-15+0i,-5.9683985076401+13.0051093931082i
-37+0i,-14+0i,-6.69567616447522+2.89813537668783i
-37+0i,-13+0i,6.5665824071951-10.0661491210333i
-37+0i,-12+0i,14.400276231072-11.3385419792695i
-37+0i,-11+0i,16.8419614933062+5.5317193813234i
-37+0i,-10+0i,8.60520277372061+6.96516097963463i
-37+0i,-9+0i,-6.2541061094213+15.0762273367445i
-37+0i,-8+0i,-7.2725920722932+10.0928923455033i
-37+0i,-7+0i,-14.6454095170868-1.3286360516838i
-37+0i,-6+0i,-10.0128213405552-7.5714188953024i
-37+0i,-5+0i,8.5525337448896-28.9403508570776i
-37+0i,-4+0i,16.9411583226434-11.6618418336998i
-37+0i,-3+0i,4.05638576245741+9.87520147270045i
-37+0i,-2+0i,4.04219343586162+8.98992081201469i
-37+0i,-1+0i,4.70730257356772+1.76397103798121i
-37+0i,0+0i,-24.1216147784039-2.9009733677187i
-37+0i,1+0i,-5.69456439286278+0.50011703758174i
-37+0i,2+0i,3.5245647371706+1.88707891290583i
-37+0i,3+0i,-10.9659382229402+5.564993531548i
-37+0i,4+0i,4.29535657493543-5.94423985942602i
-37+0i,5+0i,6.16413056495442-2.37742763678696i
-37+0i,6+0i,5.81202189460358+0.65005514524228i
-37+0i,7+0i,-3.65283246485576+0.07800060430218i
-37+0i,8+0i,-13.5713120089835+7.8952668914586i
-37+0i,9+0i,-13.69432797289-5.073394228999i
-37+0i,10+0i,-7.26977828697005+0.24799934665701i
-37+0i,11+0i,2.0384454062598+3.09309462797106i
-37+0i,12+0i,3.62941606824306-1.08914706348386i
-37+0i,13+0i,7.0648700590316+12.529786293892i
-37+0i,14+0i,-6.4501154412717+19.6690671942411i
-37+0i,15+0i,-12.5657013117184+9.7492902667777i
-37+0i,16+0i,-6.48924203418626-8.07416633473439i
-37+0i,17+0i,-5.24074178327613+1.05232256142651i
-37+0i,18+0i,1.4552073156085+15.314833372901i
-37+0i,19+0i,3.36554349580798+4.23035865480745i
-37+0i,20+0i,-1.71946057785784+1.35889947075555i
-37+0i,21+0i,-1.86027450443388+6.46231750536124i
-37+0i,22+0i,9.97238144517523-5.89328677033973i
-37+0i,23+0i,5.08496812764774-1.84773079082322i
-37+0i,24+0i,-4.7756233121931+12.9777113204606i
-37+0i,25+0i,3.27329801860562+0.8066953905673i
-37+0i,26+0i,-4.06134679521829-7.51057437720581i
-37+0i,27+0i,-9.29099035898252-8.78228662508593i
-37+0i,28+0i,2.7020701375361-8.85548966901009i
-37+0i,29+0i,7.58605269321205-0.05229975321792i
-37+0i,30+0i,10.5038312987706+2.3079783552999i
-37+0i,31+0i,8.59174495177141+2.08934135890879i
-37+0i,32+0i,5.98066392445653-1.0974036658481i
-37+0i,33+0i,3.89570494486476-0.66619797685089i
-37+0i,34+0i,-1.27919957158313+0.59205621982158i
-37+0i,35+0i,9.0420451996731-10.2198547872104i
-37+0i,36+0i,9.14181409679214-7.26578725682501i
-37+0i,37+0i,-0.992554262100841+0.647429270927745i
-37+0i,38+0i,9.48577598782181+2.23207551983624i
-37+0i,39+0i,6.99362100354082+9.65420615969542i
-37+0i,40+0i,-3.3136455652747+10.0934033323464i
-37+0i,41+0i,4.39896049141095+6.02093469105481i
-37+0i,42+0i,-1.26768452650476+7.35930693036601i
-37+0i,43+0i,-3.771264730774+3.93434961130372i
-37+0i,44+0i,-6.06704249877417-8.70671408476001i
-37+0i,45+0i,-11.857965910127+2.7856650705654i
-37+0i,46+0i,7.29714765154898+1.95112648461179i
-37+0i,47+0i,-4.0125529281563-15.4028401835044i
-37+0i,48+0i,-13.5097195392741+2.2893154683022i
-37+0i,49+0i,0.56284355616009-5.21552954420727i
-37+0i,50+0i,-0.09958611049345-7.11682169673924i
-36+0i,-49+0i,1.65186362881963+5.97278926503971i
-36+0i,-48+0i,-2.25126427149832+5.25216544448181i
-36+0i,-47+0i,3.80609013850813+0.93342025246082i
-36+0i,-46+0i,-4.26683858662392-1.60572526725979i
-36+0i,-45+0i,1.06212014998232+0.13443173775303i
-36+0i,-44+0i,13.0123026914243-17.8967985879698i
-36+0i,-43+0i,-0.36944153196769-4.57493193056739i
-36+0i,-42+0i,-0.98133065588028+4.08731674113259i
-36+0i,-41+0i,-10.2513799397562-1.9175206287634i
-36+0i,-40+0i,-9.38316576246251+3.39015264252085i
-36+0i,-39+0i,-1.51745723010613-8.74412356937207i
-36+0i,-38+0i,4.88311783100741-9.90722234146763i
-36+0i,-37+0i,5.16292445898553-3.33394588982657i
-36+0i,-36+0i,-2.94093672771756+2.20444129407471i
-36+0i,-35+0i,3.6299863797379-10.2542366229362i
-36+0i,-34+0i,-1.24249360178811-3.58354698200216i
-36+0i,-33+0i,6.814718554496+10.7713682157622i
-36+0i,-32+0i,-0.124075004647705+0.470397844735946i
-36+0i,-31+0i,-16.7707200483079+10.8677828254122i
-36+0i,-30+0i,-4.73144957014356-5.5680252172745i
-36+0i,-29+0i,1.9553715741683-12.3082275353954i
-36+0i,-28+0i,7.79342875015136+0.77276422864655i
-36+0i,-27+0i,3.40309271060388-3.66572927588848i
-36+0i,-26+0i,-0.2773861952536+15.4465235929292i
-36+0i,-25+0i,-1.200884383569+28.6454064369437i
-36+0i,-24+0i,-6.7631318975735+17.4134653962161i
-36+0i,-23+0i,-10.8365104969394-3.3209813405237i
-36+0i,-22+0i,-14.5360776378407-3.6658823564913i
-36+0i,-21+0i,-10.1767673765964+2.4638096066347i
-36+0i,-20+0i,-6.52443968635218-8.90573551668113i
-36+0i,-19+0i,-5.81461098786646-3.04582476747066i
-36+0i,-18+0i,-10.2449440630388+3.4056868105882i
-36+0i,-17+0i,-5.53595666470782+0.04352180448279i
-36+0i,-16+0i,-0.49123947340845+6.43641492132758i
-36+0i,-15+0i,-10.1643676521558+2.3600594434262i
-36+0i,-14+0i,-3.2326049862047-2.65713927863439i
-36+0i,-13+0i,15.7144557227643-10.6444500488133i
-36+0i,-12+0i,7.5172594774959-19.429609690709i
-36+0i,-11+0i,2.1727692855212+9.60787858791385i
-36+0i,-10+0i,17.4937220405361+13.8675573416751i
-36+0i,-9+0i,8.27593530307275+2.29516560017925i
-36+0i,-8+0i,-3.8599608416837+15.7498988448962i
-36+0i,-7+0i,-6.42058386774554+2.38047874018019i
-36+0i,-6+0i,-13.0975486361753-6.2277335642376i
-36+0i,-5+0i,-3.97770260925652-2.09765996119482i
-36+0i,-4+0i,6.42572739331887-9.57616024879216i
-36+0i,-3+0i,-6.61604807630159-9.19692243191629i
-36+0i,-2+0i,-2.77522891743188-7.65215587519769i
-36+0i,-1+0i,13.5003179581465-11.2447851349471i
-36+0i,0+0i,0.78996839651144+3.27625173702449i
-36+0i,1+0i,-0.8543204814896+12.6633389413202i
-36+0i,2+0i,-9.15435588777407+6.76496263792084i
-36+0i,3+0i,-9.34627517656673+6.3407124701966i
-36+0i,4+0i,15.1478002647705-8.2762340141509i
-36+0i,5+0i,6.24576099976636-5.23701695072184i
-36+0i,6+0i,-4.13578569356128+0.12379370617658i
-36+0i,7+0i,0.81375602982696-4.45419068101283i
-36+0i,8+0i,8.28902261266519+3.12150454357514i
-36+0i,9+0i,3.56884788277397-5.1145418546266i
-36+0i,10+0i,-4.18330373438573-1.46898508407965i
-36+0i,11+0i,-1.9683490261488+5.27130956316264i
-36+0i,12+0i,-3.33171473962806+6.38546317836866i
-36+0i,13+0i,6.4490060719785+10.9025400303557i
-36+0i,14+0i,2.04214929702788-0.48550997743193i
-36+0i,15+0i,-6.03640551519653+1.54880490268833i
-36+0i,16+0i,2.4076764619417+10.4091743048799i
-36+0i,17+0i,-2.11795120876227+5.85889092104295i
-36+0i,18+0i,-0.46150744415142+9.49336039182969i
-36+0i,19+0i,7.58516169877934+5.41986090221797i
-36+0i,20+0i,-5.56386604712819-2.82067943021776i
-36+0i,21+0i,-7.364878873624+5.8528818558473i
-36+0i,22+0i,9.94863294547577+4.13253183077466i
-36+0i,23+0i,7.95422021490889+7.2258929673545i
-36+0i,24+0i,-8.67508327720276+7.96384635093493i
-36+0i,25+0i,-10.5995812364275-13.1915904376484i
-36+0i,26+0i,-8.7250471130131-17.3605480294914i
-36+0i,27+0i,-7.28015260121304-3.33808582416308i
-36+0i,28+0i,20.4549941713831-0.7717842176165i
-36+0i,29+0i,8.1056471849068-4.59443713607371i
-36+0i,30+0i,-17.2654017426282+9.4615914112675i
-36+0i,31+0i,6.16990906480748+1.41627008366596i
-36+0i,32+0i,2.3661526552911-10.6857980355883i
-36+0i,33+0i,11.3607033181307-3.0181449397274i
-36+0i,34+0i,14.6321181662113-9.5681056101151i
-36+0i,35+0i,-5.24732539601581+6.5263542740097i
-36+0i,36+0i,6.74147789301538+8.4656986287481i
-36+0i,37+0i,-6.13303888109949-0.71563179556438i
-36+0i,38+0i,-3.27637344039308+9.91534904569348i
-36+0i,39+0i,3.14716555797135-4.04134772780405i
-36+0i,40+0i,-4.77332769086433-0.21169943856089i
-36+0i,41+0i,15.3429253591775+3.2256835695326i
-36+0i,42+0i,-4.70002247999579-4.93591338738246i
-36+0i,43+0i,-9.43559017784722+9.12025667868356i
-36+0i,44+0i,9.96629890195821-1.12860165348054i
-36+0i,45+0i,-4.27238847601799-8.0332457669927i
-36+0i,46+0i,1.71400475489342+0.69863846921976i
-36+0i,47+0i,3.82263271384346-0.05996290244254i
-36+0i,48+0i,1.10024351141249-3.0391246623343i
-36+0i,49+0i,1.44474426776462-8.22507843748676i
-36+0i,50+0i,-1.90475409622249+2.19606321191306i
-35+0i,-49+0i,-2.44965308067228-3.00101183812835i
-35+0i,-48+0i,-8.860097098931+4.01881981722697i
-35+0i,-47+0i,0.97495402203328+8.95220255955751i
-35+0i,-46+0i,7.40090192672223+0.79569675055376i
-35+0i,-45+0i,-4.16004334810799-2.91917716990041i
-35+0i,-44+0i,-4.26060108296514-2.41795156896963i
-35+0i,-43+0i,-0.55777538672355-2.60885318466814i
-35+0i,-42+0i,-8.26403112588172-3.82977027022722i
-35+0i,-41+0i,-5.86417174194415-1.28373296841672i
-35+0i,-40+0i,1.02714259903074-9.39692953263924i
-35+0i,-39+0i,1.2802619174645-11.1627045593944i
-35+0i,-38+0i,10.8911099216143+1.5760939484232i
-35+0i,-37+0i,7.91131848233603+5.66783891024223i
-35+0i,-36+0i,3.28016303413894+9.95034758828751i
-35+0i,-35+0i,-1.71848713706584+1.22497138616711i
-35+0i,-34+0i,-14.6929712564842+4.9724905022359i
-35+0i,-33+0i,1.30827555011066+2.05774856641235i
-35+0i,-32+0i,1.9142446983387-12.647443062416i
-35+0i,-31+0i,0.84689999275572+4.74158874719489i
-35+0i,-30+0i,14.2281749835875+1.7127446220394i
-35+0i,-29+0i,0.45991329774249-1.20611578757452i
-35+0i,-28+0i,-12.9102478334571+1.1278474802641i
-35+0i,-27+0i,-2.38889744667425-2.38227292683194i
-35+0i,-26+0i,13.3620767007505+8.535779922616i
-35+0i,-25+0i,0.23595850098321+4.02511922564947i
-35+0i,-24+0i,-0.80590438726458+2.82392661872434i
-35+0i,-23+0i,9.33745630202705+3.14676300981088i
-35+0i,-22+0i,4.33942522239246-4.45451300144352i
-35+0i,-21+0i,4.62947911178758-1.5020789433738i
-35+0i,-20+0i,1.66453268954804+4.87763723793946i
-35+0i,-19+0i,6.97712577180416+3.44639402389308i
-35+0i,-18+0i,-0.33929943717398+6.41277435982282i
-35+0i,-17+0i,-15.4001713987691+11.0508069584457i
-35+0i,-16+0i,-4.8164008301036+12.5619307860594i
-35+0i,-15+0i,6.58257134173354+3.84486175553825i
-35+0i,-14+0i,-4.84098600606699-8.32388792057167i
-35+0i,-13+0i,-2.67927897264437+3.16848033331391i
-35+0i,-12+0i,5.46790730499183+0.32522870760884i
-35+0i,-11+0i,-4.7038218722861+3.18320425509729i
-35+0i,-10+0i,12.376417267057+1.7967283584138i
-35+0i,-9+0i,13.3746079915374-13.8128073071132i
-35+0i,-8+0i,-8.0170635811542+7.1109897467125i
-35+0i,-7+0i,0.84646620412481+9.74603732527522i
-35+0i,-6+0i,13.3539269181897+2.4509083040579i
-35+0i,-5+0i,0.47837484607627+1.40078829322393i
-35+0i,-4+0i,-12.2348522784057-3.2593294298506i
-35+0i,-3+0i,-3.33286981155679-2.15131424570501i
-35+0i,-2+0i,-4.4512314762323-12.8803770609735i
-35+0i,-1+0i,-1.21717185535348-9.72872228074403i
-35+0i,0+0i,-3.09459665506233+0.27563166990871i
-35+0i,1+0i,-7.47961865291872-6.92306449657407i
-35+0i,2+0i,7.9682702622983-6.43651639911261i
-35+0i,3+0i,6.05551321808181+8.76990494107896i
-35+0i,4+0i,-2.48836234033068+4.79415857720232i
-35+0i,5+0i,0.23009144379108+1.37895861388275i
-35+0i,6+0i,5.62498013182614-3.91468359414486i
-35+0i,7+0i,1.2117605124305-20.5058516066903i
-35+0i,8+0i,5.69513928977665-6.34417518598673i
-35+0i,9+0i,10.3833410722682-0.7310710579268i
-35+0i,10+0i,-1.78859736804897-3.22619735742636i
-35+0i,11+0i,-4.77445916785366+7.3424777017019i
-35+0i,12+0i,-11.1004197690995+4.9432494401424i
-35+0i,13+0i,-7.69402584011894-3.55255897473787i
-35+0i,14+0i,-1.6835475983049-13.1473274496406i
-35+0i,15+0i,-3.83284471352064-9.78661919517454i
-35+0i,16+0i,7.00608645697154-1.49231474220453i
-35+0i,17+0i,7.69621677540082+1.20901607230339i
-35+0i,18+0i,5.7441314112848+10.6273067308619i
-35+0i,19+0i,-2.277386323217+13.4930576747007i
-35+0i,20+0i,-11.5991411977392+8.7531512000931i
-35+0i,21+0i,4.23742447059896+0.41973175503827i
-35+0i,22+0i,3.41512580276783-4.48082336021961i
-35+0i,23+0i,-2.0864750509208+0.23694877698113i
-35+0i,24+0i,-3.10534150336514-1.02333470759287i
-35+0i,25+0i,-7.95457745836785+2.32935609071613i
-35+0i,26+0i,3.05311414965319-4.27070949848042i
-35+0i,27+0i,-5.70043908437733-5.51500505841381i
-35+0i,28+0i,1.1904597576782+14.0172645096917i
-35+0i,29+0i,5.891916263029+5.22651586139123i
-35+0i,30+0i,-14.9453730756871-1.7551916303767i
-35+0i,31+0i,-3.80083669817613-3.31480374205185i
-35+0i,32+0i,0.7154095545171-11.828555009514i
-35+0i,33+0i,10.2572489340233-5.7411030271008i
-35+0i,34+0i,16.1315649520044+4.5496486401477i
-35+0i,35+0i,0.99852444473271+7.56965263751226i
-35+0i,36+0i,0.17245632387476+3.92067245384313i
-35+0i,37+0i,-5.3948026085476+12.8482206482423i
-35+0i,38+0i,-5.49147893055792-0.0589228785341i
-35+0i,39+0i,1.21471999122285-7.48034410327629i
-35+0i,40+0i,1.98698130247748+8.21033788771157i
-35+0i,41+0i,-2.71320574584734-1.10216495938378i
-35+0i,42+0i,-0.56478048819328-2.84113173775009i
-35+0i,43+0i,2.69569726810653-1.58501112979368i
-35+0i,44+0i,-0.96082336132431+0.48319266515635i
-35+0i,45+0i,4.00294550456391+0.86560392599311i
-35+0i,46+0i,-0.64963039428593-8.67820225650555i
-35+0i,47+0i,-1.66923085018012-3.2027304111524i
-35+0i,48+0i,6.76721827189188-0.98226918810753i
-35+0i,49+0i,1.8331571110968+2.64546923141774i
-35+0i,50+0i,-0.70920576124316+4.85859862359878i
-34+0i,-49+0i,6.06979753141845+7.26274262648019i
-34+0i,-48+0i,7.86203392511395-0.24431020377107i
-34+0i,-47+0i,-10.3179809133865+3.2952097232562i
-34+0i,-46+0i,1.1547487415888+18.6809868002231i
-34+0i,-45+0i,7.42458222771502+6.18965814766634i
-34+0i,-44+0i,-1.89268186510942+1.70647604595605i
-34+0i,-43+0i,-2.2780139410214+1.47003008216814i
-34+0i,-42+0i,-13.0101277383812-2.2405241498656i
-34+0i,-41+0i,-7.46800317828952-8.71115924108156i
-34+0i,-40+0i,0.8835852380905-13.0563136980428i
-34+0i,-39+0i,8.15271072785465+2.32262932563764i
-34+0i,-38+0i,16.3321822193704+0.8352312780601i
-34+0i,-37+0i,-0.90891711196819-1.42685584923672i
-34+0i,-36+0i,-2.7574741289675+17.4733980892177i
-34+0i,-35+0i,2.69496735965396+0.4740260159439i
-34+0i,-34+0i,-8.7501346831809-15.3187782841736i
-34+0i,-33+0i,-0.45702237802993-3.57208762832915i
-34+0i,-32+0i,5.66634884365424-2.78467035250439i
-34+0i,-31+0i,6.6911498314819+2.36521229545705i
-34+0i,-30+0i,7.66591484445355-0.83922039895954i
-34+0i,-29+0i,5.69831703100546-4.61474859261987i
-34+0i,-28+0i,3.37823864860992+0.50425135586438i
-34+0i,-27+0i,-10.1797466487383+8.0446402616128i
-34+0i,-26+0i,-8.38830870787125+9.17075000902767i
-34+0i,-25+0i,-10.9851236855505-6.7448319106215i
-34+0i,-24+0i,-6.0927219746688-12.054665252219i
-34+0i,-23+0i,5.6409078405547-11.1191232281779i
-34+0i,-22+0i,7.85630771342571-4.17935656525687i
-34+0i,-21+0i,21.855109221015-5.0973650602732i
-34+0i,-20+0i,5.7570951777175-12.5293031983046i
-34+0i,-19+0i,-3.83804620558714+2.14151997308514i
-34+0i,-18+0i,6.0250559358265+11.8918199408873i
-34+0i,-17+0i,-5.94981407199281+3.62540689875005i
-34+0i,-16+0i,-5.41083895205703+3.19679436032026i
-34+0i,-15+0i,0.7992408654531+4.26456226937262i
-34+0i,-14+0i,-2.73839829257599-2.16732874359478i
-34+0i,-13+0i,5.52857862616528+6.28724333324062i
-34+0i,-12+0i,7.20878924914756+1.94708284612276i
-34+0i,-11+0i,1.36924844834023-4.24970092707277i
-34+0i,-10+0i,2.03484217930428-0.48938643930632i
-34+0i,-9+0i,-8.15218887255109-3.97115497436019i
-34+0i,-8+0i,2.37481538845963+4.54434882138372i
-34+0i,-7+0i,18.7780161382216-4.1211460089296i
-34+0i,-6+0i,17.2413481934155-9.5520123794602i
-34+0i,-5+0i,10.1964933016796+8.5109324680067i
-34+0i,-4+0i,-4.4012785562108+13.7012277518176i
-34+0i,-3+0i,0.697262764984913-0.289096311480787i
-34+0i,-2+0i,0.25592542609143-8.96440400206095i
-34+0i,-1+0i,-12.7440088688391-3.7451459371496i
-34+0i,0+0i,-14.570366056909-5.2843651239679i
-34+0i,1+0i,-2.45957520623968-7.18594619668454i
-34+0i,2+0i,3.67331458589549-0.56028748778149i
-34+0i,3+0i,-0.3983978037567+3.32154310512445i
-34+0i,4+0i,3.47520216429409-7.87129026353117i
-34+0i,5+0i,-2.09217107527607+6.30885766590619i
-34+0i,6+0i,-2.2283460010632+11.7925938244053i
-34+0i,7+0i,-6.193231173594-14.9876516459065i
-34+0i,8+0i,-2.26461841801014-7.79248591046472i
-34+0i,9+0i,3.14696266425334-8.11973947622042i
-34+0i,10+0i,-8.08711192958453-4.5262349374878i
-34+0i,11+0i,-1.04899128378991+6.2013019328116i
-34+0i,12+0i,-7.52518073883701-8.0129935027688i
-34+0i,13+0i,-8.9624439136295-10.199609490927i
-34+0i,14+0i,-7.50597818955074-7.26992541046432i
-34+0i,15+0i,-8.95998761141509-0.88006761287135i
-34+0i,16+0i,11.5542808277491-1.7687830728079i
-34+0i,17+0i,-0.41921202481268+3.66677461817763i
-34+0i,18+0i,-8.5410952879462+17.6971946844734i
-34+0i,19+0i,1.33573766259031+8.09856129608586i
-34+0i,20+0i,-10.4589442143198+0.813453715485i
-34+0i,21+0i,-3.08053828488755-1.88407626550021i
-34+0i,22+0i,12.3638271917935-7.4515881318451i
-34+0i,23+0i,9.22901640738603-0.11693755668317i
-34+0i,24+0i,0.1619648758586+15.0000597526855i
-34+0i,25+0i,-9.4396988483555+14.2462404965216i
-34+0i,26+0i,-10.6530952308018+0.7459317893636i
-34+0i,27+0i,-5.86334979925732+1.28247622384844i
-34+0i,28+0i,-0.4943926162647-5.61617034981693i
-34+0i,29+0i,-4.38534120154508-4.9802035156288i
-34+0i,30+0i,-3.10877404753595+7.06952432924359i
-34+0i,31+0i,3.6286934213753-11.5249239603044i
-34+0i,32+0i,6.43773116727502-9.68590159504048i
-34+0i,33+0i,15.3427267764244-1.944895353861i
-34+0i,34+0i,4.82123241782176+1.19221456565652i
-34+0i,35+0i,5.4516580685025+15.9035409362027i
-34+0i,36+0i,7.53947108155207-5.92843637750713i
-34+0i,37+0i,-10.0449059430077-2.9249990854007i
-34+0i,38+0i,4.0885855576073+11.0136608447825i
-34+0i,39+0i,11.1937197210691+3.3584681359018i
-34+0i,40+0i,-5.2933453968184+10.1052018167074i
-34+0i,41+0i,-4.29244751956687+4.59036856286008i
-34+0i,42+0i,5.79529905523117-1.78424269733923i
-34+0i,43+0i,-3.14942475370617-1.22369720799433i
-34+0i,44+0i,-7.91078777034573+0.00184216019311i
-34+0i,45+0i,-5.80395049584794-2.21513806735945i
-34+0i,46+0i,-7.98900276838467-2.75105714125518i
-34+0i,47+0i,4.7084637381535-2.93756244207164i
-34+0i,48+0i,3.19452409226547-5.47841401058583i
-34+0i,49+0i,0.72174717549353-4.65898611494928i
-34+0i,50+0i,1.75291355992848-3.09649836926975i
-33+0i,-49+0i,-0.35778048626323+6.95488169503195i
-33+0i,-48+0i,0.5917164717537+14.2290332512338i
-33+0i,-47+0i,1.22056736036166+5.51038824847919i
-33+0i,-46+0i,-5.38572842458256+7.72154457124863i
-33+0i,-45+0i,0.88374144183693+2.92951841664525i
-33+0i,-44+0i,0.71190660892806-7.38532473766482i
-33+0i,-43+0i,-3.41014514084073-0.79578359522061i
-33+0i,-42+0i,-1.90795952782612+0.17983306288046i
-33+0i,-41+0i,4.67083801686113-3.30976013492423i
-33+0i,-40+0i,-2.5338973870238-4.59030752151389i
-33+0i,-39+0i,-13.0345358378498-2.3481723274454i
-33+0i,-38+0i,9.89410086660739+2.474407161966i
-33+0i,-37+0i,11.7488797614175-7.5817974786326i
-33+0i,-36+0i,-11.9417326389764-3.5504981897256i
-33+0i,-35+0i,-2.43001387855254-0.41587620862019i
-33+0i,-34+0i,-2.0356576046733-17.4822776530982i
-33+0i,-33+0i,-1.48633812511167-6.96553966308061i
-33+0i,-32+0i,17.6324887993962+7.3738672976149i
-33+0i,-31+0i,9.56428120043846+4.75923697319692i
-33+0i,-30+0i,-4.52956803939579+3.37170828554927i
-33+0i,-29+0i,1.33188278709487+3.65228550314781i
-33+0i,-28+0i,-8.64459216827753-3.20907679035785i
-33+0i,-27+0i,-20.0271057258023-5.6523398877044i
-33+0i,-26+0i,5.92789042234723+2.86523983545124i
-33+0i,-25+0i,-4.31734261874672+5.83647650005904i
-33+0i,-24+0i,-18.2190284865836+10.0847163839031i
-33+0i,-23+0i,5.72353873433533+2.58428370428657i
-33+0i,-22+0i,-4.6732756343114-10.6768810899228i
-33+0i,-21+0i,-2.31140352260203-9.3783430532272i
-33+0i,-20+0i,7.25133355511126+1.35960351654401i
-33+0i,-19+0i,-9.42647357588358+1.87173007654609i
-33+0i,-18+0i,-9.99537744156854-4.88584392148621i
-33+0i,-17+0i,-8.09703651367852-3.83474947978428i
-33+0i,-16+0i,-5.26291094183585-0.82222139222i
-33+0i,-15+0i,12.9084753204517+5.63431810739i
-33+0i,-14+0i,2.46285911286812+0.94719770830453i
-33+0i,-13+0i,-9.57556083961107+2.75453164821572i
-33+0i,-12+0i,10.087410687523-4.3746300703023i
-33+0i,-11+0i,0.73937822921794-5.74101529380124i
-33+0i,-10+0i,-2.859950504125+13.7800174863214i
-33+0i,-9+0i,6.04285145524956-2.75162635488904i
-33+0i,-8+0i,2.53891059719156-0.53557451378176i
-33+0i,-7+0i,5.92671233534352+5.18168860833832i
-33+0i,-6+0i,4.63983187793167-5.11248119525631i
-33+0i,-5+0i,11.2497218593971+5.2536611731167i
-33+0i,-4+0i,0.10080969783285-5.38414336945802i
-33+0i,-3+0i,-2.46425717746217-7.58128311176436i
-33+0i,-2+0i,11.4234554558745-2.2990423603101i
-33+0i,-1+0i,-6.84387463960794-8.65769389453872i
-33+0i,0+0i,-4.35049933938107+4.02379036745272i
-33+0i,1+0i,7.04195363490813+0.68834416565599i
-33+0i,2+0i,-10.6359845494901-11.5362746828277i
-33+0i,3+0i,0.43451958367108-0.545049494468695i
-33+0i,4+0i,13.6149432295391-0.3259357206529i
-33+0i,5+0i,-4.48104136804269+8.2591065666153i
-33+0i,6+0i,-2.1445169573163+14.5073082887989i
-33+0i,7+0i,-3.99735055598895+0.89509327388494i
-33+0i,8+0i,-4.31224362672037+3.79068544086042i
-33+0i,9+0i,5.70023632505961-6.80481472955946i
-33+0i,10+0i,-8.76823436286637-9.54015177781543i
-33+0i,11+0i,-7.38379939426878+4.70391116823242i
-33+0i,12+0i,5.20475354226806-1.3662051296735i
-33+0i,13+0i,1.26941250337908-4.99233426283009i
-33+0i,14+0i,-9.4632501860755+4.8217921236548i
-33+0i,15+0i,-8.46423873467744+9.07557226097327i
-33+0i,16+0i,-4.94237799677769+3.41040210768287i
-33+0i,17+0i,-14.3152081623364+7.1737989134548i
-33+0i,18+0i,-8.93476824329476-2.36812251657617i
-33+0i,19+0i,2.52233216057893-9.33618694226958i
-33+0i,20+0i,2.72861510253396+1.76769803756467i
-33+0i,21+0i,10.4500002780678-3.713706979632i
-33+0i,22+0i,25.050255350033+6.4020914894937i
-33+0i,23+0i,13.9395024219806+18.4484127634298i
-33+0i,24+0i,-9.97813557961718+8.83118898708322i
-33+0i,25+0i,-9.56060362766548+5.32092374052295i
-33+0i,26+0i,-11.9387605795599-2.1891814299978i
-33+0i,27+0i,-14.9161499385661+2.0471062280279i
-33+0i,28+0i,10.404845401175+0.4735023726136i
-33+0i,29+0i,7.1612916594197-15.753147129423i
-33+0i,30+0i,-8.43720945247032+1.0161703472127i
-33+0i,31+0i,11.3715419493764+0.7273908239762i
-33+0i,32+0i,10.4062667927746-5.5192277558035i
-33+0i,33+0i,3.59600159919809+1.59401566641071i
-33+0i,34+0i,-0.00098652117057-5.55394489783469i
-33+0i,35+0i,-7.68377740441488+6.96241203776474i
-33+0i,36+0i,-0.16572408926938-2.25373614218035i
-33+0i,37+0i,1.38386189286929-6.21219524112569i
-33+0i,38+0i,-0.83940640972981+7.34948815744411i
-33+0i,39+0i,-1.22173489491125-3.85844323566851i
-33+0i,40+0i,4.59429162927137-4.50699070416372i
-33+0i,41+0i,-0.197046995523503+0.387566556500159i
-33+0i,42+0i,3.8909541451707+2.15368592234711i
-33+0i,43+0i,4.47176193478192-8.68393419240624i
-33+0i,44+0i,-8.46582804233776-1.51098574138578i
-33+0i,45+0i,9.46065060170187+6.28588180081318i
-33+0i,46+0i,1.00308084961077-6.96865904057316i
-33+0i,47+0i,-9.44182055675396+5.46889283344213i
-33+0i,48+0i,4.81888205956747+3.3855978986639i
-33+0i,49+0i,6.8386703995095-10.3313438523729i
-33+0i,50+0i,8.59596821129769-6.65655884653642i
-32+0i,-49+0i,-9.12322944032272-2.26861544712948i
-32+0i,-48+0i,-6.97018689525535+0.27273696560458i
-32+0i,-47+0i,5.30699096086693-0.64392083132265i
-32+0i,-46+0i,0.36478208409623-2.81548967616525i
-32+0i,-45+0i,-5.22783951638651-2.54703621602116i
-32+0i,-44+0i,4.2016335896972+4.2759978258688i
-32+0i,-43+0i,2.45699234077881-4.49362718968565i
-32+0i,-42+0i,-7.21695459071158-0.12785206227327i
-32+0i,-41+0i,5.09025399902112+4.14506223881239i
-32+0i,-40+0i,-0.85214953634987-9.73826294953082i
-32+0i,-39+0i,-7.15683161486192-4.73741389211799i
-32+0i,-38+0i,-1.34980783309352+9.7502000827085i
-32+0i,-37+0i,-4.04684792334346+2.69719701441134i
-32+0i,-36+0i,-4.7489263582485-18.8742145161434i
-32+0i,-35+0i,-1.94610833231706-4.44308674201238i
-32+0i,-34+0i,5.40057681977126+0.7292166265407i
-32+0i,-33+0i,-5.47440153770052-4.64668971920168i
-32+0i,-32+0i,-3.0258794919125+18.9236610588879i
-32+0i,-31+0i,13.8352794119932-5.6003732553338i
-32+0i,-30+0i,-4.8572160068423-16.8418805616119i
-32+0i,-29+0i,-6.5285053972335+20.0857594303317i
-32+0i,-28+0i,0.43714464561063+5.29260267711932i
-32+0i,-27+0i,-16.3796174261254-8.7304658974067i
-32+0i,-26+0i,-4.12131253046388+4.62178604057683i
-32+0i,-25+0i,0.389412592443597-0.715063746999068i
-32+0i,-24+0i,-7.71612538824999+1.22732217667467i
-32+0i,-23+0i,6.93076699859297+6.87095919119128i
-32+0i,-22+0i,4.5718787659698+1.45433048742588i
-32+0i,-21+0i,2.30862573932238-0.49042552113539i
-32+0i,-20+0i,5.49688616876765+7.33660779994078i
-32+0i,-19+0i,-9.47339519014742+3.34872932222628i
-32+0i,-18+0i,-8.24329107174139-1.08201445681957i
-32+0i,-17+0i,4.43205018439904+1.03739700682779i
-32+0i,-16+0i,1.20935033839554+0.99367988147275i
-32+0i,-15+0i,4.3093897030228+15.9445927660139i
-32+0i,-14+0i,-5.97585687942037+8.09072486495497i
-32+0i,-13+0i,-11.3040521987331+0.2330940955196i
-32+0i,-12+0i,3.67503700453314+7.00730922525434i
-32+0i,-11+0i,-7.22047925855225+2.08536332040997i
-32+0i,-10+0i,0.09994977646718+2.93878544041462i
-32+0i,-9+0i,-0.176078643066132+0.214042763939157i
-32+0i,-8+0i,-7.34779144573696+2.23790281112685i
-32+0i,-7+0i,5.67433628126124-1.48081106214848i
-32+0i,-6+0i,-4.58249198572423+3.14624104516492i
-32+0i,-5+0i,2.78798227558737+7.85244154778672i
-32+0i,-4+0i,4.18747730786032-6.32193320401837i
-32+0i,-3+0i,-5.7923849337363-12.2814147722405i
-32+0i,-2+0i,0.580272647172-15.3235186521225i
-32+0i,-1+0i,9.4561828747156-5.36451388826903i
-32+0i,0+0i,12.0347988016342-1.2171886162172i
-32+0i,1+0i,5.49328214848559-5.30161947924431i
-32+0i,2+0i,7.11657938929639-4.89395849096897i
-32+0i,3+0i,1.1016796877004+10.7109622479251i
-32+0i,4+0i,9.9448317316621+17.3434040485537i
-32+0i,5+0i,1.19519747830029+0.43587482371052i
-32+0i,6+0i,-15.4254632785091+9.5632927670374i
-32+0i,7+0i,5.46631827462712-3.97751455929841i
-32+0i,8+0i,-2.87325916915804-8.72961779794856i
-32+0i,9+0i,-5.204059516564+13.7060157105935i
-32+0i,10+0i,6.49830838045058-6.5857980590562i
-32+0i,11+0i,3.8957023225532-12.2069531154252i
-32+0i,12+0i,13.1954270705022-4.6082196993189i
-32+0i,13+0i,7.91327699278879-2.34368147254153i
-32+0i,14+0i,-6.1412285460312+15.3257798224878i
-32+0i,15+0i,-13.8690874837875+11.5804921415018i
-32+0i,16+0i,-12.7310886748616-9.2579302273239i
-32+0i,17+0i,-6.545394996021-16.2838802609792i
-32+0i,18+0i,-2.46138302785179-7.3801463728557i
-32+0i,19+0i,15.3675772559629+3.6986469653357i
-32+0i,20+0i,13.2546564378622+10.8239790517411i
-32+0i,21+0i,4.2823745526537+9.20289189583079i
-32+0i,22+0i,14.4971164526575-3.3771696650717i
-32+0i,23+0i,-0.2044337171649-2.27538274780459i
-32+0i,24+0i,-8.2096514994711+2.07433843295021i
-32+0i,25+0i,1.85915149890263+3.79448565027474i
-32+0i,26+0i,1.38173102311799+2.99228796523692i
-32+0i,27+0i,-2.32034394775261-7.50782928629186i
-32+0i,28+0i,-2.82579048389132+4.13624263352772i
-32+0i,29+0i,3.28092842756289+8.76599690804978i
-32+0i,30+0i,5.11652665241419-1.1113157803455i
-32+0i,31+0i,4.20877583684764-7.222333911231i
-32+0i,32+0i,-2.20546097397463-2.42835846713171i
-32+0i,33+0i,-2.0351657089996+10.5407638583086i
-32+0i,34+0i,-7.56180224886233-0.69488200899522i
-32+0i,35+0i,-11.2792084526968+0.1573759100828i
-32+0i,36+0i,1.02398727620073-6.58334245675155i
-32+0i,37+0i,-3.35576341996217-9.9287267844227i
-32+0i,38+0i,-1.77930445695192+6.02620509915495i
-32+0i,39+0i,-1.16666076416081-3.99064796494673i
-32+0i,40+0i,-1.915572630661-3.27592506547123i
-32+0i,41+0i,-3.34051781983017-2.42012725596654i
-32+0i,42+0i,0.01848258808235-4.14842769812734i
-32+0i,43+0i,15.2724249366351-5.5223878623457i
-32+0i,44+0i,0.83958333832926-8.12785751321157i
-32+0i,45+0i,-3.91617256884264+1.6547563417501i
-32+0i,46+0i,5.57194051883582-2.23140491617728i
-32+0i,47+0i,4.71108855825425-5.69108224831731i
-32+0i,48+0i,0.68259455252346+3.47580256942767i
-32+0i,49+0i,3.79266384507795+9.17220289080366i
-32+0i,50+0i,7.46856701218648+0.53575042559915i
-31+0i,-49+0i,-2.92371458253943-5.52866655956296i
-31+0i,-48+0i,4.58843677391286-6.671080709725i
-31+0i,-47+0i,5.42235288023893-0.53461367799373i
-31+0i,-46+0i,7.90371950695035+0.68782016860029i
-31+0i,-45+0i,-10.7576944218449+2.6888370419125i
-31+0i,-44+0i,3.9285219362231+21.5087884458258i
-31+0i,-43+0i,15.2169281015758-4.0280026766915i
-31+0i,-42+0i,-20.0498999502882-2.778193874715i
-31+0i,-41+0i,-8.64363880197963+6.87757845837152i
-31+0i,-40+0i,-1.30212316825943-6.87467228880652i
-31+0i,-39+0i,-6.19924792001917+4.27996355336193i
-31+0i,-38+0i,-1.42758346883885-1.75728286238349i
-31+0i,-37+0i,-0.7768396368716-5.83483955407958i
-31+0i,-36+0i,0.2593006853915-12.6569781873528i
-31+0i,-35+0i,-6.67109226735097+1.15562028826876i
-31+0i,-34+0i,14.0980326432193+11.0337984025234i
-31+0i,-33+0i,5.2529471069216-17.7016326020698i
-31+0i,-32+0i,-16.1962440649412+7.9602640035612i
-31+0i,-31+0i,12.2297183991242+17.4534994725656i
-31+0i,-30+0i,4.3930314047544-15.0072486752151i
-31+0i,-29+0i,-10.584994633987+2.1882123914673i
-31+0i,-28+0i,11.6754378185727+9.4194390846103i
-31+0i,-27+0i,-4.81310067699576-2.65557540484203i
-31+0i,-26+0i,-15.1408351721224+8.05002060165i
-31+0i,-25+0i,-6.85345673239178+2.53619189774411i
-31+0i,-24+0i,-20.3862612387424-6.0798263985712i
-31+0i,-23+0i,4.80614855262647-9.43896613670872i
-31+0i,-22+0i,14.3983573255442-10.5109347492663i
-31+0i,-21+0i,0.89378242330197+0.422977912160706i
-31+0i,-20+0i,14.5146045446796-3.9529766070833i
-31+0i,-19+0i,-1.27057388973288-1.42367718640369i
-31+0i,-18+0i,-3.09291389724967+2.28332542427406i
-31+0i,-17+0i,11.2218500102673-2.9433541206599i
-31+0i,-16+0i,0.56438036283114+4.93430794006387i
-31+0i,-15+0i,4.26905405356462+1.53038455614926i
-31+0i,-14+0i,3.31597230500692+7.66853861107559i
-31+0i,-13+0i,-1.9504833005138+20.9764221827264i
-31+0i,-12+0i,-1.66586699424448+8.35204189523716i
-31+0i,-11+0i,-2.36291545687955-0.24762421051587i
-31+0i,-10+0i,-4.18000642462482+2.72086714403135i
-31+0i,-9+0i,-18.1640199978218+11.1180777164641i
-31+0i,-8+0i,-5.51650609486953+0.16593024305728i
-31+0i,-7+0i,2.12228526388903-8.77454654076005i
-31+0i,-6+0i,1.5300434062864+11.1201907144526i
-31+0i,-5+0i,12.2893319325907-2.3995222142643i
-31+0i,-4+0i,-3.4453710079892+2.1964170993655i
-31+0i,-3+0i,4.63212412896253+9.4619742279051i
-31+0i,-2+0i,5.4792168467465-13.6804063577507i
-31+0i,-1+0i,-3.86780390644874+3.60583487447049i
-31+0i,0+0i,1.19827308875757+2.29789741718479i
-31+0i,1+0i,-2.39093616565077+4.35638796629849i
-31+0i,2+0i,14.6134954047785+8.399769321248i
-31+0i,3+0i,2.53933163402655-9.19732838287178i
-31+0i,4+0i,-4.51354280665413-0.22561746008573i
-31+0i,5+0i,4.35221769809232-3.15057970625798i
-31+0i,6+0i,-5.2928936136099-0.04451733806495i
-31+0i,7+0i,3.22551352491068+0.39829629730683i
-31+0i,8+0i,-5.98888612034747+0.33676713290862i
-31+0i,9+0i,-7.29183540888264+1.6068381815052i
-31+0i,10+0i,9.2324715783173-18.4028973884297i
-31+0i,11+0i,14.6863108528667-10.3845613484444i
-31+0i,12+0i,13.5234666838249-8.7154590296719i
-31+0i,13+0i,-3.75707551864876-7.92139335699615i
-31+0i,14+0i,-3.566996316926+11.901988214959i
-31+0i,15+0i,2.91204633400352+0.59216791189918i
-31+0i,16+0i,-6.6974898140517-9.90269251987935i
-31+0i,17+0i,-11.8326804741109-3.8017633465102i
-31+0i,18+0i,-9.75495421761926-0.01658488907341i
-31+0i,19+0i,13.7550631256573+3.4505115454723i
-31+0i,20+0i,11.0175588775804+6.3738964219436i
-31+0i,21+0i,-18.8616848278782+10.3504977208455i
-31+0i,22+0i,-6.12353281532659-7.82985389318157i
-31+0i,23+0i,0.701197281229-12.3442967778097i
-31+0i,24+0i,1.66927508308786-3.78270370687688i
-31+0i,25+0i,9.508314899341-10.991864184984i
-31+0i,26+0i,5.82038314286353+5.60714652342667i
-31+0i,27+0i,2.91446558095949+0.61311059941427i
-31+0i,28+0i,-5.24904106338713+1.36805386073294i
-31+0i,29+0i,9.4368838366625+12.7996259641348i
-31+0i,30+0i,7.13720546373133+1.3603614251289i
-31+0i,31+0i,2.1180114490318+11.4090456049852i
-31+0i,32+0i,2.36908597152756-0.63427218250842i
-31+0i,33+0i,-15.6180219075259+4.0477450597689i
-31+0i,34+0i,0.94943681749141+5.6444420464398i
-31+0i,35+0i,-4.40446785590461-9.20974700560131i
-31+0i,36+0i,-5.82379817290695+8.03855225630003i
-31+0i,37+0i,8.3397112384768-12.2686936654431i
-31+0i,38+0i,-8.13148542799358-1.66363599704162i
-31+0i,39+0i,5.9427470493089+19.1522724584106i
-31+0i,40+0i,4.34393784289796-4.65110926694406i
-31+0i,41+0i,-13.0338340618644+7.4762507890721i
-31+0i,42+0i,2.55334413776323+1.24502040139979i
-31+0i,43+0i,-0.2182401066812-12.0065287130491i
-31+0i,44+0i,-6.72964300577268-0.23318028714778i
-31+0i,45+0i,-3.6428718504946-10.4659393447616i
-31+0i,46+0i,-0.81984151826191-6.76379913718528i
-31+0i,47+0i,8.71994647748954-4.00129470561963i
-31+0i,48+0i,2.17190864941091-2.92037076813139i
-31+0i,49+0i,0.67702934446285+7.21905274272731i
-31+0i,50+0i,-0.85909315056553-4.40698423240113i
-30+0i,-49+0i,13.1816111586675-3.4240849227658i
-30+0i,-48+0i,-1.0079262059657-10.9713738913805i
-30+0i,-47+0i,3.15905415321587+8.56717066567454i
-30+0i,-46+0i,22.9466640609342+10.089424468248i
-30+0i,-45+0i,-7.96719072799354-0.0702332133459i
-30+0i,-44+0i,-12.311822910998+10.9786369137013i
-30+0i,-43+0i,2.61481186595193+0.74607915682553i
-30+0i,-42+0i,-5.83776673683222-6.97102483097074i
-30+0i,-41+0i,2.81063822097208+2.0719944974108i
-30+0i,-40+0i,-0.85416142323433+7.69605901973467i
-30+0i,-39+0i,-12.3489324897881-4.8817289526064i
-30+0i,-38+0i,-5.2745173851286-20.0630333409339i
-30+0i,-37+0i,14.3622696270784-2.9958628130533i
-30+0i,-36+0i,21.3210719882058-10.2195926307019i
-30+0i,-35+0i,-3.81901429756581-7.70728709105609i
-30+0i,-34+0i,-4.7310857592946+19.6912161095089i
-30+0i,-33+0i,13.6018107068685-6.039779042284i
-30+0i,-32+0i,8.78459042838358-9.17176210756534i
-30+0i,-31+0i,5.1013641013697+15.3230995166264i
-30+0i,-30+0i,1.53525956754998+2.35881512750988i
-30+0i,-29+0i,-8.12133786023313+6.16941444723172i
-30+0i,-28+0i,-3.16133149104128+2.91950923720291i
-30+0i,-27+0i,-9.2635775126081-15.7706152219636i
-30+0i,-26+0i,-13.5597846896949+6.5006766055991i
-30+0i,-25+0i,-3.2996060512217+10.1853203545159i
-30+0i,-24+0i,-13.5768749567725-6.2390976293585i
-30+0i,-23+0i,-6.45629291702435-5.14319664494114i
-30+0i,-22+0i,2.91781761250751-9.46037215433586i
-30+0i,-21+0i,-8.5966118654624-11.5227505569847i
-30+0i,-20+0i,-1.0627995637439-3.90755319078663i
-30+0i,-19+0i,1.77015922792377+0.91826092377237i
-30+0i,-18+0i,-8.33081127626114-7.85884932872189i
-30+0i,-17+0i,-3.34585654454216-6.56081957395764i
-30+0i,-16+0i,1.7209643752985-10.1012580736864i
-30+0i,-15+0i,5.92043156270516-9.42203061583973i
-30+0i,-14+0i,14.813510149015+9.978623468274i
-30+0i,-13+0i,0.542006784387762-0.887746656000542i
-30+0i,-12+0i,-1.80991645750943+2.37298577210344i
-30+0i,-11+0i,5.4444070756976+17.200469055551i
-30+0i,-10+0i,-8.4778516964206+2.37460163324407i
-30+0i,-9+0i,-4.88735378952694+0.08457732235216i
-30+0i,-8+0i,2.58308217768493+4.79608958064798i
-30+0i,-7+0i,2.40337651925764+4.77790104509848i
-30+0i,-6+0i,4.2766273789325+12.5329124581315i
-30+0i,-5+0i,-1.53158267259183+3.5575468120751i
-30+0i,-4+0i,-10.7623560205772-7.9530798128416i
-30+0i,-3+0i,-1.90794842659245+3.90424815464209i
-30+0i,-2+0i,8.6852858760894+5.81290780663829i
-30+0i,-1+0i,-3.63243876060148+5.50633314611183i
-30+0i,0+0i,-3.51967600538187+0.47736240988753i
-30+0i,1+0i,2.9152056968066-11.7972529870304i
-30+0i,2+0i,11.3313718655296+5.4293926352433i
-30+0i,3+0i,12.075021880087+10.866969938723i
-30+0i,4+0i,-8.68101711959662-5.07436965283736i
-30+0i,5+0i,3.64978656850336-2.1801102083266i
-30+0i,6+0i,11.7360001213677+3.8198102641964i
-30+0i,7+0i,-6.31364795334524+4.41049533064987i
-30+0i,8+0i,-0.77518361459145+9.83918946481943i
-30+0i,9+0i,-8.20480602922941+9.46703291159273i
-30+0i,10+0i,-16.8865152929051-10.910740628508i
-30+0i,11+0i,-3.6547936944243-20.8393550821994i
-30+0i,12+0i,4.58999465992691-4.17482840777594i
-30+0i,13+0i,8.1389414094087-4.60348045212298i
-30+0i,14+0i,1.43000070810741-6.16511165365511i
-30+0i,15+0i,-2.93975678335027+0.14217297446937i
-30+0i,16+0i,-9.21624663542238-2.65367248245956i
-30+0i,17+0i,-11.3872962055895+4.9521377213625i
-30+0i,18+0i,-7.28484264671431+5.47280659053408i
-30+0i,19+0i,-3.55878839819337-2.64327389336924i
-30+0i,20+0i,-3.47214293288854-7.25338496609887i
-30+0i,21+0i,-9.53668077877717+5.0778830380257i
-30+0i,22+0i,12.7227634084213+2.0950302178241i
-30+0i,23+0i,7.9269860979462-0.01541086331446i
-30+0i,24+0i,-1.9108820909626+14.0550599041947i
-30+0i,25+0i,1.9680135231485-15.6247422791544i
-30+0i,26+0i,-11.4663299433755-0.856599424715i
-30+0i,27+0i,7.2639951864938+10.3851418081231i
-30+0i,28+0i,4.49404821788176-4.57479869091684i
-30+0i,29+0i,10.2128397422016+16.5717117191865i
-30+0i,30+0i,12.5169971843319-2.450884900402i
-30+0i,31+0i,-9.14183067754018+6.75253385026384i
-30+0i,32+0i,6.18265751827373+9.29836411774619i
-30+0i,33+0i,-0.82704698497157-7.0691051333159i
-30+0i,34+0i,-2.48412274028185+3.68874218054805i
-30+0i,35+0i,0.03757673908813-9.44478371216666i
-30+0i,36+0i,-1.92397689173585+4.04926044423607i
-30+0i,37+0i,10.6442457379982+7.0622144771369i
-30+0i,38+0i,3.8558682823273-5.40009955697983i
-30+0i,39+0i,0.35817368133694+3.64752954962921i
-30+0i,40+0i,3.56990503850056+4.91305698463569i
-30+0i,41+0i,1.10259365689223+1.17255707371896i
-30+0i,42+0i,-8.03542989893043+2.03122328856859i
-30+0i,43+0i,-0.26035825112325+1.49657533896249i
-30+0i,44+0i,2.7864494765495-9.88721717508914i
-30+0i,45+0i,-0.28916769197189-1.73128574781612i
-30+0i,46+0i,8.70156206028363+0.51676662406225i
-30+0i,47+0i,-2.88032522915693-4.47522806770935i
-30+0i,48+0i,-2.18895461279199+5.8187995060512i
-30+0i,49+0i,-3.93477776809536-3.39206158414905i
-30+0i,50+0i,-5.79986459455352-4.5134727881133i
-29+0i,-49+0i,1.36289837034406+6.22486261767267i
-29+0i,-48+0i,7.29392785841916-9.57600650626292i
-29+0i,-47+0i,1.94502610743523-6.67009905542849i
-29+0i,-46+0i,4.34677908213795+7.84409541952869i
-29+0i,-45+0i,-1.25836885594586-1.64286530486577i
-29+0i,-44+0i,-3.10267926999542+1.69937999463424i
-29+0i,-43+0i,7.93198560185002-0.07932503597002i
-29+0i,-42+0i,-7.76494350094311-6.72617066945176i
-29+0i,-41+0i,-8.12303900267148+5.36948791419055i
-29+0i,-40+0i,3.5809656692677-10.9856221730438i
-29+0i,-39+0i,4.5866689246555-16.2260140200691i
-29+0i,-38+0i,12.9729834592483-10.467694678514i
-29+0i,-37+0i,0.1197470674714-1.36941775150554i
-29+0i,-36+0i,5.15250534034279+5.22300448463303i
-29+0i,-35+0i,9.0970382691348-13.1523319557349i
-29+0i,-34+0i,0.59972746869501+1.42796286834351i
-29+0i,-33+0i,11.1526186317499+5.9024450181321i
-29+0i,-32+0i,-0.05364728288968+2.22139743621699i
-29+0i,-31+0i,-4.47474401630156+7.83263213305101i
-29+0i,-30+0i,-1.2787176544594-14.9698445576709i
-29+0i,-29+0i,-7.75805879064357-6.50413628981612i
-29+0i,-28+0i,-0.72513695782572+3.59953754120555i
-29+0i,-27+0i,-1.49786945133347-5.22222008673309i
-29+0i,-26+0i,-5.70603216792893-0.19490017564592i
-29+0i,-25+0i,-0.646963995611762+0.494765650054716i
-29+0i,-24+0i,4.28174782460952+7.71829510801166i
-29+0i,-23+0i,-2.84713303874097+1.97162793748057i
-29+0i,-22+0i,-8.42979578494201-1.06842606911158i
-29+0i,-21+0i,-5.40371002648885+4.75744304785084i
-29+0i,-20+0i,-8.86717168096281-0.79213811877375i
-29+0i,-19+0i,-4.67433312418094+4.29068697161215i
-29+0i,-18+0i,-11.5792069533984-1.146456138745i
-29+0i,-17+0i,-3.75321776379173-6.09728431991916i
-29+0i,-16+0i,12.6394963671813-6.2973420198762i
-29+0i,-15+0i,-9.48506528718909-1.99116825952587i
-29+0i,-14+0i,-6.76641415862314+5.6151824692239i
-29+0i,-13+0i,-1.82165567473217-8.01671279521906i
-29+0i,-12+0i,-9.21456668974571-6.46012665357444i
-29+0i,-11+0i,3.15841344786906-1.65437484187708i
-29+0i,-10+0i,8.3387281293459-4.56408436328032i
-29+0i,-9+0i,7.0504588234272+7.65049204633583i
-29+0i,-8+0i,-3.57878333559154+7.736288849831i
-29+0i,-7+0i,-1.6523946278461-10.9985745797314i
-29+0i,-6+0i,0.6666029248964-5.15975397848189i
-29+0i,-5+0i,-11.2170874601233+15.9260773807577i
-29+0i,-4+0i,-10.3138216262879+6.0361663975447i
-29+0i,-3+0i,1.8140590920166-17.0071031664543i
-29+0i,-2+0i,2.4916956060552-21.8077386562836i
-29+0i,-1+0i,-0.37257692099128+6.25376398503326i
-29+0i,0+0i,16.1051533954843+8.0506187778537i
-29+0i,1+0i,0.32640033609167-3.7885471312719i
-29+0i,2+0i,-12.8566662275407+21.2539700148672i
-29+0i,3+0i,7.48192292534683+7.2445351086341i
-29+0i,4+0i,12.8907873572966-3.4067419926927i
-29+0i,5+0i,20.0687979160107+13.900055905491i
-29+0i,6+0i,-2.11218656039987+7.78496462485048i
-29+0i,7+0i,-20.7591971084487+5.9174322090469i
-29+0i,8+0i,-1.71793937754711+8.5599366055227i
-29+0i,9+0i,-10.9462962101092+14.334063466028i
-29+0i,10+0i,-15.6562577630778-1.4422808358627i
-29+0i,11+0i,0.0427947301422-19.2484179527676i
-29+0i,12+0i,5.0297496698322-5.03237793818196i
-29+0i,13+0i,6.39705106547109-3.43665274433211i
-29+0i,14+0i,4.34522369784339-0.17084786771539i
-29+0i,15+0i,-0.802569118974319-0.358886343087414i
-29+0i,16+0i,-9.24538567546213-0.36055955031484i
-29+0i,17+0i,-2.2646452321209+13.9804552337347i
-29+0i,18+0i,-4.70409385406685-0.00224497196923i
-29+0i,19+0i,-9.62173460658191-5.36897754222177i
-29+0i,20+0i,7.49662567114681-0.54359976229353i
-29+0i,21+0i,2.1137130757809+6.3154646334484i
-29+0i,22+0i,8.72943199371709+6.45691149728337i
-29+0i,23+0i,8.06607631707066-3.32562159281826i
-29+0i,24+0i,-6.7272369317051+19.3246890214325i
-29+0i,25+0i,3.49013250525875+6.77608246939718i
-29+0i,26+0i,-3.1876642624972-3.83858462256817i
-29+0i,27+0i,-2.99830007648327+7.80508009465348i
-29+0i,28+0i,2.76204000035358-5.88910123583394i
-29+0i,29+0i,2.24906370210098+4.77515870195173i
-29+0i,30+0i,2.72623556216057+4.56547306032057i
-29+0i,31+0i,2.0387907701557-10.7134369605233i
-29+0i,32+0i,0.40036782451098-8.80859072337535i
-29+0i,33+0i,2.46919950496025+3.73569754709686i
-29+0i,34+0i,10.769212396637-3.7648638797825i
-29+0i,35+0i,1.03370095462343-6.38308033000671i
-29+0i,36+0i,8.6118798407673+10.701328931675i
-29+0i,37+0i,3.81298819732059+0.93203333558869i
-29+0i,38+0i,-2.29847525555414+2.99434140355955i
-29+0i,39+0i,4.26325623200012+0.82646968380776i
-29+0i,40+0i,-9.10691445239395-0.76480877724496i
-29+0i,41+0i,3.92491066351454+0.43679206225802i
-29+0i,42+0i,-4.68400382416588-7.42103420080968i
-29+0i,43+0i,-1.45397654956788+1.79121304258218i
-29+0i,44+0i,15.7496088621966-5.9585967324588i
-29+0i,45+0i,0.01981097729556-2.90224748029542i
-29+0i,46+0i,7.14603074710496-0.82542412128163i
-29+0i,47+0i,5.17258317906611-0.46437551926719i
-29+0i,48+0i,1.2340072836636+11.6133535468566i
-29+0i,49+0i,0.008786016556789-0.931690963652252i
-29+0i,50+0i,-9.31781631906654-0.08967990949549i
-28+0i,-49+0i,-3.90373732417681-3.16462113503678i
-28+0i,-48+0i,6.67453536896098+9.37208895392895i
-28+0i,-47+0i,1.08872444473592+1.19589226805587i
-28+0i,-46+0i,-6.50107278192231+4.04096822176401i
-28+0i,-45+0i,1.80529250511341-4.10450567396009i
-28+0i,-44+0i,-5.74375346086459-3.55034966943443i
-28+0i,-43+0i,7.57792213975817+6.7023359639038i
-28+0i,-42+0i,-6.6377260580031-8.29823717925217i
-28+0i,-41+0i,-17.5188720497165-0.7941726454236i
-28+0i,-40+0i,6.10034152467759-9.90467594651086i
-28+0i,-39+0i,-0.24216742341387-7.02102019070053i
-28+0i,-38+0i,8.52709883182753+1.21103909639376i
-28+0i,-37+0i,5.2147698562456-15.7872286589507i
-28+0i,-36+0i,-7.11147122116185-1.14917804065594i
-28+0i,-35+0i,4.77135873493513+3.7910811761865i
-28+0i,-34+0i,6.37519064157604+2.97424317856034i
-28+0i,-33+0i,1.07515885176976-3.61972033220467i
-28+0i,-32+0i,-7.26951621817216-9.51309032654726i
-28+0i,-31+0i,-1.07437232398455+4.3445901968322i
-28+0i,-30+0i,5.58487196174374-7.9377608279557i
-28+0i,-29+0i,3.191426942544-8.3417927230426i
-28+0i,-28+0i,0.43053919222357-4.86067848757021i
-28+0i,-27+0i,-4.4289116529453-13.9467368184496i
-28+0i,-26+0i,9.89985136359559+6.46985476132651i
-28+0i,-25+0i,16.3415237697996+12.7906417533609i
-28+0i,-24+0i,-2.48027113740079+6.01261690226265i
-28+0i,-23+0i,-9.23796284288452+8.68472432231637i
-28+0i,-22+0i,-1.52650446999755-2.94564397358775i
-28+0i,-21+0i,-1.27524013046843-5.55852650470552i
-28+0i,-20+0i,-3.67749039429421+2.60592459453424i
-28+0i,-19+0i,-0.37481137880988+3.6693203383379i
-28+0i,-18+0i,-3.76953620972579-2.72123944174179i
-28+0i,-17+0i,-0.06774547795226-4.47309669165916i
-28+0i,-16+0i,11.0430225552984+1.6168941329113i
-28+0i,-15+0i,1.39765547431864-2.71537284497345i
-28+0i,-14+0i,-5.59792724824319+6.77505349704791i
-28+0i,-13+0i,-10.1836810825936+9.8838995032329i
-28+0i,-12+0i,-16.2066831333469-17.1284830372384i
-28+0i,-11+0i,4.4263642485973-15.7384618840844i
-28+0i,-10+0i,10.7046478059217+0.5001055274524i
-28+0i,-9+0i,-7.222805971166+3.36654086018006i
-28+0i,-8+0i,-5.2684944547846+1.01021997233976i
-28+0i,-7+0i,-0.6139416617458-13.0440239368432i
-28+0i,-6+0i,-4.02092984704633-6.2605452715842i
-28+0i,-5+0i,-2.51138835383244+4.91503869621433i
-28+0i,-4+0i,1.72642756835127-4.04603859013227i
-28+0i,-3+0i,2.3135852332673-13.9323928102275i
-28+0i,-2+0i,-11.4584751607698-9.5729703545948i
-28+0i,-1+0i,-2.2025762777893+12.0609584140497i
-28+0i,0+0i,-0.66750972740633+8.45665080421664i
-28+0i,1+0i,-34.864974359369+12.6196824705319i
-28+0i,2+0i,-8.87900441202457+9.35244514338982i
-28+0i,3+0i,21.1119148173932-27.7271493240022i
-28+0i,4+0i,-0.9483314600971-5.70809322108501i
-28+0i,5+0i,8.5154779660949+20.0228918821707i
-28+0i,6+0i,20.968838794742+11.4027764202154i
-28+0i,7+0i,-7.3979094533435+15.9046860604215i
-28+0i,8+0i,-14.8638759772984+6.8571754964351i
-28+0i,9+0i,5.29082926530606-1.3283672270277i
-28+0i,10+0i,0.17335615616849-1.61352207331311i
-28+0i,11+0i,-0.42167247610841-8.15560611227858i
-28+0i,12+0i,9.33274297180699-0.1696908443089i
-28+0i,13+0i,5.30686304660573+4.79931256375619i
-28+0i,14+0i,2.78560287810113-5.58040421309776i
-28+0i,15+0i,7.26668325752357+1.99199024788197i
-28+0i,16+0i,7.0693063917885+11.2098174953478i
-28+0i,17+0i,-12.5198587823252+9.6095657438046i
-28+0i,18+0i,-11.9055708262023+0.2811312329021i
-28+0i,19+0i,5.304270784406-11.3327270170366i
-28+0i,20+0i,3.30356838174511-2.02741036741763i
-28+0i,21+0i,-4.21672712241988+5.53058212121074i
-28+0i,22+0i,-6.23683303263204+1.89283044853983i
-28+0i,23+0i,1.66056165056238-1.69046342855483i
-28+0i,24+0i,8.1568063989978-0.37556381146553i
-28+0i,25+0i,6.57348707404716+3.59379700366427i
-28+0i,26+0i,1.72507092223796+8.13208606819366i
-28+0i,27+0i,-6.03784676453257+3.4462181103562i
-28+0i,28+0i,-3.87402399037892-1.7890433269822i
-28+0i,29+0i,9.13909248420182+1.32673533136513i
-28+0i,30+0i,-3.56219566731803-5.52517025795963i
-28+0i,31+0i,-5.26390501438275+4.14816000566271i
-28+0i,32+0i,6.6418316229016-0.92043702580799i
-28+0i,33+0i,-5.751919651855-14.7865458561943i
-28+0i,34+0i,8.28107231195386-0.21380187374168i
-28+0i,35+0i,8.28192190665932+3.50158938065495i
-28+0i,36+0i,-2.32391153593092+6.7245266357988i
-28+0i,37+0i,3.06598211178289+7.73920344643093i
-28+0i,38+0i,-6.88556443423516+4.55171453298572i
-28+0i,39+0i,-0.09015969930004-1.44653243959634i
-28+0i,40+0i,2.24775816471147-3.06284523472492i
-28+0i,41+0i,-4.21654373435955+4.00296373199011i
-28+0i,42+0i,-4.42840913531265-3.85922228934023i
-28+0i,43+0i,-1.78716070417645-7.53778384861811i
-28+0i,44+0i,1.67567111537007-2.18278518529823i
-28+0i,45+0i,3.68886109159292-0.1578760955742i
-28+0i,46+0i,10.8962522739716-1.3613789976263i
-28+0i,47+0i,6.1892413073564-1.08092211364415i
-28+0i,48+0i,-0.414157017004241+0.019695160230015i
-28+0i,49+0i,5.2013579687969+5.40126158032255i
-28+0i,50+0i,4.30826903271555-1.63358154769665i
-27+0i,-49+0i,9.91084357471835-1.37107757527089i
-27+0i,-48+0i,0.86851167140759+5.55186800580728i
-27+0i,-47+0i,-0.01143436597267+6.78130158965501i
-27+0i,-46+0i,1.6430507098807+10.7444899504065i
-27+0i,-45+0i,4.6874785715718+7.57159789075515i
-27+0i,-44+0i,-9.38128492612277-8.42968383550168i
-27+0i,-43+0i,-12.8737164015696-2.3120037315967i
-27+0i,-42+0i,-1.07880231201824-2.55818616300352i
-27+0i,-41+0i,6.1815825976501+5.63421832408651i
-27+0i,-40+0i,10.5220316429683+7.8319540666383i
-27+0i,-39+0i,-10.2289870410511-4.6139275239729i
-27+0i,-38+0i,-14.5235493294202-0.3156789545784i
-27+0i,-37+0i,8.90013779836242-4.79513229654473i
-27+0i,-36+0i,13.5498762944942-9.8419399936084i
-27+0i,-35+0i,-3.06890927015421+3.33537364393912i
-27+0i,-34+0i,-7.0655988511163+11.0782088186527i
-27+0i,-33+0i,-2.21071304508664-5.33762328013194i
-27+0i,-32+0i,4.60289111761437-8.91628104324872i
-27+0i,-31+0i,17.3385902211234-1.7990899550368i
-27+0i,-30+0i,6.97282975258298-5.27802762223763i
-27+0i,-29+0i,-1.37961057060057+0.82907778371319i
-27+0i,-28+0i,-3.48747048707806-1.95341468512967i
-27+0i,-27+0i,-2.39571790917477-8.22506721811672i
-27+0i,-26+0i,2.83682441767453+3.08677971803758i
-27+0i,-25+0i,-4.38023379984319+9.8276322360182i
-27+0i,-24+0i,5.62604761841446-2.81930025279535i
-27+0i,-23+0i,0.94965514628083-6.26771252316154i
-27+0i,-22+0i,-5.55893627067544-3.45765023460913i
-27+0i,-21+0i,4.7343762540906-13.6661144687697i
-27+0i,-20+0i,-6.40972668268474-4.27712707513119i
-27+0i,-19+0i,2.82463298341307+4.02866400818801i
-27+0i,-18+0i,4.01941164789894-1.81079267923805i
-27+0i,-17+0i,-10.3471799189328-1.3579145173161i
-27+0i,-16+0i,6.12758159075414-6.29399541093395i
-27+0i,-15+0i,12.0820311988623-3.1077547225646i
-27+0i,-14+0i,5.80002066936983-3.96330367381444i
-27+0i,-13+0i,-0.18404205401812-2.71693758217731i
-27+0i,-12+0i,-1.03255626315249+6.96804457463337i
-27+0i,-11+0i,-5.66704038314728+1.50566432355717i
-27+0i,-10+0i,-15.8514046460554+5.2532433129647i
-27+0i,-9+0i,0.80509514989361-4.60294905581492i
-27+0i,-8+0i,9.15316824737654-9.75717745178664i
-27+0i,-7+0i,4.4971623926532+16.0491405116894i
-27+0i,-6+0i,-5.8391950461762+7.32519066890151i
-27+0i,-5+0i,-18.8331872986872-13.7777518823809i
-27+0i,-4+0i,-11.5760113818165-10.0903956622943i
-27+0i,-3+0i,-19.1458305096355-5.3069235375194i
-27+0i,-2+0i,-8.1576554637524-17.2398162004515i
-27+0i,-1+0i,20.2219202812233-20.7089365799046i
-27+0i,0+0i,3.38426104377808+3.88169309424156i
-27+0i,1+0i,-5.11820453930854+8.77075649958883i
-27+0i,2+0i,0.18983967424407+7.93019965182521i
-27+0i,3+0i,-19.1448390782784+17.9812323314555i
-27+0i,4+0i,-26.0991222027464+7.6082817563063i
-27+0i,5+0i,1.76673577886927-0.59773180032968i
-27+0i,6+0i,20.2256399302028-5.5295511353768i
-27+0i,7+0i,-2.9164761954165-0.68396563057198i
-27+0i,8+0i,8.49630225976196+8.0107169887235i
-27+0i,9+0i,20.4368738979883-5.2004895762476i
-27+0i,10+0i,-23.6006900408426+6.1701168219539i
-27+0i,11+0i,-11.1048512413801+6.0996243727236i
-27+0i,12+0i,17.1706214144683-11.963323903433i
-27+0i,13+0i,8.79830014061468-1.03310353623851i
-27+0i,14+0i,5.05304332643598-3.80511080119653i
-27+0i,15+0i,-7.13821996861149+2.17359573689136i
-27+0i,16+0i,-8.14743897125785+3.83721101309704i
-27+0i,17+0i,-1.54631865939585-7.4741015529904i
-27+0i,18+0i,9.64759344217249-5.98601666813525i
-27+0i,19+0i,4.25571309468814-6.38118594845261i
-27+0i,20+0i,-12.5195764793204+9.2590251682562i
-27+0i,21+0i,-4.92449515908317+6.19793648358378i
-27+0i,22+0i,-0.61968952747575-8.5463753890851i
-27+0i,23+0i,0.27475224677101-4.06878313774625i
-27+0i,24+0i,5.50289048883563+7.77291877503447i
-27+0i,25+0i,-2.5035369136793+12.3256155514372i
-27+0i,26+0i,-15.9615106335837+8.6508531353838i
-27+0i,27+0i,-2.77365389743414+5.85524881981246i
-27+0i,28+0i,5.00993827313489-7.01887859835332i
-27+0i,29+0i,3.74334085561947-0.38773109082733i
-27+0i,30+0i,4.67844712069483+4.55368435971666i
-27+0i,31+0i,-13.3432167221533+4.9233700709719i
-27+0i,32+0i,-3.92057376679082+6.06289960660163i
-27+0i,33+0i,4.6924251915467-12.8666445685965i
-27+0i,34+0i,-6.43477362319142-2.6619907835038i
-27+0i,35+0i,-3.72784675395+9.63249840247587i
-27+0i,36+0i,5.08367907683201+2.17568225234497i
-27+0i,37+0i,2.51779106467051+3.62424141802224i
-27+0i,38+0i,-5.20428917918649+2.3407168791235i
-27+0i,39+0i,10.9052856477762-5.655578908203i
-27+0i,40+0i,8.20197927469985-2.05970245672596i
-27+0i,41+0i,-4.78095148172061+3.51495990678928i
-27+0i,42+0i,1.62572492583794-1.18478431054245i
-27+0i,43+0i,2.3273323254088+1.14238559015547i
-27+0i,44+0i,4.68087757491304+3.1527648412833i
-27+0i,45+0i,6.27632701204461+8.57118794785885i
-27+0i,46+0i,-1.6700374975369+10.5270179525512i
-27+0i,47+0i,-4.28946333369918+2.69827023722787i
-27+0i,48+0i,1.34762695004413-7.49716616832061i
-27+0i,49+0i,-3.04203574932451-7.02526802355435i
-27+0i,50+0i,4.1668545900338+1.21420319710859i
-26+0i,-49+0i,-5.4939128718774+4.02985088278875i
-26+0i,-48+0i,-5.87305168940963+3.6792126328682i
-26+0i,-47+0i,11.4511326404721-1.6860427460275i
-26+0i,-46+0i,5.53774170396314-2.23638900803969i
-26+0i,-45+0i,-2.70036393586473+6.87567700830656i
-26+0i,-44+0i,1.18534863429596+5.1826984776873i
-26+0i,-43+0i,8.94820189666529+0.61965659601577i
-26+0i,-42+0i,3.19108192068713-1.97150326016141i
-26+0i,-41+0i,-5.46257648380802+9.8511307803337i
-26+0i,-40+0i,1.8897149569387+10.6254605490929i
-26+0i,-39+0i,6.21356670656536-5.30387111381551i
-26+0i,-38+0i,0.70120278059795-6.43102536908456i
-26+0i,-37+0i,-0.40942988238574+7.10653425924781i
-26+0i,-36+0i,8.19294621550977+3.52065502476869i
-26+0i,-35+0i,-6.05443953512059-2.86265770345501i
-26+0i,-34+0i,-0.73602589230676+5.65699304980595i
-26+0i,-33+0i,9.6036323970996-6.84698720188162i
-26+0i,-32+0i,-2.92440297498852+1.24631978259427i
-26+0i,-31+0i,10.6806424684371+5.9662451912371i
-26+0i,-30+0i,3.5097183513109-15.3037615562166i
-26+0i,-29+0i,3.4571693746167-11.234198205413i
-26+0i,-28+0i,3.80538851001984+2.57572767271774i
-26+0i,-27+0i,-11.5739515571206+14.1029712575166i
-26+0i,-26+0i,-3.1327033094883-1.09058935362743i
-26+0i,-25+0i,-7.84201483634862-8.69013241892947i
-26+0i,-24+0i,6.78044588734827-6.06340796073197i
-26+0i,-23+0i,9.16939109357825-5.0254076832107i
-26+0i,-22+0i,-7.49797077525143+6.04858334177126i
-26+0i,-21+0i,-2.5882911441259-13.0414297735905i
-26+0i,-20+0i,0.11454612748165-8.92159676683211i
-26+0i,-19+0i,8.98149430598738+3.01326367492347i
-26+0i,-18+0i,2.3524013178254+10.008743930123i
-26+0i,-17+0i,1.4633279608919+17.4534375747451i
-26+0i,-16+0i,-4.30465252592045-4.73909926086495i
-26+0i,-15+0i,-10.4596686134492+1.4088277679777i
-26+0i,-14+0i,12.2349285700754-5.2910373613248i
-26+0i,-13+0i,6.04512174255676-3.66232403986477i
-26+0i,-12+0i,-9.6694041190658+11.9110807275335i
-26+0i,-11+0i,-14.4717222093589-6.3291666609177i
-26+0i,-10+0i,4.5174050838532+1.00881188434751i
-26+0i,-9+0i,20.138217357656-3.8218011362828i
-26+0i,-8+0i,12.1882838953869-0.2241950907912i
-26+0i,-7+0i,12.7855202179707+6.820945599093i
-26+0i,-6+0i,-26.1552089654838+3.9751137182917i
-26+0i,-5+0i,-21.0298168438857+22.7090028453714i
-26+0i,-4+0i,20.0843761446482-20.2777006982836i
-26+0i,-3+0i,-10.012425308057-36.8831114647218i
-26+0i,-2+0i,-0.81677840250002-4.69252035877044i
-26+0i,-1+0i,33.6072479138415-17.782555648734i
-26+0i,0+0i,7.90794645132345-8.26765048211116i
-26+0i,1+0i,-9.8431219479731+20.5785029935828i
-26+0i,2+0i,-12.0592572948887+21.0845626382933i
-26+0i,3+0i,-32.0202714386597+11.6548356529552i
-26+0i,4+0i,-22.9628205640673+7.8098133710185i
-26+0i,5+0i,-6.35250873472718-7.98579884362204i
-26+0i,6+0i,-11.1683512505653-24.8938854918535i
-26+0i,7+0i,0.90185091913113-9.00863643839117i
-26+0i,8+0i,5.98754427396166+6.41559531752101i
-26+0i,9+0i,11.3344263947967-4.4942294551804i
-26+0i,10+0i,5.23730598538843-3.79915679137604i
-26+0i,11+0i,-8.72632381708562+9.79190328381336i
-26+0i,12+0i,11.7706627766844-1.8878856724774i
-26+0i,13+0i,3.11184112565222-7.6061193682402i
-26+0i,14+0i,-21.5597773535004+6.652749191342i
-26+0i,15+0i,-8.88136535706721+2.65755648885477i
-26+0i,16+0i,5.4095251044948-11.840213948404i
-26+0i,17+0i,5.65045852397452-7.63061477879513i
-26+0i,18+0i,2.69396197679168+3.00085406531396i
-26+0i,19+0i,2.8810835493692+4.40387060160532i
-26+0i,20+0i,-0.96758982281348+9.13087469395215i
-26+0i,21+0i,-9.58168789994948+7.49812625437477i
-26+0i,22+0i,-2.13847119498465-2.18983997050313i
-26+0i,23+0i,-6.7661416597032-3.74225425037331i
-26+0i,24+0i,-16.719857421985+12.5110002363625i
-26+0i,25+0i,1.4217155255401+13.9032654448622i
-26+0i,26+0i,-0.72985090048314+8.03136955442104i
-26+0i,27+0i,-1.687060038121+11.357522946018i
-26+0i,28+0i,-1.6363296867087-10.4331465822363i
-26+0i,29+0i,-3.68620943511703+1.61690910846458i
-26+0i,30+0i,12.8466685610758+11.3219481497117i
-26+0i,31+0i,-6.33848790115455-6.87524324784555i
-26+0i,32+0i,-6.1468605051664+7.68350427036744i
-26+0i,33+0i,0.597838593312945-0.92884288835057i
-26+0i,34+0i,-10.4245861189218-7.4232367121616i
-26+0i,35+0i,5.63274855461956+5.89492760849337i
-26+0i,36+0i,2.98928057535987+4.69748171906705i
-26+0i,37+0i,2.06297727333979-0.44835256554942i
-26+0i,38+0i,1.20529778892047-4.45129367128561i
-26+0i,39+0i,0.05102280710142+3.47723863643745i
-26+0i,40+0i,13.5375593609299-3.2185447976948i
-26+0i,41+0i,1.79452057737965-7.75998372720752i
-26+0i,42+0i,1.19973976149108+4.41872073647498i
-26+0i,43+0i,11.3023551573197-3.4742763970691i
-26+0i,44+0i,2.73007779884243+2.21800810753171i
-26+0i,45+0i,1.9181379811624+19.1417816897063i
-26+0i,46+0i,-4.22378180408124+5.81526460568565i
-26+0i,47+0i,-7.9229871985868+0.94614286555904i
-26+0i,48+0i,5.32828447073647-0.40787972969011i
-26+0i,49+0i,7.19978249887491-5.92455430318554i
-26+0i,50+0i,5.21899449500978+3.65594739748766i
-25+0i,-49+0i,-6.4304599863513+3.79552068085875i
-25+0i,-48+0i,-9.10362199520718-0.70616969213155i
-25+0i,-47+0i,-4.12960882669817+3.8189512649061i
-25+0i,-46+0i,7.41370546505049+3.51763798627433i
-25+0i,-45+0i,4.4757860121184-10.0987894841341i
-25+0i,-44+0i,0.488661613966365-0.387581931735962i
-25+0i,-43+0i,7.34182013502787+6.78204689944044i
-25+0i,-42+0i,0.91409747202828+2.53980236644198i
-25+0i,-41+0i,3.38269461437957-2.77705971759233i
-25+0i,-40+0i,-3.69387909862364-3.16658547328904i
-25+0i,-39+0i,-0.04252880268239+9.71866499659536i
-25+0i,-38+0i,11.8549976261567+1.2451774070889i
-25+0i,-37+0i,-4.95631861685715-1.75391030865211i
-25+0i,-36+0i,2.08505835621318-5.42467417078073i
-25+0i,-35+0i,1.30914022187523-6.36504203230349i
-25+0i,-34+0i,-1.306734141488+14.9048947212718i
-25+0i,-33+0i,4.7383925287906-0.22942881322236i
-25+0i,-32+0i,-8.47560167768587-6.78599739551754i
-25+0i,-31+0i,5.42574584224144-4.67860638223996i
-25+0i,-30+0i,13.3204739008811-13.8335265360809i
-25+0i,-29+0i,9.57016235947859+1.86204664897247i
-25+0i,-28+0i,-0.01018417948058+7.58296995605993i
-25+0i,-27+0i,-12.195116040786-2.1284065335509i
-25+0i,-26+0i,-0.52236318126686-7.14996011177938i
-25+0i,-25+0i,4.39215686274473+5.35686274509808i
-25+0i,-24+0i,8.02051753529125+3.40749245646186i
-25+0i,-23+0i,3.89183502346532+3.9758637254998i
-25+0i,-22+0i,-7.0966970521515+10.7765746657517i
-25+0i,-21+0i,-5.27311039562932-9.28036827680092i
-25+0i,-20+0i,2.3513357460118-4.22935451333159i
-25+0i,-19+0i,1.63646880154093-3.86193507288348i
-25+0i,-18+0i,3.60205462710972-0.54641106131838i
-25+0i,-17+0i,5.63927601804394+9.97909637352379i
-25+0i,-16+0i,-3.28546406846264+1.44780488333081i
-25+0i,-15+0i,18.9313111845791+9.2447487960298i
-25+0i,-14+0i,4.19015510894414+3.35608372932912i
-25+0i,-13+0i,-21.9319723885575+3.9384518645097i
-25+0i,-12+0i,9.66613340428339-7.12703539984551i
-25+0i,-11+0i,8.3831130359242-22.1807000391353i
-25+0i,-10+0i,14.123600628027+0.8804136013169i
-25+0i,-9+0i,19.0687708132854-1.4862174092752i
-25+0i,-8+0i,2.612101844859-11.2751268667962i
-25+0i,-7+0i,20.7500502898097+3.5231480429662i
-25+0i,-6+0i,13.4803099284718+37.1306342584787i
-25+0i,-5+0i,-11.2549926820442+18.2112889774679i
-25+0i,-4+0i,9.1365404395833-47.0555778356079i
-25+0i,-3+0i,29.4698062356177-19.0128677391413i
-25+0i,-2+0i,-7.9185882749149+40.1418303293765i
-25+0i,-1+0i,-15.5433635980141+15.3431317019459i
-25+0i,0+0i,-14.0039215686292-28.5607843137256i
-25+0i,1+0i,-39.1236698021187-20.9933464044296i
-25+0i,2+0i,10.0045734074621-26.8204645336785i
-25+0i,3+0i,17.1267992155299-29.7588181424086i
-25+0i,4+0i,-17.2174225384645+10.3380128756505i
-25+0i,5+0i,-10.0860249759405+15.1993750756473i
-25+0i,6+0i,-16.2492966985921+11.9830431768175i
-25+0i,7+0i,-9.44093549718125+2.22355563266187i
-25+0i,8+0i,-9.4030853052433-12.1622422227337i
-25+0i,9+0i,3.60245450835791-8.4333218620195i
-25+0i,10+0i,12.1421900956435-11.7406207746104i
-25+0i,11+0i,-5.48415920657135+0.84593437265369i
-25+0i,12+0i,5.3686407932642-1.51529882067789i
-25+0i,13+0i,0.786803000919184+0.888148266952024i
-25+0i,14+0i,-8.749811363661+12.0396077319704i
-25+0i,15+0i,4.83734531481276+4.92695288535672i
-25+0i,16+0i,13.485322153566+2.7363480459503i
-25+0i,17+0i,-1.63468734094322-0.69730636803347i
-25+0i,18+0i,-14.2625193418039+8.8499023500664i
-25+0i,19+0i,1.4048855392889+11.8227474222125i
-25+0i,20+0i,5.1990269957871+2.72861972588035i
-25+0i,21+0i,-14.5168770325254-5.4927044329496i
-25+0i,22+0i,-13.7912281169183-1.7780995019766i
-25+0i,23+0i,-1.61025855174869+5.39512512530888i
-25+0i,24+0i,-11.2648885935008-2.2626017840112i
-25+0i,25+0i,4.0078431372543-3.05098039215686i
-25+0i,26+0i,9.12560171912994+1.0230570670243i
-25+0i,27+0i,3.5465099053774+11.4455671831277i
-25+0i,28+0i,15.6139319826072+3.819021208777i
-25+0i,29+0i,-3.4540528493766+13.2220811545603i
-25+0i,30+0i,4.0098138068207+17.6349101799627i
-25+0i,31+0i,-2.0045616955347-15.4817346745673i
-25+0i,32+0i,-18.3078758391807+3.3917712673231i
-25+0i,33+0i,2.99240554813736+1.95062802259191i
-25+0i,34+0i,-3.9888694491814-12.0071572794553i
-25+0i,35+0i,-4.4699033507689+11.6036848762116i
-25+0i,36+0i,-2.51368693333109-1.16471633098437i
-25+0i,37+0i,-0.83897070953001-8.06576372788225i
-25+0i,38+0i,2.48957102703944+4.87862592503903i
-25+0i,39+0i,-0.82024407435804+2.91830515034143i
-25+0i,40+0i,12.1474379254529-6.7522875823969i
-25+0i,41+0i,-1.13920357901424-3.78396841011101i
-25+0i,42+0i,-6.21266923900882+0.02137052443529i
-25+0i,43+0i,7.48586666538496-8.93926233475992i
-25+0i,44+0i,-2.69856998736245-3.30349445449875i
-25+0i,45+0i,-8.14266172463078+6.97189855278329i
-25+0i,46+0i,3.02371047759066+5.81541887629284i
-25+0i,47+0i,8.45359497869163-4.8626824788382i
-25+0i,48+0i,3.80349299428266-3.4744724156844i
-25+0i,49+0i,11.8726439351791+8.449394598864i
-25+0i,50+0i,10.4039215686301+7.0392156862747i
-24+0i,-49+0i,-2.4276600903547+2.38376313057051i
-24+0i,-48+0i,2.4746769090419-1.90190319872915i
-24+0i,-47+0i,-4.37898980303663-0.60930053839148i
-24+0i,-46+0i,0.38164148692916+5.86119367167104i
-24+0i,-45+0i,0.0308973581627-1.01977419141908i
-24+0i,-44+0i,-0.64490083553738+2.7382033146755i
-24+0i,-43+0i,1.77704650820021-7.91153943332825i
-24+0i,-42+0i,-8.9389176985917-4.79374416643094i
-24+0i,-41+0i,5.67437388323819+8.93355532062982i
-24+0i,-40+0i,11.0720649906516-1.0245897358456i
-24+0i,-39+0i,-1.50028585428658+2.98344102975301i
-24+0i,-38+0i,-2.11845648786523+9.41394521181577i
-24+0i,-37+0i,-9.71028232554344+6.19664261590907i
-24+0i,-36+0i,-1.89283786123364-4.07488506687505i
-24+0i,-35+0i,-1.5716852727244-11.4744322108412i
-24+0i,-34+0i,-12.1557027776825+4.0453712212808i
-24+0i,-33+0i,3.1637672482218+1.95564918993839i
-24+0i,-32+0i,5.71409675097731-6.82239950353464i
-24+0i,-31+0i,11.1504807078158-1.078837849985i
-24+0i,-30+0i,16.2846550434666-2.6949653676891i
-24+0i,-29+0i,-2.82753252516795+2.48582738261055i
-24+0i,-28+0i,-5.62236765150053+3.34201207126325i
-24+0i,-27+0i,-4.88114434201939-0.88685307138554i
-24+0i,-26+0i,-0.899681914474986-0.94646482311098i
-24+0i,-25+0i,3.56526339491489-1.70621567551063i
-24+0i,-24+0i,-2.75872173343949+5.48903025193085i
-24+0i,-23+0i,6.94681708503192+4.16350098224445i
-24+0i,-22+0i,1.63287857746759-2.82730024629424i
-24+0i,-21+0i,-6.59196377660498-5.6866615005048i
-24+0i,-20+0i,8.04393964241582-8.46742862911329i
-24+0i,-19+0i,-0.91415767305083-0.630194598508973i
-24+0i,-18+0i,-11.1252575052537+8.1070954998305i
-24+0i,-17+0i,-2.65354836620631-4.07394345716104i
-24+0i,-16+0i,0.7608360515692-17.5848782013681i
-24+0i,-15+0i,9.61385054024664+0.9427294511446i
-24+0i,-14+0i,12.4150932238019+3.2782678627843i
-24+0i,-13+0i,0.6311186581431-18.8435734526657i
-24+0i,-12+0i,-0.068522343943764+0.452946080842892i
-24+0i,-11+0i,17.0629673200447+5.3349100697557i
-24+0i,-10+0i,18.1936074674596-14.9969440584661i
-24+0i,-9+0i,-3.69996497326619-1.46038403083067i
-24+0i,-8+0i,-7.50541898372672-1.88230439914349i
-24+0i,-7+0i,21.8818383705538+10.3252075500581i
-24+0i,-6+0i,33.0554459194399+27.812085750732i
-24+0i,-5+0i,-28.2664353917484-20.2447791362137i
-24+0i,-4+0i,-43.7159290001474-31.3655671598992i
-24+0i,-3+0i,27.6432713988121+19.3833751653954i
-24+0i,-2+0i,22.4337372292377+13.792440972157i
-24+0i,-1+0i,-2.514780599198-39.8739487460642i
-24+0i,0+0i,25.0638427631799-28.7362664747378i
-24+0i,1+0i,15.0674224066851+18.9583287705628i
-24+0i,2+0i,-10.4981022263711+5.8747531362771i
-24+0i,3+0i,-21.730117531969-10.0788377186817i
-24+0i,4+0i,-24.3973287604139-2.646505132257i
-24+0i,5+0i,-7.65626449438+12.917277540079i
-24+0i,6+0i,-2.6730683111391+11.5879434403885i
-24+0i,7+0i,-22.7038528809473-11.4384167170913i
-24+0i,8+0i,-20.3111432055844+7.5102098301756i
-24+0i,9+0i,-14.709354449721-14.3532022023448i
-24+0i,10+0i,-12.3845899071877-41.4863701124935i
-24+0i,11+0i,22.73029466064-7.8446458535626i
-24+0i,12+0i,20.3427542938563-1.9860297326025i
-24+0i,13+0i,8.16616869125501+6.79003280474019i
-24+0i,14+0i,7.39432146601246+6.12908015569517i
-24+0i,15+0i,-4.11811452338171+2.73255459743673i
-24+0i,16+0i,16.1840054206229+5.7133089925992i
-24+0i,17+0i,3.38488702690421-1.69747025332149i
-24+0i,18+0i,-5.3198457525262+14.8048092160212i
-24+0i,19+0i,9.32031800311358+4.87402460481204i
-24+0i,20+0i,-6.92109640657646+2.2391098896964i
-24+0i,21+0i,-11.5229205670061+6.0643826546536i
-24+0i,22+0i,-8.41831004753619-9.2674072672755i
-24+0i,23+0i,-1.13507172567073-3.44889019010249i
-24+0i,24+0i,-10.9186970407643-3.1033029587404i
-24+0i,25+0i,-10.9234599475635-3.639593220543i
-24+0i,26+0i,6.30778608856101-3.55985850299544i
-24+0i,27+0i,8.01791935558805+6.19031757509076i
-24+0i,28+0i,15.8566830383254+12.774161965778i
-24+0i,29+0i,-1.03167275006677+8.385507797212i
-24+0i,30+0i,-8.08755106837841+9.31625512371692i
-24+0i,31+0i,-3.12468149518856-7.78028594379561i
-24+0i,32+0i,-12.1918849892858-11.7242816206107i
-24+0i,33+0i,-3.31450495519521+2.69587884183739i
-24+0i,34+0i,-0.80297727318955+3.2142203363643i
-24+0i,35+0i,-12.7689390693243-2.0660967985297i
-24+0i,36+0i,-8.95361336831979+5.15416210702041i
-24+0i,37+0i,9.55719107167041-4.30549797431077i
-24+0i,38+0i,-1.75835268982914-9.26120819392627i
-24+0i,39+0i,0.520734869367+12.8279311072092i
-24+0i,40+0i,13.1684957903111+2.067461992994i
-24+0i,41+0i,-7.87148712442217-2.33428817193025i
-24+0i,42+0i,-5.55488531647506-1.69125364495108i
-24+0i,43+0i,-0.05571335180842-6.28507931801921i
-24+0i,44+0i,0.1128415545356+1.98706148350009i
-24+0i,45+0i,-4.59890264825552-5.06495276055454i
-24+0i,46+0i,-6.54056601395161+7.38184492560926i
-24+0i,47+0i,8.79066956375014+4.89910392075923i
-24+0i,48+0i,0.7004209891619-3.22295373017301i
-24+0i,49+0i,2.21830742554883+7.04889460513624i
-24+0i,50+0i,3.29701951375798-0.38302088561598i
-23+0i,-49+0i,1.09786314081888-5.64955540325344i
-23+0i,-48+0i,-4.93041368396522-3.4790610219145i
-23+0i,-47+0i,3.21716538345409-0.50201162497646i
-23+0i,-46+0i,11.3528005411347-4.3472886944217i
-23+0i,-45+0i,-3.49806903959112-1.3846095675179i
-23+0i,-44+0i,-4.8295790639493+12.7659834694579i
-23+0i,-43+0i,16.5746304450841+10.4284322257683i
-23+0i,-42+0i,4.23411642192227-3.56122330866383i
-23+0i,-41+0i,-15.5265223747005+5.4006187653437i
-23+0i,-40+0i,0.0553519433318+12.97616387193i
-23+0i,-39+0i,2.8230198433116+4.07698885710361i
-23+0i,-38+0i,-0.97543887070416+1.80442563310153i
-23+0i,-37+0i,-4.26343066704255+6.84903962497166i
-23+0i,-36+0i,-12.7831584833921+5.5825238887652i
-23+0i,-35+0i,-9.7830104329306-6.52111030577756i
-23+0i,-34+0i,-5.30906470894246-3.30192370664483i
-23+0i,-33+0i,11.9849266996721-4.3517813717925i
-23+0i,-32+0i,13.246865823196-5.8821175756622i
-23+0i,-31+0i,2.8375193560692+11.7708848640289i
-23+0i,-30+0i,5.57891433900205+2.5700908580179i
-23+0i,-29+0i,-1.06627862553707-4.62394358377013i
-23+0i,-28+0i,-3.73005396187229+2.79492240091586i
-23+0i,-27+0i,-4.96569626286593+0.24244830742902i
-23+0i,-26+0i,-2.44162062509724-4.89513659524682i
-23+0i,-25+0i,0.07407133323002-3.35862720514859i
-23+0i,-24+0i,2.60162645236818+3.16098973455002i
-23+0i,-23+0i,5.3494511968707-2.55342070985317i
-23+0i,-22+0i,-7.93762506125592+3.94970514600706i
-23+0i,-21+0i,-9.49577193241747-6.31437591966733i
-23+0i,-20+0i,5.0449870862955-12.6618117420483i
-23+0i,-19+0i,11.9625855365369+2.5179038526015i
-23+0i,-18+0i,-0.812607140819299+0.700718972297465i
-23+0i,-17+0i,0.8793065203233+27.3724080479041i
-23+0i,-16+0i,-12.6520110194993+10.5234285104051i
-23+0i,-15+0i,-40.6195935634264-19.8109203308088i
-23+0i,-14+0i,-4.42358711461148+3.81280999789597i
-23+0i,-13+0i,5.02276773138482-3.04812553519963i
-23+0i,-12+0i,-5.69810946705111-4.3789745884689i
-23+0i,-11+0i,7.6860971095497-0.71232039981667i
-23+0i,-10+0i,-2.18509928630391+2.14518725856023i
-23+0i,-9+0i,7.29311506774135+3.55001004356177i
-23+0i,-8+0i,-3.609890089707-18.3352812410423i
-23+0i,-7+0i,-14.2910119550177-6.3430878947222i
-23+0i,-6+0i,10.5809082765112+12.4438772303971i
-23+0i,-5+0i,-20.2159906815783+7.9462081120683i
-23+0i,-4+0i,-38.812377167871-8.1168619148772i
-23+0i,-3+0i,45.7896647768136-27.211321741475i
-23+0i,-2+0i,67.0235803315016-29.3215774009678i
-23+0i,-1+0i,6.2027508817577+10.8932448422723i
-23+0i,0+0i,44.8942109306145+51.5883247522687i
-23+0i,1+0i,16.2288251969056+25.9336982762533i
-23+0i,2+0i,-64.0647166692003+22.373327840178i
-23+0i,3+0i,-3.5742162881184+29.6176760174003i
-23+0i,4+0i,-16.7350245014228-24.1916779971346i
-23+0i,5+0i,-52.5879188227631-49.7613318980985i
-23+0i,6+0i,6.479951434577-22.1396812436824i
-23+0i,7+0i,8.61605949613505+8.09738560642857i
-23+0i,8+0i,-12.298815283712+5.217879791374i
-23+0i,9+0i,-16.9168967573003-16.0890370425149i
-23+0i,10+0i,6.993250107616-27.1236229025763i
-23+0i,11+0i,36.3836777117188-22.5355665787362i
-23+0i,12+0i,14.4101553477656+8.3729763354585i
-23+0i,13+0i,-8.3332991962709+24.0371017339373i
-23+0i,14+0i,-18.2465528987217+5.2010049777905i
-23+0i,15+0i,-7.6330234895421-21.801488959178i
-23+0i,16+0i,13.4117706130181-19.8061875282486i
-23+0i,17+0i,20.210923312151+3.9359478919958i
-23+0i,18+0i,12.2367833135541+0.9462805932284i
-23+0i,19+0i,-2.68521142788301+4.70613733801526i
-23+0i,20+0i,7.00135303165306+6.0652080024708i
-23+0i,21+0i,-3.46984615428136-4.22188535982028i
-23+0i,22+0i,-15.9556673429506+7.6563487341037i
-23+0i,23+0i,-3.67949957869568+4.75345231450346i
-23+0i,24+0i,-18.7723552884914-0.9260460728498i
-23+0i,25+0i,-14.0239676355659-5.8271433379338i
-23+0i,26+0i,5.52201107631011-3.19830602241708i
-23+0i,27+0i,2.5703333572913+15.6580717108997i
-23+0i,28+0i,-6.9235186643475+3.90879764000323i
-23+0i,29+0i,-11.0386415546133-0.194919524042i
-23+0i,30+0i,4.85641779449813-3.24769036553611i
-23+0i,31+0i,4.9487522665299-15.4370697937088i
-23+0i,32+0i,-2.61680344444684+2.5559098046893i
-23+0i,33+0i,-4.1914397062907+10.2441411481904i
-23+0i,34+0i,-6.8288519487629+0.85347750917683i
-23+0i,35+0i,0.25686949496482-5.59612759355247i
-23+0i,36+0i,-3.97269787335011+6.7480177367323i
-23+0i,37+0i,0.9666361938558+12.8745657209826i
-23+0i,38+0i,2.82284939660582-2.99308498071501i
-23+0i,39+0i,-8.93279430742879+5.19134774215745i
-23+0i,40+0i,2.03732456101437+5.9715166290941i
-23+0i,41+0i,5.0074836819917-4.75524790032299i
-23+0i,42+0i,-2.46649812800464-1.46343859523129i
-23+0i,43+0i,0.80821468670229-4.73950366371196i
-23+0i,44+0i,0.86319590205025-4.51046316892369i
-23+0i,45+0i,-1.61975456010419+0.54306842361831i
-23+0i,46+0i,-3.96448971978763+6.10012378794971i
-23+0i,47+0i,-3.08840607535229+8.95486285443438i
-23+0i,48+0i,-0.17429081898974+4.8190738195964i
-23+0i,49+0i,-2.1137368834824+3.15847935410858i
-23+0i,50+0i,0.081176050762677-0.318047828563151i
-22+0i,-49+0i,4.90266256663008-1.59009203732412i
-22+0i,-48+0i,-0.21505235840402-4.06148498693763i
-22+0i,-47+0i,-3.60216047761156-7.58498384391402i
-22+0i,-46+0i,3.7163300910155+8.38885524258714i
-22+0i,-45+0i,17.4260806968931-2.5215183109013i
-22+0i,-44+0i,1.045253677268-3.90133440753214i
-22+0i,-43+0i,1.397383466177+21.8205068024911i
-22+0i,-42+0i,5.42318199424939+4.76245920702844i
-22+0i,-41+0i,-4.90826533711825+0.92628305531519i
-22+0i,-40+0i,0.1406869267741+11.2180981128739i
-22+0i,-39+0i,-6.95705362087562+5.54227236691806i
-22+0i,-38+0i,-5.16986749477884+1.23994396987513i
-22+0i,-37+0i,-3.92298913449842-4.33308624344542i
-22+0i,-36+0i,-2.17402096687646-5.25071856701127i
-22+0i,-35+0i,10.0995736067772-10.1583601245163i
-22+0i,-34+0i,-1.07635271855998+5.33141638324714i
-22+0i,-33+0i,3.377165180405+12.5576961648771i
-22+0i,-32+0i,8.20553083344351-3.0209168424763i
-22+0i,-31+0i,-5.93091387911351-2.21164114930061i
-22+0i,-30+0i,1.06521311050799-2.43399497908855i
-22+0i,-29+0i,9.15926587299248+0.34764597518527i
-22+0i,-28+0i,-1.31095811358622-7.13546071137306i
-22+0i,-27+0i,-0.7942819103992-5.0243086789228i
-22+0i,-26+0i,12.3045953301049+6.2470313562223i
-22+0i,-25+0i,-1.63564658546983-2.63730434267481i
-22+0i,-24+0i,-8.70705308099363+8.00066152066009i
-22+0i,-23+0i,1.94382914749498+8.79446598282182i
-22+0i,-22+0i,1.48937819913271+1.51372380841198i
-22+0i,-21+0i,-3.24924479999953+3.02016416445425i
-22+0i,-20+0i,-15.3430775304777+3.3860330408356i
-22+0i,-19+0i,-0.159603415265564-0.803937144183242i
-22+0i,-18+0i,13.1531068034133-16.3219329242793i
-22+0i,-17+0i,2.77417379452307+7.99710400272121i
-22+0i,-16+0i,-1.6120519947254+18.7135951139667i
-22+0i,-15+0i,-9.22650412376206+7.70884493214717i
-22+0i,-14+0i,-13.0031392177479+20.8445654859307i
-22+0i,-13+0i,-20.1526357757473+7.0454647118355i
-22+0i,-12+0i,4.914079239007+5.02072801620207i
-22+0i,-11+0i,31.3106408829173+10.5103359511687i
-22+0i,-10+0i,0.10373363905021-9.41749181667205i
-22+0i,-9+0i,-16.3930245269083+6.1716064807198i
-22+0i,-8+0i,3.2663699370189+11.3592036510621i
-22+0i,-7+0i,8.7507473891872-20.6165101125495i
-22+0i,-6+0i,11.0405815868528+22.8551878892239i
-22+0i,-5+0i,-0.7041057787861+49.4323576871571i
-22+0i,-4+0i,-51.636194767868-21.8297560140153i
-22+0i,-3+0i,10.4533181871674-45.4150356802615i
-22+0i,-2+0i,73.0828252970753-3.6102344438648i
-22+0i,-1+0i,-22.2464526924405+59.583341009775i
-22+0i,0+0i,-18.0738548298118+32.112775184541i
-22+0i,1+0i,25.8784208531996-39.9426165740428i
-22+0i,2+0i,21.121554079355-5.0750835288772i
-22+0i,3+0i,27.8674245224974+3.2176738336385i
-22+0i,4+0i,-22.2711113786895-2.7872032723398i
-22+0i,5+0i,-6.37508025609-0.5596152334976i
-22+0i,6+0i,4.07355673158288-8.80841396237446i
-22+0i,7+0i,-19.1196238018139+5.1718458767186i
-22+0i,8+0i,23.2297017975498-30.1517348697981i
-22+0i,9+0i,8.38420584859746+5.15833305664767i
-22+0i,10+0i,-12.2025435310246+26.9404207368454i
-22+0i,11+0i,-11.2881029017899-35.2656881277655i
-22+0i,12+0i,-20.2317884725418-0.2977650776912i
-22+0i,13+0i,-3.86091622599721+7.95716223194667i
-22+0i,14+0i,-5.4500861865834-15.3054425156212i
-22+0i,15+0i,2.53585119559197-3.19816805188993i
-22+0i,16+0i,7.1135090466142-20.5789104575845i
-22+0i,17+0i,-0.6955610100816-5.40120874139112i
-22+0i,18+0i,10.8745710268904+2.4777613519261i
-22+0i,19+0i,5.2318360242251-11.9416285085248i
-22+0i,20+0i,1.92494284165674-0.11606412817644i
-22+0i,21+0i,-0.42885272480619+3.28377723270646i
-22+0i,22+0i,-12.0449680477204+2.4565812733461i
-22+0i,23+0i,-0.30350190845572+6.05641635730435i
-22+0i,24+0i,1.92512512956289+5.92173498293309i
-22+0i,25+0i,-11.6676071743708-0.5109774847597i
-22+0i,26+0i,-8.33302370444622-0.25994575396148i
-22+0i,27+0i,-5.63172400328387+8.01442646194512i
-22+0i,28+0i,-1.43292378076191+5.68809423936536i
-22+0i,29+0i,5.4863754985658+2.78293347264738i
-22+0i,30+0i,3.10946710789666+0.75525470149143i
-22+0i,31+0i,5.67584859683329-7.17721628592885i
-22+0i,32+0i,-2.67887627068169-0.45039934771264i
-22+0i,33+0i,-7.1091890299641+10.903646713037i
-22+0i,34+0i,-0.27382183388233-1.37453692151977i
-22+0i,35+0i,-5.10533393368003-4.66777658601481i
-22+0i,36+0i,-0.73005299854556+5.86908140227993i
-22+0i,37+0i,0.98972696386266+6.38292493049619i
-22+0i,38+0i,-2.86028386991413+6.8932825543724i
-22+0i,39+0i,-1.67458606191692+2.11683064045974i
-22+0i,40+0i,2.19124212616042-6.036753124232i
-22+0i,41+0i,5.16909671776655-4.57595432501675i
-22+0i,42+0i,-1.39976840887543+2.05486438122493i
-22+0i,43+0i,-0.23014178921876-4.63605202695242i
-22+0i,44+0i,0.22505219941614-8.51152000322212i
-22+0i,45+0i,-1.88949427874199-1.84066531696098i
-22+0i,46+0i,-0.85881530577615-1.14742945152383i
-22+0i,47+0i,0.94392294864908+6.03258940106254i
-22+0i,48+0i,-0.30720224738603+7.01806422574335i
-22+0i,49+0i,-5.09916617180664+3.33213384290153i
-22+0i,50+0i,4.05308699000162+0.06954868404701i
-21+0i,-49+0i,6.11625809014487-3.97017731930444i
-21+0i,-48+0i,7.07766694805827+0.21465193669716i
-21+0i,-47+0i,9.95219286514451-7.64058927967085i
-21+0i,-46+0i,-6.70941058121257-0.12230026377914i
-21+0i,-45+0i,13.1622857122891+11.6262413219345i
-21+0i,-44+0i,4.95062842043899-2.63792191330713i
-21+0i,-43+0i,-12.0330551646939+6.5519588075824i
-21+0i,-42+0i,4.95962293528823-1.09764133424663i
-21+0i,-41+0i,-1.82652564595597+0.14394064997272i
-21+0i,-40+0i,1.9577952461327+12.1183531356614i
-21+0i,-39+0i,4.77128536687977+1.44361100776293i
-21+0i,-38+0i,-6.34592154228693-4.11411287376099i
-21+0i,-37+0i,-8.72674674780846-6.47622582255296i
-21+0i,-36+0i,-0.61188873050548+2.46594895627335i
-21+0i,-35+0i,8.72720036731392+0.02457199164242i
-21+0i,-34+0i,-5.29967926194833-1.82282280888776i
-21+0i,-33+0i,-8.06281992160062+6.0300886480046i
-21+0i,-32+0i,4.77471276105708-0.71812627929345i
-21+0i,-31+0i,1.19849634413715-2.87454765476035i
-21+0i,-30+0i,-6.18544361844188-8.35455834559795i
-21+0i,-29+0i,2.98531267958775-8.04333001063591i
-21+0i,-28+0i,14.135387726012-12.1244282646443i
-21+0i,-27+0i,2.95605159028748-8.38426187688647i
-21+0i,-26+0i,4.1781328619674+17.4894427683745i
-21+0i,-25+0i,8.72543388606759+5.47603824679249i
-21+0i,-24+0i,-4.86586512740766-3.79668015749537i
-21+0i,-23+0i,-2.23052028228964+4.05776474911701i
-21+0i,-22+0i,5.44678251528032+0.76816969279445i
-21+0i,-21+0i,2.45262963955472+0.08853914214757i
-21+0i,-20+0i,-1.7706691954571-0.75143419576109i
-21+0i,-19+0i,5.7448079174396+13.4397300844549i
-21+0i,-18+0i,-3.32904248752968+0.51577274864338i
-21+0i,-17+0i,-12.5440007722371-19.183888481506i
-21+0i,-16+0i,11.5115220194166-11.633219960412i
-21+0i,-15+0i,9.1559556015532-17.1201635626348i
-21+0i,-14+0i,6.52448324862543-0.83327684104254i
-21+0i,-13+0i,21.5296529397489+27.0845223677851i
-21+0i,-12+0i,13.0280596803288+17.2262199801257i
-21+0i,-11+0i,5.00762584822197+0.00421747267468i
-21+0i,-10+0i,19.9188432941296+4.8365472840535i
-21+0i,-9+0i,21.292847013855+6.6881138611551i
-21+0i,-8+0i,-4.7840360835195+12.8782951666698i
-21+0i,-7+0i,16.4092926561244+19.3996264106426i
-21+0i,-6+0i,20.0008937564483-6.0028878456873i
-21+0i,-5+0i,-54.5747256383527-9.0359082953087i
-21+0i,-4+0i,-68.7436253997402+9.3787303372227i
-21+0i,-3+0i,9.858773750165-18.2301603246213i
-21+0i,-2+0i,37.5811901731503-37.5110456929144i
-21+0i,-1+0i,-4.0465248367284-12.0936703469499i
-21+0i,0+0i,24.1518575301837-21.847123508018i
-21+0i,1+0i,42.8001824246306+9.0514070241063i
-21+0i,2+0i,0.7158694248148+56.0527397005256i
-21+0i,3+0i,9.9396955847303-25.0112278890657i
-21+0i,4+0i,10.615698133426-6.8957861336481i
-21+0i,5+0i,12.4164035373019+64.3936267262182i
-21+0i,6+0i,10.5093845057883-17.8483140426364i
-21+0i,7+0i,-23.7499509103154-20.025354844779i
-21+0i,8+0i,-1.9846911427083+14.6583234883462i
-21+0i,9+0i,-15.442436633653-9.6478670823242i
-21+0i,10+0i,-43.0472271304684+6.0290216727344i
-21+0i,11+0i,-0.8523855570681-25.9781602623748i
-21+0i,12+0i,2.7065831034368-32.1963181092238i
-21+0i,13+0i,10.1659710796865+8.3166606089082i
-21+0i,14+0i,20.4910288066036-5.7407584831007i
-21+0i,15+0i,-8.49065420191612+4.06473931212213i
-21+0i,16+0i,2.7629791528596+17.0467727845369i
-21+0i,17+0i,6.08097887213086+6.94106082840573i
-21+0i,18+0i,-7.83289204141978-0.87860477148161i
-21+0i,19+0i,-1.4196079963687-16.1295317777688i
-21+0i,20+0i,-4.71973400832496-4.16231869252105i
-21+0i,21+0i,-4.2315134471812+4.15441393273554i
-21+0i,22+0i,0.74301188959377-5.31683126596401i
-21+0i,23+0i,5.14271644713664-3.25490001355083i
-21+0i,24+0i,1.55669418027992+1.33673949078189i
-21+0i,25+0i,-13.5285021756398+5.9131009755632i
-21+0i,26+0i,-6.32669217281003+4.50761018088992i
-21+0i,27+0i,5.5211023857843-1.29238845638037i
-21+0i,28+0i,5.67681076119745-0.61951317656521i
-21+0i,29+0i,9.17945510868225+2.71197771602434i
-21+0i,30+0i,1.29922521481671+3.15798198195491i
-21+0i,31+0i,-0.92726962791898+1.20507300768363i
-21+0i,32+0i,1.47048155369614+1.33578106170808i
-21+0i,33+0i,-7.13883561929955-0.20702724014998i
-21+0i,34+0i,-10.5383431733606-6.7825771210765i
-21+0i,35+0i,-7.58410730640189-3.10437751096447i
-21+0i,36+0i,3.00442543237478+1.56899439493741i
-21+0i,37+0i,6.01940608602134+1.16895097199793i
-21+0i,38+0i,-0.81424341430321-2.04040302471347i
-21+0i,39+0i,-3.2593554802649-4.60789004052375i
-21+0i,40+0i,10.3687958110951+2.513257802116i
-21+0i,41+0i,9.97908457988044+2.24901924900589i
-21+0i,42+0i,-8.26954741265072+7.36317748395075i
-21+0i,43+0i,-1.45541299944029-1.14481896004042i
-21+0i,44+0i,-5.38778823275463-7.93548888178503i
-21+0i,45+0i,-3.69888083004041+0.90940666803492i
-21+0i,46+0i,-1.07292803683764-8.66752507476626i
-21+0i,47+0i,-11.9004532499356+5.9617650217973i
-21+0i,48+0i,-3.32741590453507+1.31566941719401i
-21+0i,49+0i,-4.02548945339001-9.90428791993055i
-21+0i,50+0i,5.38984148771556+3.41322942772732i
-20+0i,-49+0i,3.07803671196949-3.52063696427659i
-20+0i,-48+0i,2.54905539325934+0.08583255866451i
-20+0i,-47+0i,13.8669245156491-3.5241491955963i
-20+0i,-46+0i,8.37616390491777-7.81785303478911i
-20+0i,-45+0i,1.0965615253807+12.3832487005582i
-20+0i,-44+0i,-0.27298361633404+4.85322882037743i
-20+0i,-43+0i,-4.65444534204559+1.63835949536086i
-20+0i,-42+0i,2.47487204870225+9.59802794468761i
-20+0i,-41+0i,3.00548766846714+1.74728526238017i
-20+0i,-40+0i,-8.01319706536577+0.83917024871196i
-20+0i,-39+0i,-5.0555436396708+10.5505708093646i
-20+0i,-38+0i,6.1453281824482-2.10870690805483i
-20+0i,-37+0i,-2.04938489985154-3.54079744391247i
-20+0i,-36+0i,-6.8287508028945+14.1039540825685i
-20+0i,-35+0i,-13.4530175463555+7.230195871926i
-20+0i,-34+0i,-12.0066459464631+1.5958008956425i
-20+0i,-33+0i,-3.8480548662863-10.7313776692274i
-20+0i,-32+0i,-2.14486149364015-6.72371020296902i
-20+0i,-31+0i,6.98861039549605+2.07260574659752i
-20+0i,-30+0i,-5.8433633234059-15.2453443246016i
-20+0i,-29+0i,2.91089661595711-4.46611909646156i
-20+0i,-28+0i,12.6775994038652+2.799211412081i
-20+0i,-27+0i,-3.31807781950409-4.56182888469428i
-20+0i,-26+0i,0.91591692162645-3.67598484744883i
-20+0i,-25+0i,-2.44880886311722-3.72470657757522i
-20+0i,-24+0i,14.75664988648-8.3599192029344i
-20+0i,-23+0i,12.008141834907-7.4451361790621i
-20+0i,-22+0i,-10.2573328159684+8.9367395630547i
-20+0i,-21+0i,3.90124250024316-8.57418725674957i
-20+0i,-20+0i,-0.79490922617315-3.35474322519225i
-20+0i,-19+0i,11.9704577406658+20.6119172372778i
-20+0i,-18+0i,13.1970636503108-7.3070384561731i
-20+0i,-17+0i,-3.3554454442402-11.0565432017842i
-20+0i,-16+0i,-15.3583312331367-10.6415164754838i
-20+0i,-15+0i,-27.1221234217471-8.1415305615622i
-20+0i,-14+0i,11.9637789694781-8.6392087988177i
-20+0i,-13+0i,-14.0558502910439-10.4015352390757i
-20+0i,-12+0i,-17.9392293651055+11.7924236029766i
-20+0i,-11+0i,30.2511075894442-26.4396341278027i
-20+0i,-10+0i,3.11218495811447-8.62256179641779i
-20+0i,-9+0i,26.9467244969294+27.5551694318232i
-20+0i,-8+0i,31.0573733049636-22.0830141295702i
-20+0i,-7+0i,-10.5886528415215-29.8889781375564i
-20+0i,-6+0i,-39.4083449518644-14.4766863177685i
-20+0i,-5+0i,-28.2726049499465+20.4397112393867i
-20+0i,-4+0i,52.6434049963621+15.9159934567533i
-20+0i,-3+0i,0.9854055388036-42.547133818705i
-20+0i,-2+0i,-61.9766504653626-35.1799354715962i
-20+0i,-1+0i,7.06298380776358+4.69895940609771i
-20+0i,0+0i,12.0768478749587+20.7659326672323i
-20+0i,1+0i,-38.2512606398034+2.2101426019006i
-20+0i,2+0i,-21.4152955118117-4.64032912262i
-20+0i,3+0i,41.8602938928459+10.1189898394288i
-20+0i,4+0i,24.1859393425244+28.6104334798706i
-20+0i,5+0i,-20.5033646438162+4.8657327346079i
-20+0i,6+0i,4.134647320028-40.1016987971718i
-20+0i,7+0i,0.649920026595+18.534163998533i
-20+0i,8+0i,-8.4867306726091+17.9076443409774i
-20+0i,9+0i,11.4367811901761-44.0097381424157i
-20+0i,10+0i,4.33228934129634+3.30411108504968i
-20+0i,11+0i,4.44557927265789+2.64397064028722i
-20+0i,12+0i,20.2002392164542-11.3691482277407i
-20+0i,13+0i,7.8086915309182+29.8591754396073i
-20+0i,14+0i,-17.0803443016468+18.6214992438485i
-20+0i,15+0i,-10.5390487334402+6.5607379791558i
-20+0i,16+0i,1.98869613783282+5.16750611180975i
-20+0i,17+0i,3.67819393052841+4.07140600713766i
-20+0i,18+0i,9.00938324778281-3.24880117776319i
-20+0i,19+0i,-7.5782287903822-16.9353477352381i
-20+0i,20+0i,-12.5413294656751-1.4843191264874i
-20+0i,21+0i,5.81643823289388-6.76198181769387i
-20+0i,22+0i,4.163594630257-12.8527667622722i
-20+0i,23+0i,-2.95736465815138+4.11110638421234i
-20+0i,24+0i,0.93526177108367+5.05350739748214i
-20+0i,25+0i,-1.2668122043095-0.50984685174588i
-20+0i,26+0i,-5.41625115438152+0.32019993005454i
-20+0i,27+0i,5.61392713327812-0.06622133200269i
-20+0i,28+0i,5.1156309929255-4.35269620336687i
-20+0i,29+0i,-2.5258072004896+1.97836117763807i
-20+0i,30+0i,2.40392854651824+7.04529622878183i
-20+0i,31+0i,2.75521519081259-2.7967204339464i
-20+0i,32+0i,-8.77406953865838-0.8646107830705i
-20+0i,33+0i,-7.17043999100184+4.39051841912045i
-20+0i,34+0i,-0.9897906172833-15.2174650504858i
-20+0i,35+0i,-11.8451061703272-7.5770553996406i
-20+0i,36+0i,2.31327742616708+9.15717814982074i
-20+0i,37+0i,4.86477553123894+1.84325406615473i
-20+0i,38+0i,-5.16209591878072+3.36433334730561i
-20+0i,39+0i,2.21985728177827-7.67989284757i
-20+0i,40+0i,5.778647039036+4.26160767379159i
-20+0i,41+0i,8.32772792758601+9.02896441057184i
-20+0i,42+0i,-9.58610698983164+1.38318056731838i
-20+0i,43+0i,0.68054335485408+6.27213436519117i
-20+0i,44+0i,1.7244159216831-13.1068034217826i
-20+0i,45+0i,-12.3457483060619+4.2301448064073i
-20+0i,46+0i,-1.92423413166084+6.88212933260509i
-20+0i,47+0i,-19.8600474847255-9.2900259188368i
-20+0i,48+0i,-6.64614117543166-4.06165107477898i
-20+0i,49+0i,8.83471330999954-7.00937198110012i
-20+0i,50+0i,0.63479935447957+1.6179000543852i
-19+0i,-49+0i,-2.6189039608991-3.28970282174389i
-19+0i,-48+0i,-4.03662220709816+0.43598435103927i
-19+0i,-47+0i,11.7161339962916-3.3500713798231i
-19+0i,-46+0i,7.73369064997603+4.65394413775795i
-19+0i,-45+0i,3.54879818665967+2.31174008476138i
-19+0i,-44+0i,-0.81042316922705-3.24365465672492i
-19+0i,-43+0i,2.32061171872607+5.56660574791133i
-19+0i,-42+0i,-6.43417324629252+4.65816134515008i
-19+0i,-41+0i,4.365792863777+13.404064529277i
-19+0i,-40+0i,9.05793368853706+1.07140036399587i
-19+0i,-39+0i,-9.8829748685195+5.18077135504589i
-19+0i,-38+0i,4.0951178876841+12.1746466760404i
-19+0i,-37+0i,-6.10666984047902+2.79975387766791i
-19+0i,-36+0i,-6.79680939634123+5.16766740044977i
-19+0i,-35+0i,0.26703771419933-4.85333557511566i
-19+0i,-34+0i,-3.64910691907342+5.31774060366504i
-19+0i,-33+0i,-0.86159580363178+5.62299177050588i
-19+0i,-32+0i,-9.37357136335041+2.91466873462031i
-19+0i,-31+0i,3.74919533181058+1.52762215744902i
-19+0i,-30+0i,2.1806356284836-11.9192730138623i
-19+0i,-29+0i,2.34939813317119-0.38900995426556i
-19+0i,-28+0i,3.95349191530022+6.85968757290744i
-19+0i,-27+0i,-6.07602640840693+1.54896151415296i
-19+0i,-26+0i,-6.19754037568311-7.28737441182816i
-19+0i,-25+0i,-5.5149325853722-5.10964689624674i
-19+0i,-24+0i,15.7719628270714-14.0244127152871i
-19+0i,-23+0i,-0.19784618984406-8.84099792123823i
-19+0i,-22+0i,-11.566063775613+16.4595829786095i
-19+0i,-21+0i,7.99879993052306-2.91853108654794i
-19+0i,-20+0i,-2.91863694787809-5.41045784233484i
-19+0i,-19+0i,3.80674469418265+1.35163580074409i
-19+0i,-18+0i,5.02363699549909-0.89418332665608i
-19+0i,-17+0i,-3.34437954469848-1.52080711116392i
-19+0i,-16+0i,0.4021023980903-19.0653683740798i
-19+0i,-15+0i,-3.33276455411375+3.71242847285919i
-19+0i,-14+0i,-7.8237180301244+22.1943252849624i
-19+0i,-13+0i,-18.2979416320713+15.1079935336185i
-19+0i,-12+0i,-20.1383648786799+9.1191717977798i
-19+0i,-11+0i,-21.3194727393232+5.9137666154957i
-19+0i,-10+0i,6.03570154029633+9.30085695675948i
-19+0i,-9+0i,14.3483189095043-15.1109965116559i
-19+0i,-8+0i,-23.5745661888061-2.9582591073352i
-19+0i,-7+0i,3.10226684985262-8.92030522335672i
-19+0i,-6+0i,6.6873088558333-34.8625825991663i
-19+0i,-5+0i,19.4968283579369+23.9036575759637i
-19+0i,-4+0i,82.2876806094277+19.8223931989002i
-19+0i,-3+0i,-30.8617625638796-8.7924780740091i
-19+0i,-2+0i,-136.525035736801+50.260621033034i
-19+0i,-1+0i,-44.810526853339+31.0620076941224i
-19+0i,0+0i,-39.5182593645315-88.1829888820346i
-19+0i,1+0i,-42.0967034095997-94.9355230969417i
-19+0i,2+0i,84.6070333092035-0.0791068593304i
-19+0i,3+0i,41.3315995066692+33.4215347158026i
-19+0i,4+0i,-40.2052469432373+51.3335936425148i
-19+0i,5+0i,4.1774427258692+44.4669625501887i
-19+0i,6+0i,-7.8738542971739-5.49488735045091i
-19+0i,7+0i,-8.2579503016873-38.9517589423996i
-19+0i,8+0i,24.7885174059228-42.9043400479825i
-19+0i,9+0i,63.40285974648-0.4112324499049i
-19+0i,10+0i,44.1328319839415+32.7894223139784i
-19+0i,11+0i,-33.2878076739615+35.1074817521264i
-19+0i,12+0i,-19.4488855585305+19.3560244789993i
-19+0i,13+0i,-12.1027535388553+7.3691980133242i
-19+0i,14+0i,-18.6024801422683+2.1652265618582i
-19+0i,15+0i,1.35280227878642-7.91773829069027i
-19+0i,16+0i,-1.02965305262867-0.65433444888293i
-19+0i,17+0i,8.1702398275599-14.8585658782733i
-19+0i,18+0i,-2.9928251601866-15.3813610996173i
-19+0i,19+0i,2.13416242230959+0.31048728001248i
-19+0i,20+0i,18.7451073380816-17.3621085244171i
-19+0i,21+0i,-0.37684629768246-8.03349792404552i
-19+0i,22+0i,4.37571171899694+5.83380718938864i
-19+0i,23+0i,2.93884348582184+0.71318412593448i
-19+0i,24+0i,-3.9451870818012+10.5108774296594i
-19+0i,25+0i,1.24703890621034+3.2305095693915i
-19+0i,26+0i,-9.43084544906296-1.3621495390616i
-19+0i,27+0i,0.45659710384556+3.0388845030953i
-19+0i,28+0i,1.56551893308097-0.49268772003839i
-19+0i,29+0i,-2.23332802885863+8.24424680811227i
-19+0i,30+0i,3.2378406918992+8.09314047760819i
-19+0i,31+0i,-4.78421194753797-0.24713909961298i
-19+0i,32+0i,-6.0225757224157-10.6310700046484i
-19+0i,33+0i,-8.95816849133655-2.00336491642926i
-19+0i,34+0i,1.55865747934589+2.68849780410194i
-19+0i,35+0i,-3.13138669507028-7.622373800064i
-19+0i,36+0i,-7.42949693950483+9.323537124519i
-19+0i,37+0i,5.36374056722375+2.68497126284245i
-19+0i,38+0i,-3.74696474870957-0.26392523128768i
-19+0i,39+0i,4.1269082704112+10.6898223885507i
-19+0i,40+0i,6.60890153176512+0.40750948776725i
-19+0i,41+0i,-1.90673733438158-1.09328068910917i
-19+0i,42+0i,-4.37196156241441+0.20971354288188i
-19+0i,43+0i,-2.34455058436579+0.14868942221637i
-19+0i,44+0i,6.3873515154893-4.59387570333846i
-19+0i,45+0i,-3.0906947815334+0.46655524650813i
-19+0i,46+0i,-10.7224856047703+1.1152916231605i
-19+0i,47+0i,-1.24085880679005-9.87525416357226i
-19+0i,48+0i,1.28785498879371-7.16882192959386i
-19+0i,49+0i,-1.89498790789794+6.72985470387863i
-19+0i,50+0i,7.50014215317742+6.59050054120135i
-18+0i,-49+0i,2.18177507295631+6.45866574731592i
-18+0i,-48+0i,-1.45903166946398-1.34545101127318i
-18+0i,-47+0i,5.03491915632956+0.076405546414i
-18+0i,-46+0i,-1.14889487186195-0.86494212570268i
-18+0i,-45+0i,6.61659700107916-1.01751393823332i
-18+0i,-44+0i,0.57930352771121-2.55547765066542i
-18+0i,-43+0i,-3.67916056565331+4.46311886109435i
-18+0i,-42+0i,0.65963784541719-7.3284901603149i
-18+0i,-41+0i,-0.983026261720105-0.050275733007962i
-18+0i,-40+0i,13.5501530794176+9.9032368175524i
-18+0i,-39+0i,11.7974226329026+7.1723745122821i
-18+0i,-38+0i,2.1284923496859+10.9586773769104i
-18+0i,-37+0i,-10.8475149357911+1.3020977303177i
-18+0i,-36+0i,-5.10204928951485-3.27994350989095i
-18+0i,-35+0i,9.20652955771962-1.71327883503854i
-18+0i,-34+0i,1.57259097384076+8.71481329543191i
-18+0i,-33+0i,-0.8458841651784+13.7268273717522i
-18+0i,-32+0i,-3.54675804832721+1.33281819109749i
-18+0i,-31+0i,-5.81292684149854+0.85242079291986i
-18+0i,-30+0i,2.35238941160924+3.48530719456623i
-18+0i,-29+0i,4.0927397285548-10.8455111808568i
-18+0i,-28+0i,-5.28604510334256+1.86834637147536i
-18+0i,-27+0i,-1.30452336529415+7.60998708557494i
-18+0i,-26+0i,-4.2343576097243-10.1837546037202i
-18+0i,-25+0i,-2.29686789137005+4.72912830809855i
-18+0i,-24+0i,13.6123590402484-1.7259750870144i
-18+0i,-23+0i,7.65857626790217-1.59066043726136i
-18+0i,-22+0i,-14.6035497290049+7.1764979774866i
-18+0i,-21+0i,-20.8431670458189-4.5777351799856i
-18+0i,-20+0i,17.1093020039916-6.1234234374169i
-18+0i,-19+0i,22.8854969151872-2.3094574726929i
-18+0i,-18+0i,6.6072684687028+17.9621506833287i
-18+0i,-17+0i,-7.60302048953436+1.72925982366661i
-18+0i,-16+0i,-14.3197382141525-4.0769385769172i
-18+0i,-15+0i,34.9125366475267-13.1991548866711i
-18+0i,-14+0i,19.9405334286594-33.6240253309276i
-18+0i,-13+0i,9.2475362682626+42.4921600220742i
-18+0i,-12+0i,36.3471834197197+61.6719475289343i
-18+0i,-11+0i,-21.6412098220193+34.1895467875997i
-18+0i,-10+0i,-19.9963873565762+55.316588295567i
-18+0i,-9+0i,7.1997556548424+14.9206163660554i
-18+0i,-8+0i,-40.452717418832-16.1360091568949i
-18+0i,-7+0i,9.4561665440751-10.4803995366363i
-18+0i,-6+0i,71.8392573558752-22.5185943484671i
-18+0i,-5+0i,-0.3642925981668-10.6295472041032i
-18+0i,-4+0i,14.2402083712947-21.5470921224767i
-18+0i,-3+0i,60.264498103054+13.6075421194362i
-18+0i,-2+0i,-11.036860255561+103.406543807821i
-18+0i,-1+0i,-20.8338738269535-15.883670421812i
-18+0i,0+0i,-57.078697984595-113.564446163449i
-18+0i,1+0i,-68.0219905505859+22.4600341821228i
-18+0i,2+0i,10.0233780235381+0.3040820257721i
-18+0i,3+0i,-22.5404013272192-47.2909576622327i
-18+0i,4+0i,15.0640982414539+48.8924427763917i
-18+0i,5+0i,27.8127038829218+38.8891461506682i
-18+0i,6+0i,-43.4136787311291-5.5479534089053i
-18+0i,7+0i,21.2261916463156-43.4830686592328i
-18+0i,8+0i,25.2967102745166-28.0457527070039i
-18+0i,9+0i,11.2530474221028+17.9368941336933i
-18+0i,10+0i,26.040548620886+7.951409164794i
-18+0i,11+0i,-21.1629649387161+26.2846597962597i
-18+0i,12+0i,-16.143408862061-0.2528796765591i
-18+0i,13+0i,4.0394116610075-20.4316328477447i
-18+0i,14+0i,-4.56815615782728-1.85318329977825i
-18+0i,15+0i,-3.77218487555699+6.22395191473757i
-18+0i,16+0i,9.465322224137+10.8967415463883i
-18+0i,17+0i,-5.33675053748988-7.80804611248713i
-18+0i,18+0i,-6.05546778487012-0.38616647313398i
-18+0i,19+0i,5.4050420284024-10.7234141131685i
-18+0i,20+0i,1.27979078122858-2.94157609184202i
-18+0i,21+0i,10.6582974674471+6.7099242623082i
-18+0i,22+0i,-10.098423811453-11.0895649871494i
-18+0i,23+0i,-8.61781402313599+6.72227422382979i
-18+0i,24+0i,-6.595773668657+0.81433620540608i
-18+0i,25+0i,-10.640250445648-4.0142257190459i
-18+0i,26+0i,10.3833668778612+2.0540938294113i
-18+0i,27+0i,4.09091925466309+4.87537670954843i
-18+0i,28+0i,3.98650653734731+3.42592247632657i
-18+0i,29+0i,-0.219015469110583+0.073460440163302i
-18+0i,30+0i,-3.96563816156322+7.01891665404187i
-18+0i,31+0i,2.62942593451019-4.1201538070998i
-18+0i,32+0i,7.69711719784452-4.01031443580018i
-18+0i,33+0i,2.27156875500144+3.70091580615067i
-18+0i,34+0i,-8.43134896345786+4.07988935621261i
-18+0i,35+0i,-4.4097526888425+3.09290045082764i
-18+0i,36+0i,-7.42615530022603+3.58814001109616i
-18+0i,37+0i,6.10624084977438-1.21887564076235i
-18+0i,38+0i,6.3868850530067-2.10040290221589i
-18+0i,39+0i,-9.1835245161882+12.0554946685045i
-18+0i,40+0i,5.30660812790873+4.86474937566168i
-18+0i,41+0i,5.09107392353912-3.69699518265892i
-18+0i,42+0i,-7.37796133843481+0.08875983033279i
-18+0i,43+0i,0.85298049507446-7.4752047715676i
-18+0i,44+0i,0.8615347798927-6.41759349300426i
-18+0i,45+0i,-2.22064148869486+1.30832703352167i
-18+0i,46+0i,0.7228281023557-6.91150933214524i
-18+0i,47+0i,-1.55494437834128-0.45137464534402i
-18+0i,48+0i,1.94116970845064-3.08961804692458i
-18+0i,49+0i,-3.26602342744847-8.4205114935117i
-18+0i,50+0i,1.3362828992005+13.9765127133697i
-17+0i,-49+0i,0.54481510401671+9.5506214611472i
-17+0i,-48+0i,-0.67385687452467+6.51249252709131i
-17+0i,-47+0i,-0.51213111442927+4.08971318355991i
-17+0i,-46+0i,0.95363404124634-7.43496731738491i
-17+0i,-45+0i,3.04825204433749-1.90012047113354i
-17+0i,-44+0i,1.0224269416862-4.68718453873744i
-17+0i,-43+0i,-2.74925301537508+3.08216277954718i
-17+0i,-42+0i,4.41124325303598+4.77472010764093i
-17+0i,-41+0i,-3.35897005391735-2.83067660383538i
-17+0i,-40+0i,-0.30039192329545+3.78444696484311i
-17+0i,-39+0i,-0.91732187365479+6.73519199068772i
-17+0i,-38+0i,1.63359080697025+6.53741026140878i
-17+0i,-37+0i,-0.83011906603649-4.34409192787433i
-17+0i,-36+0i,-6.82906793033445-0.45429851098055i
-17+0i,-35+0i,3.28058465051826+2.80045346190232i
-17+0i,-34+0i,-8.55149393942154+1.83669927999655i
-17+0i,-33+0i,-8.68684742266008+6.39221766655612i
-17+0i,-32+0i,1.76747860838409-3.84502626485865i
-17+0i,-31+0i,1.06845473038165-9.45921526126084i
-17+0i,-30+0i,3.77212762141447-2.49099721763132i
-17+0i,-29+0i,1.69097894429366+1.94510699410945i
-17+0i,-28+0i,-2.35156786007517+2.31387008886053i
-17+0i,-27+0i,0.94904081964628+1.57317607568084i
-17+0i,-26+0i,7.9738976723888-0.01182079776154i
-17+0i,-25+0i,6.99963348272675+1.22955330748092i
-17+0i,-24+0i,2.75606131210014-3.3680608214915i
-17+0i,-23+0i,2.3848096016121+3.03076432059979i
-17+0i,-22+0i,-5.8345427865423+11.7204627530422i
-17+0i,-21+0i,2.46305356662163+0.51349353999709i
-17+0i,-20+0i,10.3411554305727-9.7724903456971i
-17+0i,-19+0i,-13.408771009972+2.6950402468422i
-17+0i,-18+0i,21.3104074129685+12.0226308623485i
-17+0i,-17+0i,38.5747346350358-22.2589784340911i
-17+0i,-16+0i,-12.2440542646397-16.7619061386751i
-17+0i,-15+0i,8.9077302552761+25.0359591001272i
-17+0i,-14+0i,16.549607442547+0.75547299075i
-17+0i,-13+0i,-16.5720684668649-19.3321737475678i
-17+0i,-12+0i,17.752309135783+0.9328186125666i
-17+0i,-11+0i,26.3846590190062+16.5507750925527i
-17+0i,-10+0i,4.5874238931816+53.5068604890454i
-17+0i,-9+0i,17.5760558224543+13.783705279234i
-17+0i,-8+0i,-29.1039167051828-61.5935823040887i
-17+0i,-7+0i,6.3699945132722-11.7265939650348i
-17+0i,-6+0i,78.0323731551172+5.5734458417961i
-17+0i,-5+0i,-21.8980160376511-4.8057233975842i
-17+0i,-4+0i,57.3466246002723-50.6916613545288i
-17+0i,-3+0i,174.49277378461-89.788635660136i
-17+0i,-2+0i,46.9419418039435+78.2645528427472i
-17+0i,-1+0i,2.6058765673333+81.7024567605613i
-17+0i,0+0i,-46.2655557093945-6.4580036542599i
-17+0i,1+0i,-138.171227942994+37.245881600718i
-17+0i,2+0i,-97.3985159709775-74.17619154469i
-17+0i,3+0i,-13.4274517236462-92.8098614515068i
-17+0i,4+0i,41.4876491297573-18.9504767843168i
-17+0i,5+0i,19.5432316535201-30.1951236968592i
-17+0i,6+0i,1.4259853093879+21.4909844820168i
-17+0i,7+0i,1.5882941852218+35.034324887782i
-17+0i,8+0i,-3.6881821127854+14.639654929401i
-17+0i,9+0i,5.1980370013089-30.1202565996932i
-17+0i,10+0i,-3.292501290068-20.5628234640762i
-17+0i,11+0i,15.450392430702+23.5795783548775i
-17+0i,12+0i,-18.0861326210253-18.7391749294104i
-17+0i,13+0i,-8.0592302463946+18.4136507512739i
-17+0i,14+0i,28.1317839788821+9.3730744712685i
-17+0i,15+0i,-31.7808517747622+0.4909379790386i
-17+0i,16+0i,5.82383577766+37.5354531050637i
-17+0i,17+0i,-2.8642556166081-20.8791116493428i
-17+0i,18+0i,-26.2696198531692+2.2092192960811i
-17+0i,19+0i,25.6754124277604+7.6926005115482i
-17+0i,20+0i,-9.96747470807297-2.73083149145288i
-17+0i,21+0i,-17.445537008078+16.6111988782047i
-17+0i,22+0i,-16.2170461991679-15.840428547091i
-17+0i,23+0i,-7.0161770554172-7.61155655130944i
-17+0i,24+0i,7.34708866481788-6.13246831502765i
-17+0i,25+0i,-1.86096646164885-1.9327874359513i
-17+0i,26+0i,8.77824737025341+4.66570755678875i
-17+0i,27+0i,-2.35600944704612-1.68522256534266i
-17+0i,28+0i,7.72659064106434+0.68168013685789i
-17+0i,29+0i,4.56315798374746+5.09512537132545i
-17+0i,30+0i,-0.84889617067047+8.95398306237948i
-17+0i,31+0i,6.83246874094237-8.3002778818792i
-17+0i,32+0i,-2.1173024587004-1.27586790034558i
-17+0i,33+0i,3.37182383267613+7.23053426894824i
-17+0i,34+0i,3.89825145187893+2.34788559116317i
-17+0i,35+0i,-9.19278134136093-1.52609473332021i
-17+0i,36+0i,-17.4947423529661-0.8910986570735i
-17+0i,37+0i,0.73046219355877+2.78375711908628i
-17+0i,38+0i,3.5459881753881+1.3547335948326i
-17+0i,39+0i,-5.24789845112522+3.79874562964029i
-17+0i,40+0i,-0.11473698537532+1.70300889552001i
-17+0i,41+0i,1.04944245782109-2.08769371616015i
-17+0i,42+0i,-2.0741432528725-11.9276784432686i
-17+0i,43+0i,4.0322741812301-4.89579556063847i
-17+0i,44+0i,6.99122704250707-6.3167122511315i
-17+0i,45+0i,-3.78698994401675-3.53040187024695i
-17+0i,46+0i,4.97697950550522+6.85043970114585i
-17+0i,47+0i,-6.70481988906615-1.52970017853576i
-17+0i,48+0i,-4.59657569288197+2.88213704206606i
-17+0i,49+0i,8.11200861464963-7.27024666659613i
-17+0i,50+0i,-6.32485423500741-0.24370730561499i
-16+0i,-49+0i,4.81958948966337+2.00800759735471i
-16+0i,-48+0i,-1.10319988876648+3.68676891516281i
-16+0i,-47+0i,2.35825984771736+7.71393627475254i
-16+0i,-46+0i,-1.42029609772616+2.08634815328488i
-16+0i,-45+0i,5.82973415804284+4.47990736083432i
-16+0i,-44+0i,12.6472626583257-12.1412046863397i
-16+0i,-43+0i,-7.52540901021796+5.77787806958884i
-16+0i,-42+0i,0.6799071341493+18.5262049572831i
-16+0i,-41+0i,-9.34546115619959+5.252625684981i
-16+0i,-40+0i,-10.8634484376049+10.4614330693432i
-16+0i,-39+0i,-10.5664858386985+0.689172452302i
-16+0i,-38+0i,-7.36719640597429+4.41344123563912i
-16+0i,-37+0i,-0.80072556463807-1.78321538144013i
-16+0i,-36+0i,-14.7692608279707-4.6340754911907i
-16+0i,-35+0i,0.61868126048077-2.84639688102005i
-16+0i,-34+0i,-2.51804476897945-8.88757125921799i
-16+0i,-33+0i,-9.01815953718724+1.12313480424792i
-16+0i,-32+0i,3.83737713417819+0.63725536832914i
-16+0i,-31+0i,5.35218421597662-3.21357397674189i
-16+0i,-30+0i,6.51781254060712-0.17694609144963i
-16+0i,-29+0i,1.48746206866997+3.67233211041547i
-16+0i,-28+0i,0.62428461422687+5.83999528920901i
-16+0i,-27+0i,4.67806482640698+5.24805121408155i
-16+0i,-26+0i,-4.7853188829736+4.54108580833512i
-16+0i,-25+0i,-9.13070789334916+8.35508176785636i
-16+0i,-24+0i,-5.75883317108335-6.99401399137512i
-16+0i,-23+0i,-5.1419213515775-14.8536518485747i
-16+0i,-22+0i,-5.13622341684885+3.5976331407383i
-16+0i,-21+0i,-5.0129166324484+10.6642236767593i
-16+0i,-20+0i,19.7357446250576-11.4066035305928i
-16+0i,-19+0i,-4.2083632252653-39.8069663940529i
-16+0i,-18+0i,-13.6397408622667-2.0810887819041i
-16+0i,-17+0i,41.4693665422712+0.9592356096994i
-16+0i,-16+0i,9.194705722787-22.1690873707654i
-16+0i,-15+0i,18.6993480504715+18.2295950964214i
-16+0i,-14+0i,30.8129227639833+2.5895522794213i
-16+0i,-13+0i,-45.7821840547416+34.4361508961646i
-16+0i,-12+0i,-5.5513233223567+70.3973355517815i
-16+0i,-11+0i,-15.5763446430194-31.1348960498302i
-16+0i,-10+0i,-83.6582162305629-30.4576139599704i
-16+0i,-9+0i,11.9413745324793+5.0648512048015i
-16+0i,-8+0i,21.1481990750808-29.3268940103599i
-16+0i,-7+0i,-53.3122968881055+34.0042272687089i
-16+0i,-6+0i,12.0056398976485+42.5194490051931i
-16+0i,-5+0i,26.4321270196234-64.0228871802683i
-16+0i,-4+0i,-15.521027001968-129.366164805581i
-16+0i,-3+0i,90.8034807594788-64.1213201875731i
-16+0i,-2+0i,141.720135669388+63.984812619545i
-16+0i,-1+0i,-5.2736167436895+25.8352815774408i
-16+0i,0+0i,-28.065889031293-37.0599213442301i
-16+0i,1+0i,38.3143702034548-7.3584378388711i
-16+0i,2+0i,-52.5605051946082-21.0707195138391i
-16+0i,3+0i,-78.3414959600718-4.6406841211813i
-16+0i,4+0i,-24.2224477291379-17.8621156701121i
-16+0i,5+0i,-41.4501546445729-45.4885312777109i
-16+0i,6+0i,-1.2699806801431+19.9817675536374i
-16+0i,7+0i,34.1971137863617-5.9998902050553i
-16+0i,8+0i,-6.2420146630971-29.6188370320979i
-16+0i,9+0i,6.6894445085835+18.5425782148144i
-16+0i,10+0i,12.0593124738686-5.6187062701785i
-16+0i,11+0i,-9.95743568191+11.1593586219893i
-16+0i,12+0i,-10.5277494225627+19.1637351003396i
-16+0i,13+0i,-15.2345757489601+9.2223229684655i
-16+0i,14+0i,7.1154421922966+16.202296655786i
-16+0i,15+0i,0.7814236450275-19.4293589893208i
-16+0i,16+0i,-6.74433533089739+3.14973053245862i
-16+0i,17+0i,0.23479084335443+2.80661732428343i
-16+0i,18+0i,-10.9111206325748-17.0196594171424i
-16+0i,19+0i,7.9770526978762+16.9585534369132i
-16+0i,20+0i,11.6466687351905+13.9683669459503i
-16+0i,21+0i,-6.11665648967225-6.59692632376762i
-16+0i,22+0i,-17.80861936494+0.5598237335769i
-16+0i,23+0i,6.78855136452492+4.50510340681031i
-16+0i,24+0i,16.7992776540383-4.0787541087722i
-16+0i,25+0i,-11.5209109441437+3.8344184326471i
-16+0i,26+0i,-11.1558104149163+2.4797984474539i
-16+0i,27+0i,-1.4558493298949+3.30844018177353i
-16+0i,28+0i,3.94241894942162+3.65519844477287i
-16+0i,29+0i,-3.10565476776314+3.18222598911678i
-16+0i,30+0i,3.81660227030287+8.305834705399i
-16+0i,31+0i,1.90485093495037-5.81563618283027i
-16+0i,32+0i,-10.5108703781596-3.866412619129i
-16+0i,33+0i,-4.47565511550884+1.98442971649808i
-16+0i,34+0i,-4.31253430797252+3.14219844713713i
-16+0i,35+0i,-3.98211108153684-7.02546272689383i
-16+0i,36+0i,-8.17082511401448-3.07882606947617i
-16+0i,37+0i,-5.50110018671458+5.10938555866211i
-16+0i,38+0i,-10.1959274826781-0.1101029733399i
-16+0i,39+0i,-4.83734365934045+8.13947751628068i
-16+0i,40+0i,3.27358585615276-6.18933247004093i
-16+0i,41+0i,3.8785030741993-11.4049113990985i
-16+0i,42+0i,6.04593039487203-2.96084823470772i
-16+0i,43+0i,0.73777598647252+2.40738852427503i
-16+0i,44+0i,2.95861482840038-7.92562745913977i
-16+0i,45+0i,-3.5076848442249-4.50619891399961i
-16+0i,46+0i,10.9764261169362+5.3917311970964i
-16+0i,47+0i,2.96772484304437-6.40418992336922i
-16+0i,48+0i,-9.4520109548148+12.6055994446862i
-16+0i,49+0i,0.28045022697542+1.51134126363564i
-16+0i,50+0i,-4.25499739732464-8.05407141963264i
-15+0i,-49+0i,7.24598601552327+4.91411396216506i
-15+0i,-48+0i,5.03448200782489+2.33149782507158i
-15+0i,-47+0i,7.84036354982353+3.28825057480359i
-15+0i,-46+0i,3.50762472863636-4.86758548633526i
-15+0i,-45+0i,6.1298542030441+14.8729573741621i
-15+0i,-44+0i,20.2773042185685+10.877474576235i
-15+0i,-43+0i,-9.90891506137228+2.7280803720134i
-15+0i,-42+0i,-9.1560341941764+10.0971328893119i
-15+0i,-41+0i,-6.82939484908384+4.20763785588005i
-15+0i,-40+0i,-8.4520214259262+14.9251002605285i
-15+0i,-39+0i,-7.05576246576716+7.92458182927938i
-15+0i,-38+0i,-8.96305228133139+4.13376236239541i
-15+0i,-37+0i,-1.1956854371273-6.25843310638725i
-15+0i,-36+0i,-14.185245017858-8.1430384922706i
-15+0i,-35+0i,-2.28234205882597+4.27657180581951i
-15+0i,-34+0i,1.20038641687184-3.5686745593331i
-15+0i,-33+0i,-3.63023288787428-3.75562813587231i
-15+0i,-32+0i,10.7029885140474+1.3689100913001i
-15+0i,-31+0i,-0.23052935056167+5.75075315798637i
-15+0i,-30+0i,-4.86406717558876+5.37590859252549i
-15+0i,-29+0i,2.34427178131586-1.66365547309289i
-15+0i,-28+0i,-4.75759743038707+2.60199212874412i
-15+0i,-27+0i,2.8524989291893+10.0448570874647i
-15+0i,-26+0i,-8.20005116261843+6.43576661329067i
-15+0i,-25+0i,-27.5286782891376+3.4519829687234i
-15+0i,-24+0i,-16.1734627620717-14.6690115713496i
-15+0i,-23+0i,2.29692363437966+0.10154637372075i
-15+0i,-22+0i,10.3863231772854+3.8414281910403i
-15+0i,-21+0i,-38.2975489193496-25.5650933469735i
-15+0i,-20+0i,-12.7074835497377-7.0615772278778i
-15+0i,-19+0i,35.3539516970552-33.7688414854894i
-15+0i,-18+0i,15.6626258601359-12.0691490354842i
-15+0i,-17+0i,46.7010319840521+30.4277297991062i
-15+0i,-16+0i,-20.259627241791-6.9597059521502i
-15+0i,-15+0i,-24.0244943278047+20.7210907234071i
-15+0i,-14+0i,75.9430233749623+11.7889071598245i
-15+0i,-13+0i,-1.9757987209921+15.9551609044669i
-15+0i,-12+0i,-38.3190746537295+95.8732490644395i
-15+0i,-11+0i,1.9318420475887+56.2509071989368i
-15+0i,-10+0i,-37.7447363847482-11.3225009470375i
-15+0i,-9+0i,-61.2529162341267+37.6106937391289i
-15+0i,-8+0i,-50.7790044540908+90.3981359632646i
-15+0i,-7+0i,-47.5849380860101+33.4168369891235i
-15+0i,-6+0i,-31.0109035989702-35.8918665213762i
-15+0i,-5+0i,-40.3201141952132-36.6954759340583i
-15+0i,-4+0i,-77.4052425880213-47.9241798635527i
-15+0i,-3+0i,85.6358422895867-52.482965778927i
-15+0i,-2+0i,249.353226863364-10.183340728117i
-15+0i,-1+0i,62.3578186436453+2.5710937826361i
-15+0i,0+0i,-55.7670662975709+10.0254347239252i
-15+0i,1+0i,29.4498262127758+55.8239584913511i
-15+0i,2+0i,-4.20214832642716+6.961414333007i
-15+0i,3+0i,-57.1828835045451-40.08940836364i
-15+0i,4+0i,-45.721882428666+30.2454282411997i
-15+0i,5+0i,-46.2833105086833-27.4480515034474i
-15+0i,6+0i,-33.7753449382075-73.9584799565125i
-15+0i,7+0i,25.2812088701202-13.2457211445463i
-15+0i,8+0i,28.6337787727677-34.0057996022863i
-15+0i,9+0i,-12.1202304794125+20.2998094693212i
-15+0i,10+0i,-5.0615324246063+34.9041430127655i
-15+0i,11+0i,-3.2169161366413-33.5043474748545i
-15+0i,12+0i,8.43418830917351-9.60527748295163i
-15+0i,13+0i,25.2655558237901+4.2739652011319i
-15+0i,14+0i,20.162439554977+4.2966839755533i
-15+0i,15+0i,-9.0515401321393+15.1880551037516i
-15+0i,16+0i,-16.7003212304886+9.4785829435929i
-15+0i,17+0i,-5.3722840001039-21.2219124770021i
-15+0i,18+0i,-4.6551199700522-18.8717017582146i
-15+0i,19+0i,16.1345873825095-1.383075859868i
-15+0i,20+0i,-2.95540300027237-0.00950455012581i
-15+0i,21+0i,0.4339698968982+19.63081816369i
-15+0i,22+0i,9.7031069356794-1.55290736936685i
-15+0i,23+0i,-7.02458323870615-6.89239161371161i
-15+0i,24+0i,3.5839572433518+10.7273627316268i
-15+0i,25+0i,-12.2327320789755+0.9953746207536i
-15+0i,26+0i,-7.65464799603744-5.05089124377893i
-15+0i,27+0i,3.98502265399147+5.61893839198039i
-15+0i,28+0i,-0.7869311103638+7.59833163203553i
-15+0i,29+0i,-1.76879724664645-0.83420080432874i
-15+0i,30+0i,-7.96613270811019+6.74225257361928i
-15+0i,31+0i,-2.44915025895498-1.03532401973566i
-15+0i,32+0i,3.44937010979928+0.58924778422146i
-15+0i,33+0i,-5.262188599496+10.150291836243i
-15+0i,34+0i,-11.3355821579188-1.7471594978035i
-15+0i,35+0i,-5.2517273046067-10.6270167301344i
-15+0i,36+0i,-5.11416375949654+4.92710364635854i
-15+0i,37+0i,0.42388027325252+6.49226677903463i
-15+0i,38+0i,-13.2249132314994-3.6653749880717i
-15+0i,39+0i,-16.9230953081984+4.0765535964827i
-15+0i,40+0i,4.70356003027019-7.42978809782594i
-15+0i,41+0i,18.5212339225623-0.6073403285075i
-15+0i,42+0i,7.86692462093362+5.04885756061832i
-15+0i,43+0i,-10.6385338443935+3.8179920799185i
-15+0i,44+0i,2.36621887400434-8.58050797330851i
-15+0i,45+0i,-9.9322837874649-17.7084708450747i
-15+0i,46+0i,4.90200013054542+5.53826442167412i
-15+0i,47+0i,12.1453470267724-3.7395497079756i
-15+0i,48+0i,-13.3420082433438+0.8591253500698i
-15+0i,49+0i,1.49291494081732-6.05026584300527i
-15+0i,50+0i,2.3635964673873-10.5477754872592i
-14+0i,-49+0i,1.41225783120097-1.48377857098834i
-14+0i,-48+0i,-0.60362668996548+1.30457115250546i
-14+0i,-47+0i,11.4097563242783+6.4512652641913i
-14+0i,-46+0i,15.4463870703355+0.9207128827962i
-14+0i,-45+0i,3.42410762912863+9.24788444325948i
-14+0i,-44+0i,3.362838595706+10.9140289362353i
-14+0i,-43+0i,-6.282155474206+5.81871910484528i
-14+0i,-42+0i,-1.89803393723533+2.26051868192594i
-14+0i,-41+0i,-3.58861762395636+2.36588140319298i
-14+0i,-40+0i,-5.93393274182423+8.80885194316163i
-14+0i,-39+0i,-12.7173242332643-0.6998504119968i
-14+0i,-38+0i,-7.15603285899117+3.08771394430154i
-14+0i,-37+0i,9.3001580588649-3.18669207382885i
-14+0i,-36+0i,-3.1528208688927-1.11214754800748i
-14+0i,-35+0i,-6.03360550921135+3.25118499016285i
-14+0i,-34+0i,-5.34283103787425-0.5006411281427i
-14+0i,-33+0i,1.90213183586555-4.9298596707281i
-14+0i,-32+0i,1.02396875871737-0.81886818828449i
-14+0i,-31+0i,-0.3823679568798+12.1251316886265i
-14+0i,-30+0i,-6.65830682888186-6.39014979547075i
-14+0i,-29+0i,-11.1192508182053-1.4362783784312i
-14+0i,-28+0i,-0.93457540815976+1.08992802980828i
-14+0i,-27+0i,0.393218188354948+0.750454961781119i
-14+0i,-26+0i,0.23899603698863+4.50672138293259i
-14+0i,-25+0i,-13.3616744057924-1.9378149360177i
-14+0i,-24+0i,-4.06957038240616-5.35049110674049i
-14+0i,-23+0i,-16.989808342482-4.8507125445063i
-14+0i,-22+0i,-10.9637392202353+21.5090024952812i
-14+0i,-21+0i,10.9802089925515-8.3875054389242i
-14+0i,-20+0i,-10.2563332051618-15.0012139910572i
-14+0i,-19+0i,7.73744742702733+1.0283427724228i
-14+0i,-18+0i,2.68583774012116-9.56174403151032i
-14+0i,-17+0i,34.4368403446046+6.7451684805286i
-14+0i,-16+0i,33.9435189697419-27.324713180317i
-14+0i,-15+0i,-39.5252303191403+23.5967592464281i
-14+0i,-14+0i,-2.5674809264145+82.7526155428136i
-14+0i,-13+0i,-5.30410544200315-6.46967638205419i
-14+0i,-12+0i,-7.3534575969107-41.0116866653533i
-14+0i,-11+0i,64.3428377922138-19.9051732939434i
-14+0i,-10+0i,55.4144339890586+39.6024753633629i
-14+0i,-9+0i,25.5799781547+111.253908095307i
-14+0i,-8+0i,-29.005642150503+62.6278133592847i
-14+0i,-7+0i,-68.3299006699625+25.4546158272361i
-14+0i,-6+0i,-17.4487307131207+52.1759051617634i
-14+0i,-5+0i,-11.3601146691699+62.5418427516651i
-14+0i,-4+0i,-28.3863013554324+36.6430314884555i
-14+0i,-3+0i,84.6236166514658-68.1469565989615i
-14+0i,-2+0i,160.04110416009-62.387547993489i
-14+0i,-1+0i,3.419593249767+117.998805405758i
-14+0i,0+0i,-55.3656478148763+92.5891491190634i
-14+0i,1+0i,40.1922169334317-67.8252726178516i
-14+0i,2+0i,9.2065198545349-43.0603326117509i
-14+0i,3+0i,2.5422927575626-43.7362797614733i
-14+0i,4+0i,51.0783951111952-58.5945363328602i
-14+0i,5+0i,31.4418058269676-9.5769761821128i
-14+0i,6+0i,-29.8709347812537+12.0242304368295i
-14+0i,7+0i,-36.2032792151523+50.3895462827644i
-14+0i,8+0i,-11.3042714226246-27.1483634771093i
-14+0i,9+0i,-35.3302732643126-54.0870651432669i
-14+0i,10+0i,-3.48776994980304-3.34462425453981i
-14+0i,11+0i,22.0351012485987-41.5196968559656i
-14+0i,12+0i,12.2918133024956-11.4244594261876i
-14+0i,13+0i,18.4826612795693+12.9040450431153i
-14+0i,14+0i,15.4071642374609+15.5203405002727i
-14+0i,15+0i,-2.8499055918405+10.8530130963924i
-14+0i,16+0i,-25.9920653058179-14.6950016875232i
-14+0i,17+0i,-2.39381972296259-9.92095586748499i
-14+0i,18+0i,-7.4279431445486-31.8085680175887i
-14+0i,19+0i,-10.6377551624383-22.5861418543628i
-14+0i,20+0i,9.12058654130369+5.51101983876633i
-14+0i,21+0i,-12.5178415723151+6.5228652460246i
-14+0i,22+0i,-4.33816375880229+9.37825064593687i
-14+0i,23+0i,15.3741529206338-4.1239712777193i
-14+0i,24+0i,3.2634049941018-10.505557185631i
-14+0i,25+0i,-1.73223906880739+3.64447952574144i
-14+0i,26+0i,-1.53800221698708-1.02430381765901i
-14+0i,27+0i,-3.04339712268368+3.98488735345783i
-14+0i,28+0i,7.83116410259721+8.70419767721811i
-14+0i,29+0i,-6.9267687947814+9.04886149841734i
-14+0i,30+0i,-12.6180690436784+16.2703247230703i
-14+0i,31+0i,-1.75180010402288-6.365614649389i
-14+0i,32+0i,-3.84769774232998+0.93962605728488i
-14+0i,33+0i,-2.47586583543478+6.5797950461632i
-14+0i,34+0i,-3.5546424642888-4.05899860738935i
-14+0i,35+0i,-0.1021137204168-8.06943122241216i
-14+0i,36+0i,-15.3731346834973-5.2884455859026i
-14+0i,37+0i,-3.1010356719153+10.0473738505064i
-14+0i,38+0i,0.29336372998253-4.72288355282627i
-14+0i,39+0i,-10.7802629794662-0.6396164883682i
-14+0i,40+0i,7.58568247134363+0.31838864178745i
-14+0i,41+0i,1.81107248495051+5.71198329263032i
-14+0i,42+0i,2.13208402465567+7.07217235951965i
-14+0i,43+0i,-4.16877986956497-8.53465508714406i
-14+0i,44+0i,-0.35716798368936-4.1343637971536i
-14+0i,45+0i,-3.8214079250007-15.0651283063586i
-14+0i,46+0i,-10.0298091236241-4.1650299006446i
-14+0i,47+0i,1.992335624643-4.67627693439802i
-14+0i,48+0i,-3.7626799438128-10.3914157251041i
-14+0i,49+0i,10.1102163842025-5.403005133447i
-14+0i,50+0i,10.3454584664035-7.9530737676534i
-13+0i,-49+0i,2.52138234750077-4.57758952826753i
-13+0i,-48+0i,3.72567651650452-7.00478618453576i
-13+0i,-47+0i,4.85770567044684+6.20015133689741i
-13+0i,-46+0i,4.251532540518+11.3883285919809i
-13+0i,-45+0i,4.11887348694938+8.15775924599032i
-13+0i,-44+0i,3.95465326660038-4.37987694237365i
-13+0i,-43+0i,-7.50982822888796-0.47075214449588i
-13+0i,-42+0i,-2.13668298711916+4.45413826951695i
-13+0i,-41+0i,-3.38790873762928-0.07769154850116i
-13+0i,-40+0i,-5.36507793968548+2.05957135570283i
-13+0i,-39+0i,-5.7017787737205-0.86399878744463i
-13+0i,-38+0i,-0.1855788715567+2.253002568573i
-13+0i,-37+0i,-1.43453128791656-1.98768536949426i
-13+0i,-36+0i,-6.73008835359353+4.61226259282033i
-13+0i,-35+0i,3.11684984819735-7.0948040027043i
-13+0i,-34+0i,-2.534132739181-3.9128272710898i
-13+0i,-33+0i,1.39938368825112+4.77597690293253i
-13+0i,-32+0i,-5.46770106631555+0.13743272887543i
-13+0i,-31+0i,-0.1777377803311+12.0837086063838i
-13+0i,-30+0i,-7.75126114736971-7.92086675900851i
-13+0i,-29+0i,-8.42089361196829+4.37321869721151i
-13+0i,-28+0i,6.01018940667218+5.0985978304028i
-13+0i,-27+0i,-12.6181839373696-8.7825639025269i
-13+0i,-26+0i,-1.3771358534706-12.4025558976529i
-13+0i,-25+0i,-13.904329972653+1.4521369126523i
-13+0i,-24+0i,2.5612800821885+16.6401492693546i
-13+0i,-23+0i,-4.7343919289769-22.1690843072486i
-13+0i,-22+0i,-26.7350832610318+4.2358105590682i
-13+0i,-21+0i,10.1445510044881-3.3331049049509i
-13+0i,-20+0i,11.8170568449066-6.6968683380957i
-13+0i,-19+0i,37.0489655415846+16.5895454197024i
-13+0i,-18+0i,-9.3692683700179-30.0962770295468i
-13+0i,-17+0i,-23.8264531947496-9.9164778515418i
-13+0i,-16+0i,16.0700246883143+0.646822030604i
-13+0i,-15+0i,-15.2446179463893+1.0722720769742i
-13+0i,-14+0i,13.1158204457857-5.5923823161046i
-13+0i,-13+0i,-7.7505627601591-16.7356775142548i
-13+0i,-12+0i,-6.7408698866581+27.7119882266173i
-13+0i,-11+0i,51.0044692112074-15.9374659073823i
-13+0i,-10+0i,-1.8880940028035-72.2427867162362i
-13+0i,-9+0i,-25.4953496732895-4.7087974515445i
-13+0i,-8+0i,52.1609094517076+51.8568267899883i
-13+0i,-7+0i,52.6285288577342+15.0742317765287i
-13+0i,-6+0i,-53.0277669822777+66.4939082378389i
-13+0i,-5+0i,-34.027038039463+108.328041112802i
-13+0i,-4+0i,6.7808202637117-22.5735418090938i
-13+0i,-3+0i,-26.5890184842121-80.3842793927778i
-13+0i,-2+0i,25.8007080320111-40.5876669133824i
-13+0i,-1+0i,78.6151085518722+34.744050455495i
-13+0i,0+0i,139.869120720915+22.213689591964i
-13+0i,1+0i,97.1514817025649-20.005092653423i
-13+0i,2+0i,-24.0795992182426+76.6374058144465i
-13+0i,3+0i,-6.963686958932-43.4608416281132i
-13+0i,4+0i,18.5427203501144-61.0762215840643i
-13+0i,5+0i,52.0320068535724+70.0250150157752i
-13+0i,6+0i,-15.8307443001058-51.6579572233202i
-13+0i,7+0i,-62.9405205063289+2.6057420769328i
-13+0i,8+0i,-13.8004861418588-18.7802521187509i
-13+0i,9+0i,-55.9005588479602-96.9821738481716i
-13+0i,10+0i,40.955193472717+17.6896228452636i
-13+0i,11+0i,38.8792749273194-17.2627899662429i
-13+0i,12+0i,-40.3368732895945+32.7729535899321i
-13+0i,13+0i,10.6946696902491+48.7668137807689i
-13+0i,14+0i,-39.8345710356383-41.7585720246787i
-13+0i,15+0i,-10.5269685779668-32.9696133857888i
-13+0i,16+0i,45.6156825201528-36.4916463813615i
-13+0i,17+0i,11.2051266901375-10.0062311946069i
-13+0i,18+0i,-13.2103153869384-1.3970665206781i
-13+0i,19+0i,-21.5789100859265-5.4346310324113i
-13+0i,20+0i,-4.24832107850857+2.83817757135628i
-13+0i,21+0i,1.49585473562888-8.85228389784186i
-13+0i,22+0i,9.58930683440351+5.79884607527182i
-13+0i,23+0i,8.5275454434405+17.041418544573i
-13+0i,24+0i,5.82995443588153+2.70669054031167i
-13+0i,25+0i,2.35435879346672+0.07262551165774i
-13+0i,26+0i,-8.24892111238739+1.37670205421871i
-13+0i,27+0i,-3.69730596175555+4.31362637132997i
-13+0i,28+0i,-1.1394234929989+14.1310846340325i
-13+0i,29+0i,-15.7325482223187+4.890592339578i
-13+0i,30+0i,-10.6712809352984+6.0750603604833i
-13+0i,31+0i,0.31323358032913-6.14774884817454i
-13+0i,32+0i,-9.69807773946177-9.28971993897999i
-13+0i,33+0i,-1.10722655312998+0.00856631444826i
-13+0i,34+0i,-5.72329482167438-4.85578644651714i
-13+0i,35+0i,-1.51060699732806-3.39624982791086i
-13+0i,36+0i,1.43495048172-11.6665232824649i
-13+0i,37+0i,-2.81661272748667-0.87497895940045i
-13+0i,38+0i,0.85601980877767-2.13086953524813i
-13+0i,39+0i,-8.76050305759751+5.63123832828761i
-13+0i,40+0i,3.761883527176+12.0907581383415i
-13+0i,41+0i,-4.23997673402009-1.53446508210493i
-13+0i,42+0i,-9.29770182537568+5.02711759967659i
-13+0i,43+0i,-0.33464152724076-4.72208299625497i
-13+0i,44+0i,-1.89615179140952-9.36454889737987i
-13+0i,45+0i,-3.2457534680019-10.5053389381766i
-13+0i,46+0i,-5.62068872372374-9.83199704885184i
-13+0i,47+0i,1.76457032120932-8.82117263857241i
-13+0i,48+0i,1.555866574568-7.68716857253081i
-13+0i,49+0i,5.73882505331262+1.58076873190896i
-13+0i,50+0i,4.12014350470384+2.22364993380668i
-12+0i,-49+0i,0.1658149119911+4.67373699659034i
-12+0i,-48+0i,7.4210506766909+2.22459993189623i
-12+0i,-47+0i,3.80986639824253-5.07836542034957i
-12+0i,-46+0i,-1.01511598629178-2.34047775117569i
-12+0i,-45+0i,-0.65158881743111+9.56063437871106i
-12+0i,-44+0i,6.91234102382011+1.22357052822341i
-12+0i,-43+0i,-2.48942003366927-1.97523095944375i
-12+0i,-42+0i,-3.52085564454778-0.71460824934671i
-12+0i,-41+0i,-2.21581889775338-9.48183469351047i
-12+0i,-40+0i,3.48304884250932+6.41568068454703i
-12+0i,-39+0i,2.5111743905732+10.6400340924514i
-12+0i,-38+0i,-4.11962210068512+9.46898943572793i
-12+0i,-37+0i,-2.05668042617456-6.9301898255122i
-12+0i,-36+0i,-12.7998319219905-7.1790055469459i
-12+0i,-35+0i,3.11610169409629+9.28560970536033i
-12+0i,-34+0i,5.67883227614627+5.72260121393116i
-12+0i,-33+0i,-6.60224963468614+2.09701229922937i
-12+0i,-32+0i,-7.66970110479742-6.9696140384051i
-12+0i,-31+0i,-1.01951103188281+5.57092377211053i
-12+0i,-30+0i,7.19709531181185+1.04573947730439i
-12+0i,-29+0i,-4.44117715966268-4.48631133479878i
-12+0i,-28+0i,-13.4113199523073+8.8170421527853i
-12+0i,-27+0i,-2.34392912091071-1.43183340013358i
-12+0i,-26+0i,2.0349447529859-16.3310888585843i
-12+0i,-25+0i,-26.4825808541328-3.9439568826591i
-12+0i,-24+0i,-5.79290722943561-1.24126403636784i
-12+0i,-23+0i,9.2210576379375-16.2218927818067i
-12+0i,-22+0i,-12.3701836198267-7.0424773501762i
-12+0i,-21+0i,-6.4822819496123-13.4932248739783i
-12+0i,-20+0i,10.1376493727632-7.0786946941265i
-12+0i,-19+0i,23.8858690974805-2.4915014643205i
-12+0i,-18+0i,19.1000913689395+9.9471994820864i
-12+0i,-17+0i,20.2236872075852+5.1616706499391i
-12+0i,-16+0i,-51.9922941565873-22.8480793010487i
-12+0i,-15+0i,-68.4636203148805-3.1269523815566i
-12+0i,-14+0i,21.2364986683982-17.1827830114026i
-12+0i,-13+0i,42.5283879809609-11.3866236929084i
-12+0i,-12+0i,-3.03378391523722+2.44929114848218i
-12+0i,-11+0i,-56.1508869310479+54.6374271827943i
-12+0i,-10+0i,-1.8428149935426+34.3843050620948i
-12+0i,-9+0i,-40.8311070701858-68.5825093101267i
-12+0i,-8+0i,-98.7644908769882+27.207240124757i
-12+0i,-7+0i,-15.8798282490332+2.6249393000023i
-12+0i,-6+0i,-65.204180915602-69.6323497964534i
-12+0i,-5+0i,-73.9020623494201-0.8609313536538i
-12+0i,-4+0i,-0.8188683899731-11.33939752094i
-12+0i,-3+0i,17.1741295623306-5.0853284889856i
-12+0i,-2+0i,76.4733514759659-79.7801408933722i
-12+0i,-1+0i,130.855303391633-31.094496452922i
-12+0i,0+0i,92.410021302986+165.08218486454i
-12+0i,1+0i,-54.09038749072+110.626585372939i
-12+0i,2+0i,-63.4513005507791+37.2804371096657i
-12+0i,3+0i,27.1727826281199-12.6292113019571i
-12+0i,4+0i,-18.0264700680389-59.1078600729691i
-12+0i,5+0i,6.3414911096878-27.075280679539i
-12+0i,6+0i,56.6934024601964-75.8564034081452i
-12+0i,7+0i,0.597922982794-44.8066675455043i
-12+0i,8+0i,-34.5810909078969+1.796235942399i
-12+0i,9+0i,2.3089500535829-20.7246009866869i
-12+0i,10+0i,42.635007091423+27.2322265636052i
-12+0i,11+0i,-1.644193706048+42.932193849521i
-12+0i,12+0i,-20.8497207764621+16.4826762976929i
-12+0i,13+0i,-38.834596703064+10.8917102675335i
-12+0i,14+0i,-22.39139639641-19.8716599136986i
-12+0i,15+0i,29.0927960058739-63.0275526026145i
-12+0i,16+0i,14.3983642320856-3.0422446384958i
-12+0i,17+0i,45.492099783711+0.6309837868117i
-12+0i,18+0i,-4.9077276344317-33.0990999155249i
-12+0i,19+0i,-27.009597426146+15.5474425433868i
-12+0i,20+0i,16.1221092468525-20.8640973957832i
-12+0i,21+0i,-6.67953939925525+2.07207444186566i
-12+0i,22+0i,20.4861700650824+25.7808948536347i
-12+0i,23+0i,1.56943689675121-3.5165701201774i
-12+0i,24+0i,-2.3639248229042+16.691170467412i
-12+0i,25+0i,11.8965823237144+3.8861601786903i
-12+0i,26+0i,-3.3930468653803+6.88187951178827i
-12+0i,27+0i,-4.00436412974619-3.04848382619414i
-12+0i,28+0i,-16.6598535356439-5.2303149940234i
-12+0i,29+0i,-5.40441281520687-2.30004696297852i
-12+0i,30+0i,-6.71465428780392-0.01884371249061i
-12+0i,31+0i,-1.1235527109785+3.35474156187732i
-12+0i,32+0i,1.1546200678304-12.2921894025504i
-12+0i,33+0i,-0.05483816009768+5.65151126893689i
-12+0i,34+0i,-0.321673343965101+0.451027394108679i
-12+0i,35+0i,-7.27157002759669-5.09050352030032i
-12+0i,36+0i,-1.53946809386834+0.79212222500493i
-12+0i,37+0i,-1.23980652145747-1.03584124750601i
-12+0i,38+0i,-0.23953883457312-4.19227683558026i
-12+0i,39+0i,-14.6983854798606+4.7954608192918i
-12+0i,40+0i,-10.2190883412793+12.8622121121646i
-12+0i,41+0i,-4.57922946263329-1.89439155230337i
-12+0i,42+0i,-2.54426392738927-0.32459646557383i
-12+0i,43+0i,3.31176078566754-9.28061452583644i
-12+0i,44+0i,-0.32094186747265-8.23568138407026i
-12+0i,45+0i,3.78851707117472-1.54436358624485i
-12+0i,46+0i,-5.08849351385731-6.75558356919065i
-12+0i,47+0i,-4.00670710362183-6.02769273204195i
-12+0i,48+0i,3.31267228879109-3.87864751553164i
-12+0i,49+0i,5.08678833873241-1.9562010478104i
-12+0i,50+0i,-1.4220496735512-2.7781993981981i
-11+0i,-49+0i,-6.15973831481029+7.30936982185486i
-11+0i,-48+0i,-3.04600129682859+0.73747791941984i
-11+0i,-47+0i,4.24685038370112+2.84953071788635i
-11+0i,-46+0i,4.36226677075431-4.75046848065145i
-11+0i,-45+0i,-11.1327866509984-2.1435796697211i
-11+0i,-44+0i,8.94785977363263-1.76319348929162i
-11+0i,-43+0i,-4.1693388025303-10.5375663130684i
-11+0i,-42+0i,-4.17581172532917+8.14316574007575i
-11+0i,-41+0i,15.4459110437462-6.8242172390796i
-11+0i,-40+0i,2.54910572993676+0.75096941410462i
-11+0i,-39+0i,-2.15041748095062+5.26947732871471i
-11+0i,-38+0i,-10.5160978319141+6.0913727260722i
-11+0i,-37+0i,7.15692778018978+5.44188048428351i
-11+0i,-36+0i,3.0326999160815-9.10748911304763i
-11+0i,-35+0i,-1.34284268868838+9.65155938452531i
-11+0i,-34+0i,-1.13370245286725+4.99770657597237i
-11+0i,-33+0i,-11.9295415685908+2.0512034349862i
-11+0i,-32+0i,0.1114285621134-10.1635783981375i
-11+0i,-31+0i,0.09028143871029-7.1433608239132i
-11+0i,-30+0i,8.64780059180434+8.9974406119588i
-11+0i,-29+0i,0.9394860137262-10.4620548895246i
-11+0i,-28+0i,-9.38046136887998-1.12134152699611i
-11+0i,-27+0i,0.71836444803106+6.04834896692946i
-11+0i,-26+0i,-1.77478953706248-5.4794027269349i
-11+0i,-25+0i,-3.7331549331105-12.2583004524675i
-11+0i,-24+0i,-1.3970074284109-17.7853711999567i
-11+0i,-23+0i,-3.00496865217077-2.42123064154867i
-11+0i,-22+0i,-15.120887952153+3.4840912395043i
-11+0i,-21+0i,-20.7569259096376+14.3210728516455i
-11+0i,-20+0i,28.2686539979633+13.8555299318391i
-11+0i,-19+0i,27.1537927190167-34.4422435519123i
-11+0i,-18+0i,-32.4929319383918+17.0292080996407i
-11+0i,-17+0i,-2.6764394427985+29.0935692832096i
-11+0i,-16+0i,-5.0883086647045-51.8465685725391i
-11+0i,-15+0i,-23.8729631048288-21.1232304806537i
-11+0i,-14+0i,-18.3872832208003+17.8418975012905i
-11+0i,-13+0i,-10.4793680200367+41.7516645431253i
-11+0i,-12+0i,14.873589331174-10.2315686524231i
-11+0i,-11+0i,-22.6203314790878-18.7953637604469i
-11+0i,-10+0i,32.4942091369874+45.653577938586i
-11+0i,-9+0i,32.9708073190626+12.9497552465404i
-11+0i,-8+0i,-81.5330568580624+77.7714154337747i
-11+0i,-7+0i,-85.5091752172537+32.9495044584862i
-11+0i,-6+0i,-124.349814531054-49.660643955576i
-11+0i,-5+0i,-80.8917113493948+79.8726614027706i
-11+0i,-4+0i,107.002637942304-31.162248124694i
-11+0i,-3+0i,64.407698566919-136.019287151262i
-11+0i,-2+0i,-37.4136629695+143.404662889875i
-11+0i,-1+0i,16.259107219028+195.399716378979i
-11+0i,0+0i,-103.665120403457+20.125108211158i
-11+0i,1+0i,-104.528503898654+13.740881318929i
-11+0i,2+0i,57.4352782201142-24.0348471664203i
-11+0i,3+0i,-9.1481237435668-26.0121332424078i
-11+0i,4+0i,83.8206944376695-47.1923533714165i
-11+0i,5+0i,164.336632927413-88.379891003111i
-11+0i,6+0i,11.2160885276777+74.2155593124784i
-11+0i,7+0i,15.7221029592244+94.5353861097394i
-11+0i,8+0i,-18.3992143980802-14.9479128543253i
-11+0i,9+0i,-76.5174587562253-3.2946430039441i
-11+0i,10+0i,9.2421327827395-16.7541933499136i
-11+0i,11+0i,-9.3471624493956-6.05064032462194i
-11+0i,12+0i,-20.6519547974907+22.9826327434961i
-11+0i,13+0i,9.6043371551393-16.8832476866544i
-11+0i,14+0i,-0.2986857711609-11.6065113807129i
-11+0i,15+0i,43.4935902740451-15.3489436415461i
-11+0i,16+0i,27.8014530178216-19.6682127793977i
-11+0i,17+0i,9.01389900238618+3.03127189480025i
-11+0i,18+0i,4.1771839417091-26.1563971691684i
-11+0i,19+0i,-17.7615158049667-28.0483366573892i
-11+0i,20+0i,11.0527764298717-15.0434602759871i
-11+0i,21+0i,5.8881096618999+3.20733666443323i
-11+0i,22+0i,-5.0325609738709+12.6316705672674i
-11+0i,23+0i,6.61219733789951+7.07034633531031i
-11+0i,24+0i,17.1628581862757+4.4141192845525i
-11+0i,25+0i,8.09624003188561-7.30993533821347i
-11+0i,26+0i,-2.58727790357574+2.67709266668224i
-11+0i,27+0i,-5.371720292116-7.01634110114576i
-11+0i,28+0i,0.14337288648688-4.75552459414695i
-11+0i,29+0i,4.10198255111914-1.85542292724333i
-11+0i,30+0i,-14.1768684726024+7.275610756506i
-11+0i,31+0i,4.16451097783672+6.54838174196796i
-11+0i,32+0i,0.0414919168774-14.1863682309317i
-11+0i,33+0i,-1.63616569826475+9.19215606497968i
-11+0i,34+0i,6.37384835448723+5.18334301186693i
-11+0i,35+0i,-9.60304571785265-0.39979967729619i
-11+0i,36+0i,-10.978632479561-3.5593869993801i
-11+0i,37+0i,-9.09037888790298-3.80377686551036i
-11+0i,38+0i,11.64697032132+1.8360588241367i
-11+0i,39+0i,-6.06602895498603-1.8032922190254i
-11+0i,40+0i,-16.7967702640847+6.2729777730365i
-11+0i,41+0i,-3.1563368508457-8.98873877844107i
-11+0i,42+0i,-1.36930332726715-5.40598174719953i
-11+0i,43+0i,17.8426112437025-2.4685805886564i
-11+0i,44+0i,13.9761328986766-5.5067629761962i
-11+0i,45+0i,-3.0652014017458+10.604043057355i
-11+0i,46+0i,-1.92447114190186+3.11709516062465i
-11+0i,47+0i,-4.4385281175302-12.698421579486i
-11+0i,48+0i,-11.4206643182843+2.0009830340259i
-11+0i,49+0i,8.52004420743865+0.42578567165655i
-11+0i,50+0i,5.35641942599992-8.81865667768488i
-10+0i,-49+0i,-10.2864214097632+8.6462793574101i
-10+0i,-48+0i,6.73136368501228+4.33406696417273i
-10+0i,-47+0i,-11.6682507089074+5.2236582279105i
-10+0i,-46+0i,-5.85746696128176-3.81876691865684i
-10+0i,-45+0i,-4.7703090291483-15.7387941875062i
-10+0i,-44+0i,7.8419516568533+6.83842791571036i
-10+0i,-43+0i,6.4684284669351-13.0941839038146i
-10+0i,-42+0i,-14.9504629047442-2.1061407189621i
-10+0i,-41+0i,0.38115735001283+5.91583117324797i
-10+0i,-40+0i,4.58436819119667-4.78594491588018i
-10+0i,-39+0i,5.74779055735555-1.66426964205777i
-10+0i,-38+0i,-3.61008321478981+2.77531286579471i
-10+0i,-37+0i,-0.19307417192633+4.43147894696169i
-10+0i,-36+0i,0.14203052209259-7.09160371530264i
-10+0i,-35+0i,-0.15798020549201+2.15665626318877i
-10+0i,-34+0i,3.11388909581501-2.13723159825623i
-10+0i,-33+0i,-9.11534890553574-2.07320983053883i
-10+0i,-32+0i,-1.02239168507014+1.89543078182463i
-10+0i,-31+0i,6.23599893190427-4.05829917763545i
-10+0i,-30+0i,0.50220156741671-2.33634481691247i
-10+0i,-29+0i,-0.898999663693727-0.323793165480474i
-10+0i,-28+0i,4.84735841477358+0.84936641368396i
-10+0i,-27+0i,-2.90284202848545-7.3697775904716i
-10+0i,-26+0i,-3.7412730187433-10.7319377909329i
-10+0i,-25+0i,-3.6252092562371-0.86838390855065i
-10+0i,-24+0i,-0.86873826188463-7.733298122979i
-10+0i,-23+0i,5.05464727709915-6.83315049375418i
-10+0i,-22+0i,2.1879213213627+15.2334526269989i
-10+0i,-21+0i,-16.1494706870207-2.3963313924822i
-10+0i,-20+0i,-5.1463756267331+25.6428740262929i
-10+0i,-19+0i,45.083903388377+9.1888066752851i
-10+0i,-18+0i,-12.9733042207573-37.8539136033295i
-10+0i,-17+0i,-29.836918501888+7.8790606547855i
-10+0i,-16+0i,10.9619551204066-6.6530132962168i
-10+0i,-15+0i,9.30573077257124-9.74434397562568i
-10+0i,-14+0i,22.9606918781637-24.7761781220643i
-10+0i,-13+0i,3.50571482897787-1.51866109098117i
-10+0i,-12+0i,34.5519178057187+45.1408998679715i
-10+0i,-11+0i,-5.5731852897294+21.2183563787893i
-10+0i,-10+0i,-11.9293772146075+51.4589800657796i
-10+0i,-9+0i,45.3720008170252-58.3674232880509i
-10+0i,-8+0i,-70.4749227783115-39.2466535110233i
-10+0i,-7+0i,-0.257960894936+117.327040338802i
-10+0i,-6+0i,73.8614263651385+17.9386102012818i
-10+0i,-5+0i,-102.947106491776+17.614528676347i
-10+0i,-4+0i,-14.8980370749996-47.5813124415096i
-10+0i,-3+0i,97.421260194234-122.108260432248i
-10+0i,-2+0i,-44.780988626034+192.782788303224i
-10+0i,-1+0i,-22.405521479989+131.190143675176i
-10+0i,0+0i,51.531440711262-126.143306270389i
-10+0i,1+0i,-5.849600814547+62.4974516052207i
-10+0i,2+0i,-57.6456335208102+83.7197402859944i
-10+0i,3+0i,7.1832870870756-46.2518293503721i
-10+0i,4+0i,144.484294969084-4.439798667518i
-10+0i,5+0i,127.685942855162+66.275371760372i
-10+0i,6+0i,11.6887211070207+61.1649716492892i
-10+0i,7+0i,-48.6069613310725+12.5386072306993i
-10+0i,8+0i,-44.3222839301548-4.3285530876126i
-10+0i,9+0i,-57.1767156832739-65.7055768831486i
-10+0i,10+0i,1.6084930117477-41.2022749093675i
-10+0i,11+0i,44.2280149031882+5.1917880015627i
-10+0i,12+0i,-39.2241628353547+11.0192936692939i
-10+0i,13+0i,27.2184753688848+24.4490678661428i
-10+0i,14+0i,47.5966750323422-30.33172483652i
-10+0i,15+0i,6.939514883781-15.3360978653297i
-10+0i,16+0i,43.1850998725683+12.0274338466373i
-10+0i,17+0i,-6.18656476785343-5.84475469779377i
-10+0i,18+0i,-19.3896616779575-15.0677299982184i
-10+0i,19+0i,-3.4464182539753-14.0505452589491i
-10+0i,20+0i,-3.13407387088037-6.07260401071506i
-10+0i,21+0i,-8.610193858499-10.6087131726177i
-10+0i,22+0i,-17.8236135278102-1.1256317223292i
-10+0i,23+0i,3.78842265130665-1.58053304984238i
-10+0i,24+0i,7.14038239980439+0.43953413675118i
-10+0i,25+0i,4.89797825489804+0.1456002937472i
-10+0i,26+0i,7.5868722848728-11.3009164956035i
-10+0i,27+0i,-3.1672735901823-10.9002093116473i
-10+0i,28+0i,2.74037576121328+3.99162854663402i
-10+0i,29+0i,11.5592744806681+4.2004798043938i
-10+0i,30+0i,-10.494697323185+2.5293551965029i
-10+0i,31+0i,-5.82405140562387+4.43882933220108i
-10+0i,32+0i,-1.0785551490457-12.2521523000407i
-10+0i,33+0i,-3.88351870684342+0.87481489235117i
-10+0i,34+0i,1.21745794734419+7.70689424330448i
-10+0i,35+0i,-11.0275422993555-0.058142539234i
-10+0i,36+0i,-3.2550562323424-10.8477934096067i
-10+0i,37+0i,2.7604103286707-19.2798542222047i
-10+0i,38+0i,2.31400324780647-2.19689927952371i
-10+0i,39+0i,1.59716056440377+2.26795928774571i
-10+0i,40+0i,0.51331940347863-4.42614195005351i
-10+0i,41+0i,3.66874709242698-4.95762194733524i
-10+0i,42+0i,5.98917393460148-3.36989412838882i
-10+0i,43+0i,6.55237990571836+6.15665325234952i
-10+0i,44+0i,8.59466425130108+8.38459885607259i
-10+0i,45+0i,-1.03050965315475-9.20430285135236i
-10+0i,46+0i,2.80365932517999+4.70422505074551i
-10+0i,47+0i,12.5870470487221-1.440489423213i
-10+0i,48+0i,-19.1744006596332-5.9312079828136i
-10+0i,49+0i,1.256360517003+12.1238900269553i
-10+0i,50+0i,5.41555086906251-4.11411582382848i
-9+0i,-49+0i,-1.86056037741463+3.67385428949588i
-9+0i,-48+0i,-2.4288712582427+20.6701756693451i
-9+0i,-47+0i,-4.62873356926884-0.85879211861819i
-9+0i,-46+0i,-0.1922907224392-11.6758026005508i
-9+0i,-45+0i,2.45987694916533-5.50861829842906i
-9+0i,-44+0i,3.08470117010924+4.6051921525889i
-9+0i,-43+0i,4.77902268737767+3.00775325051441i
-9+0i,-42+0i,-5.90565207740689+2.9625932666893i
-9+0i,-41+0i,-14.4473702785539-4.0764933795955i
-9+0i,-40+0i,-3.32243279444587+6.2246374821208i
-9+0i,-39+0i,9.75144054014055+4.85944943801768i
-9+0i,-38+0i,-10.1424588133002+0.2815666407418i
-9+0i,-37+0i,-1.96299233392976+5.21414147311478i
-9+0i,-36+0i,-5.9206030657672-14.3764709813827i
-9+0i,-35+0i,-14.8782141747632-0.650960066933i
-9+0i,-34+0i,3.56630374140572+5.61142235279864i
-9+0i,-33+0i,1.2734852182191-3.88256090231759i
-9+0i,-32+0i,-4.10328589967236-5.8544793844865i
-9+0i,-31+0i,-5.03833048550959-3.35223154946836i
-9+0i,-30+0i,8.19331288390765+0.48355285932729i
-9+0i,-29+0i,4.51139798874196-7.7389705342999i
-9+0i,-28+0i,-6.30042067766033-6.59182152935802i
-9+0i,-27+0i,6.87989803782298+1.31549643122406i
-9+0i,-26+0i,13.5392514275729+2.914054842562i
-9+0i,-25+0i,-9.47526694594889+0.14377965849848i
-9+0i,-24+0i,-12.1615169931901-16.8274485094303i
-9+0i,-23+0i,-2.5061665467379-13.2653025238398i
-9+0i,-22+0i,13.0427740650852+20.7091438889948i
-9+0i,-21+0i,16.8440656277678-19.4018807459391i
-9+0i,-20+0i,-16.2177036384229-3.6387836039401i
-9+0i,-19+0i,8.7643321442523+16.3312464710291i
-9+0i,-18+0i,14.1246572125165-22.1959882452172i
-9+0i,-17+0i,31.0660585701042+11.9513806179688i
-9+0i,-16+0i,15.2616353397458-26.50516799497i
-9+0i,-15+0i,-19.2032471608772-22.8710942072604i
-9+0i,-14+0i,26.4188531114368-12.4964819882142i
-9+0i,-13+0i,3.1252214888661+5.19567145723933i
-9+0i,-12+0i,54.6161772202734+35.4554753519795i
-9+0i,-11+0i,11.2423336148285-30.6000104427153i
-9+0i,-10+0i,-71.8031598790091+71.9049298286724i
-9+0i,-9+0i,12.5896081477384+39.2829410208986i
-9+0i,-8+0i,-68.8690725813224-77.479912402547i
-9+0i,-7+0i,-98.5860626349264-21.1708779222969i
-9+0i,-6+0i,15.4643791343738-94.4338972109019i
-9+0i,-5+0i,43.658410703612-100.585701337575i
-9+0i,-4+0i,16.9656005691417-45.5164292668643i
-9+0i,-3+0i,19.7174056174909+24.0600290919903i
-9+0i,-2+0i,107.989894084901+98.054023799609i
-9+0i,-1+0i,16.102838298182-124.486585340225i
-9+0i,0+0i,-109.224592499437-85.598935844843i
-9+0i,1+0i,48.024004689892+184.854355743305i
-9+0i,2+0i,53.5276588138766+56.6491341971566i
-9+0i,3+0i,-28.8356139798211+38.6534005456293i
-9+0i,4+0i,3.0408814292576+67.4584526770542i
-9+0i,5+0i,-55.4401326232021-64.4400495351031i
-9+0i,6+0i,24.0925915650801-53.4313169488064i
-9+0i,7+0i,57.1593604079373-69.2485057750807i
-9+0i,8+0i,-13.219787001981-52.0500794763545i
-9+0i,9+0i,24.7359358370181-17.2909459751472i
-9+0i,10+0i,37.7798622661402+13.3233736906411i
-9+0i,11+0i,33.99598062723+49.2749469382563i
-9+0i,12+0i,-27.4043870723299+28.197752865721i
-9+0i,13+0i,3.8384518702254+28.0692034005222i
-9+0i,14+0i,29.1881297663514-3.0304713034955i
-9+0i,15+0i,-9.4360077640184+18.125100756056i
-9+0i,16+0i,27.3459605262161+23.7516211371266i
-9+0i,17+0i,-26.4786181337939-7.939490787098i
-9+0i,18+0i,-22.4865848233921-15.297744413044i
-9+0i,19+0i,15.9774638876328-26.4186245600065i
-9+0i,20+0i,-9.51362637092347+2.25297299387088i
-9+0i,21+0i,-11.3711620785879+5.5617644455183i
-9+0i,22+0i,-21.1509451682157+5.4387995591426i
-9+0i,23+0i,-7.44707891628006-1.31759743051521i
-9+0i,24+0i,5.1440800375606-13.0255817302812i
-9+0i,25+0i,6.14745591824378+9.16424724962098i
-9+0i,26+0i,11.9776304454593+12.163724720248i
-9+0i,27+0i,-3.0898455888283-11.1999636744342i
-9+0i,28+0i,-9.91251664482156-9.88822832230689i
-9+0i,29+0i,9.91240901572971+4.15773281753863i
-9+0i,30+0i,-0.54751127954267-3.84315780635054i
-9+0i,31+0i,-11.5243698578746+3.4329853939539i
-9+0i,32+0i,-0.64018169469945+4.15029390504749i
-9+0i,33+0i,-2.30213210489758-4.35675916256388i
-9+0i,34+0i,-4.03489410439763-4.61131513330296i
-9+0i,35+0i,-7.27396556311455-6.9938869068432i
-9+0i,36+0i,-2.76566001113014-6.20511540581774i
-9+0i,37+0i,1.79231882346632-6.07352982060497i
-9+0i,38+0i,-2.9724988889633-14.4715556172542i
-9+0i,39+0i,-3.90628030050187-8.37891233566502i
-9+0i,40+0i,12.3243206809272-1.6040084695606i
-9+0i,41+0i,8.62941304382148-8.77706041609007i
-9+0i,42+0i,6.13855248923983+7.82142081600972i
-9+0i,43+0i,3.7052814716214+5.05015618389519i
-9+0i,44+0i,-9.61772529249659-3.3098291007912i
-9+0i,45+0i,10.0507137475834-8.459391087595i
-9+0i,46+0i,8.01550481056092-0.5645801481054i
-9+0i,47+0i,10.7106403797764+7.262688199127i
-9+0i,48+0i,0.57538710414349-7.80145731569003i
-9+0i,49+0i,-11.1571025000368+10.0071641901155i
-9+0i,50+0i,6.03585079351709+0.54643828368745i
-8+0i,-49+0i,4.15479387615418+7.7048632364748i
-8+0i,-48+0i,-6.79537846891055-1.95614371293338i
-8+0i,-47+0i,7.4024898083189+7.83509494431733i
-8+0i,-46+0i,15.0830981143284+7.7380057066928i
-8+0i,-45+0i,-0.63747250592211-4.29390571399929i
-8+0i,-44+0i,9.33841803481317-1.13168285302841i
-8+0i,-43+0i,-4.99493662487476+0.6760572010226i
-8+0i,-42+0i,-11.9432943090392+12.7856789953976i
-8+0i,-41+0i,4.24570753160553+3.41858807954931i
-8+0i,-40+0i,-8.36019014952303+6.00767348583414i
-8+0i,-39+0i,-5.43940256351888+1.66177112637706i
-8+0i,-38+0i,-10.0864293725523-3.277176124783i
-8+0i,-37+0i,-1.2488478394282+14.4715033110457i
-8+0i,-36+0i,0.56364632928735-3.04750111496276i
-8+0i,-35+0i,-7.98013799890488-6.79931472007967i
-8+0i,-34+0i,-7.09115338311528-1.37842788007612i
-8+0i,-33+0i,-6.51685231442092+2.39194827428002i
-8+0i,-32+0i,2.73601787504065-1.36910138543852i
-8+0i,-31+0i,-4.17594024135327-3.29567479363206i
-8+0i,-30+0i,2.64870714974024-7.71401388859615i
-8+0i,-29+0i,2.354914352712-10.2702964325333i
-8+0i,-28+0i,12.184944788274+4.8444387693388i
-8+0i,-27+0i,12.876712725737+3.6925574842908i
-8+0i,-26+0i,-5.31776964149569+5.5757397437782i
-8+0i,-25+0i,-8.04413906110272-0.74393589248686i
-8+0i,-24+0i,-1.1823047035545-14.0427633230147i
-8+0i,-23+0i,-8.7073713213554-20.4242741471729i
-8+0i,-22+0i,-25.8038541959705+24.9437594088533i
-8+0i,-21+0i,4.48423354029606+6.3073851837115i
-8+0i,-20+0i,0.8263214532769-43.3804962200205i
-8+0i,-19+0i,8.196998360649-17.8175188623591i
-8+0i,-18+0i,9.7235268895546-18.046174459672i
-8+0i,-17+0i,2.8522239425903+12.7547249368468i
-8+0i,-16+0i,11.6139420044888-31.8944804120257i
-8+0i,-15+0i,4.8564632020795-38.4037231696455i
-8+0i,-14+0i,53.1534448202768+15.9277491398618i
-8+0i,-13+0i,-14.3167009448674+2.2934028409827i
-8+0i,-12+0i,-30.7844476228993+42.7087552699285i
-8+0i,-11+0i,40.3160667532347-11.8789952369414i
-8+0i,-10+0i,1.3984612158032-39.7942414019144i
-8+0i,-9+0i,-16.9529825843677+26.0126277447153i
-8+0i,-8+0i,-60.0380024139568+74.7515781574951i
-8+0i,-7+0i,-69.3591818226091+43.0708147437374i
-8+0i,-6+0i,-32.8877342421695-89.3787601353536i
-8+0i,-5+0i,-6.55595724104493+7.67307568753967i
-8+0i,-4+0i,-10.9938851534949+56.301527766314i
-8+0i,-3+0i,-44.8463091617789-99.5604254526775i
-8+0i,-2+0i,6.6424337562943+25.1415797349667i
-8+0i,-1+0i,-129.291180685428+43.892859469294i
-8+0i,0+0i,-228.123274213072-138.481163233835i
-8+0i,1+0i,125.521294896621-72.902164046544i
-8+0i,2+0i,146.904383239041+18.968185115079i
-8+0i,3+0i,-90.326767089887+127.09346645664i
-8+0i,4+0i,-17.0481082983491+39.4692614795526i
-8+0i,5+0i,-85.031819044056-134.35805156758i
-8+0i,6+0i,-12.2137738038272-29.9288395931223i
-8+0i,7+0i,122.284596008963-48.927617750036i
-8+0i,8+0i,54.7052462348043-36.377064770756i
-8+0i,9+0i,47.1034767693768+18.7073540261133i
-8+0i,10+0i,-54.6340543143523+29.8178277845112i
-8+0i,11+0i,-7.5639217306831+48.4365118337035i
-8+0i,12+0i,10.2175656694433-13.7847995607032i
-8+0i,13+0i,-8.0052691811377+66.0453739479711i
-8+0i,14+0i,65.8111600480778+22.810700232784i
-8+0i,15+0i,-36.8101364953944-13.8726671928369i
-8+0i,16+0i,10.5917309996951+50.6020144693815i
-8+0i,17+0i,27.5802637081788-41.193783155189i
-8+0i,18+0i,-28.4127279593348-27.3890223898362i
-8+0i,19+0i,34.3884319440833+8.9520204368202i
-8+0i,20+0i,-2.40568341215286-4.96863306341686i
-8+0i,21+0i,-8.0394049907191+17.5650169122922i
-8+0i,22+0i,7.922858179271+19.5714367153273i
-8+0i,23+0i,-5.8823887570075+13.4924635527386i
-8+0i,24+0i,14.7859592685243+1.7138045373179i
-8+0i,25+0i,-8.08000600979717+8.35551577737938i
-8+0i,26+0i,-19.2914884131084+14.6139598729281i
-8+0i,27+0i,3.49311333408032-1.7614048195964i
-8+0i,28+0i,-5.61470585716727-5.64555814150488i
-8+0i,29+0i,-8.27096000564404-4.80581184654921i
-8+0i,30+0i,-1.67810468164223-6.79718167612835i
-8+0i,31+0i,0.15723420935253-3.94219176065326i
-8+0i,32+0i,-6.61034987423408-2.1314461217405i
-8+0i,33+0i,-3.83069742391836+4.86920330810192i
-8+0i,34+0i,3.8471276564249-14.9765730376408i
-8+0i,35+0i,-6.142360310923-13.7250876955134i
-8+0i,36+0i,2.23443162987148+4.18846502875581i
-8+0i,37+0i,-5.43827193234188+1.12808826704892i
-8+0i,38+0i,-0.72637027772682+1.33330296145055i
-8+0i,39+0i,-1.0791071046525-12.8350504280299i
-8+0i,40+0i,-3.82734724353142-6.33965658670943i
-8+0i,41+0i,17.7715985531179-7.2922273837456i
-8+0i,42+0i,-4.06825598299918+0.4739168631468i
-8+0i,43+0i,-2.97642216130439+7.78375531160009i
-8+0i,44+0i,7.8980529818683-11.7611564975411i
-8+0i,45+0i,2.08127636767951-3.28167835663977i
-8+0i,46+0i,9.10346912335457-2.19702206409484i
-8+0i,47+0i,11.1506319878596+2.0225000810158i
-8+0i,48+0i,3.56801734357858+5.58580375555428i
-8+0i,49+0i,-6.72522247112458-7.389554274621i
-8+0i,50+0i,2.43807743620193-0.15289586885459i
-7+0i,-49+0i,-10.0225841105732-0.076061369532i
-7+0i,-48+0i,10.6436104508967+1.3045382922484i
-7+0i,-47+0i,6.37990516234218+6.52531848655921i
-7+0i,-46+0i,-0.43123230121858+9.3641068145204i
-7+0i,-45+0i,12.5902437124699-2.7669568649496i
-7+0i,-44+0i,8.09649285776656+1.98249484082184i
-7+0i,-43+0i,-6.24565310515796-1.8923183873918i
-7+0i,-42+0i,-10.9346332465923-3.9145348845605i
-7+0i,-41+0i,-6.10832911629177+3.58568221138769i
-7+0i,-40+0i,-8.4266129290545+0.21245025784178i
-7+0i,-39+0i,2.96207613364749+0.54975902597603i
-7+0i,-38+0i,10.1205500943391+0.4053504881257i
-7+0i,-37+0i,3.27181625742781-1.51989390652601i
-7+0i,-36+0i,-0.40028617208527+2.72346290338048i
-7+0i,-35+0i,3.1480218612977+7.30188570561082i
-7+0i,-34+0i,-3.29166282053617+5.745033700272i
-7+0i,-33+0i,-3.09285858336849+3.89216777848588i
-7+0i,-32+0i,-4.50945873425857-0.93880381136588i
-7+0i,-31+0i,-7.9699807873038+11.995302657004i
-7+0i,-30+0i,3.83308497261591-4.58558829647621i
-7+0i,-29+0i,-6.86403171363829-3.1124994537188i
-7+0i,-28+0i,4.20368616907465+8.83137179484518i
-7+0i,-27+0i,-0.6694338296988-10.8863414066513i
-7+0i,-26+0i,3.02544621962632-5.2164864582503i
-7+0i,-25+0i,-17.7374451388769-10.1144655156502i
-7+0i,-24+0i,-34.764794282492+20.4420139450649i
-7+0i,-23+0i,15.3676019188151-11.5703953951343i
-7+0i,-22+0i,-15.256215209334-17.2651372947388i
-7+0i,-21+0i,-11.1035647233547+9.1881158380564i
-7+0i,-20+0i,-6.3855821015811-28.3873168149323i
-7+0i,-19+0i,-1.64065247603384+7.89803602009983i
-7+0i,-18+0i,8.8625819943779-34.792007074635i
-7+0i,-17+0i,-11.9737967516768-24.5257523418575i
-7+0i,-16+0i,22.9483370978511+14.9818297252094i
-7+0i,-15+0i,-15.5774986718177-2.647511782226i
-7+0i,-14+0i,7.2128944328239+27.6961356679879i
-7+0i,-13+0i,46.8461145002726-24.6698234506991i
-7+0i,-12+0i,9.6518761359794-27.9321325831801i
-7+0i,-11+0i,-16.6012926673157+23.9980688846823i
-7+0i,-10+0i,-16.5831490994831+33.1123403454979i
-7+0i,-9+0i,-3.513697167735-23.7775478319437i
-7+0i,-8+0i,-13.814041115589-33.8672452554193i
-7+0i,-7+0i,87.8381373439386+52.3868249285953i
-7+0i,-6+0i,109.830104018953+119.967716233976i
-7+0i,-5+0i,6.136108848393+148.531516130903i
-7+0i,-4+0i,-116.691369688733+35.196157154551i
-7+0i,-3+0i,-132.457096218661-34.843096137971i
-7+0i,-2+0i,71.8935618064586+69.9936922422491i
-7+0i,-1+0i,-23.285920121853+101.832480212624i
-7+0i,0+0i,-216.816114342862+13.663627664342i
-7+0i,1+0i,-2.6545208470263-41.6057739738231i
-7+0i,2+0i,-2.2315730535636-76.2858422210807i
-7+0i,3+0i,-133.224746943886-3.663077168963i
-7+0i,4+0i,103.532362735026+50.511194173114i
-7+0i,5+0i,51.2380013169711-43.0101227327245i
-7+0i,6+0i,-71.8580108662051+9.8180622860195i
-7+0i,7+0i,81.2622021827024-28.7679762099723i
-7+0i,8+0i,-0.8508958197864-74.7978090103035i
-7+0i,9+0i,-28.5725469883307+44.2634721418286i
-7+0i,10+0i,6.44163077009335-4.51027875217571i
-7+0i,11+0i,-23.9502067797333-26.498156572695i
-7+0i,12+0i,9.1026469735557+24.7434353434244i
-7+0i,13+0i,15.138866624526+21.2581844649337i
-7+0i,14+0i,59.5908247372769+4.9554922875586i
-7+0i,15+0i,35.3422046440122-11.7994319046298i
-7+0i,16+0i,3.17190187265349-0.43145911202763i
-7+0i,17+0i,53.2050923270928+3.4567602816956i
-7+0i,18+0i,17.3295274457112-13.6293395692611i
-7+0i,19+0i,-28.1363632084366+17.9865941510483i
-7+0i,20+0i,23.6628225767051+33.593287129114i
-7+0i,21+0i,6.3190139252138-13.0538194869252i
-7+0i,22+0i,-21.206492540605+16.8364995585306i
-7+0i,23+0i,16.7323760245018+19.0234229103095i
-7+0i,24+0i,-10.5319826479083+3.050628877855i
-7+0i,25+0i,-19.2915411584579+11.1752200034558i
-7+0i,26+0i,-13.0701710745892-9.0764734139982i
-7+0i,27+0i,-4.67998629343552+9.35484497842553i
-7+0i,28+0i,1.17710957532173-9.61266158211459i
-7+0i,29+0i,-10.9763099827905-14.0051030384898i
-7+0i,30+0i,1.66057484759062+6.37947031394423i
-7+0i,31+0i,-0.33914298222854-9.79796606949973i
-7+0i,32+0i,-3.7518200151765-12.5364766321738i
-7+0i,33+0i,-8.22947183768519+2.62316059231722i
-7+0i,34+0i,3.81539154875119-1.35384347567526i
-7+0i,35+0i,4.4754394128727-10.70341891985i
-7+0i,36+0i,-0.44075804513748+3.30679012580399i
-7+0i,37+0i,4.96265910240494-5.05389219344125i
-7+0i,38+0i,-7.6448071773001+0.77659311989118i
-7+0i,39+0i,-2.48282919602251+5.23715746457849i
-7+0i,40+0i,5.62478144995046-4.52527863441335i
-7+0i,41+0i,6.67631655013335+2.39703232003524i
-7+0i,42+0i,-4.11427965671967-6.67279752025381i
-7+0i,43+0i,-5.50292681513788-5.79248708882346i
-7+0i,44+0i,2.16811951220627+3.22025297434556i
-7+0i,45+0i,-0.19062893926718-9.17023331670397i
-7+0i,46+0i,8.7015580720458-10.4926299046954i
-7+0i,47+0i,12.5881853841534+2.9040132075721i
-7+0i,48+0i,2.4286962285959-3.91107611381882i
-7+0i,49+0i,5.37200850992683-3.39317636834862i
-7+0i,50+0i,0.033102931885012+0.568911662061437i
-6+0i,-49+0i,0.40801321115982-4.01425378443343i
-6+0i,-48+0i,-4.9199473248415+11.8613370656737i
-6+0i,-47+0i,1.25033870982226+7.51998722594439i
-6+0i,-46+0i,10.6308101373292-4.4933302353037i
-6+0i,-45+0i,2.62031139329895+5.55165482761259i
-6+0i,-44+0i,7.5956439378734-0.81157857351148i
-6+0i,-43+0i,3.0575449659186-12.4694277923491i
-6+0i,-42+0i,-13.7583709860974+5.3537442067079i
-6+0i,-41+0i,-4.76755155898539-5.01495462243255i
-6+0i,-40+0i,-4.6556192869181-11.282567202446i
-6+0i,-39+0i,1.9069720184274+8.48149161103162i
-6+0i,-38+0i,6.95806951225651-0.72456494920473i
-6+0i,-37+0i,12.2341629421786-3.3585021647607i
-6+0i,-36+0i,6.27430303915075-4.06961307985393i
-6+0i,-35+0i,-8.90482022585396+8.19298305702684i
-6+0i,-34+0i,3.8605790070657+17.7765861799674i
-6+0i,-33+0i,0.16835396654539+4.38600603387395i
-6+0i,-32+0i,-6.41034189882376-5.20962428118814i
-6+0i,-31+0i,-7.73376606645536+3.91641556199773i
-6+0i,-30+0i,-2.48703518508817+8.73661318898394i
-6+0i,-29+0i,-3.09630032910616-1.10485281738393i
-6+0i,-28+0i,-7.02877321300391-3.43366311473023i
-6+0i,-27+0i,0.4760315806097-10.243734764478i
-6+0i,-26+0i,11.0677370831435+5.8603053426691i
-6+0i,-25+0i,-2.10055149856773+5.55654486608888i
-6+0i,-24+0i,-38.722631003622-2.6766171602641i
-6+0i,-23+0i,-16.9502050714893+4.9482937250796i
-6+0i,-22+0i,16.2010105963771-3.7815588824932i
-6+0i,-21+0i,-0.0811221613614-13.1684031805667i
-6+0i,-20+0i,-4.8617601649108+9.12126723420242i
-6+0i,-19+0i,7.712808630767+17.0530649522363i
-6+0i,-18+0i,-18.4069561095877-16.9200625850437i
-6+0i,-17+0i,8.4076355362644-0.44890814058001i
-6+0i,-16+0i,-1.7990392204031+20.6116786979056i
-6+0i,-15+0i,-43.4399154054689+4.8058910886248i
-6+0i,-14+0i,-19.5843862731099-32.6391135305251i
-6+0i,-13+0i,-10.5099833027495+25.1204160666906i
-6+0i,-12+0i,82.6785608066496-27.6214832880816i
-6+0i,-11+0i,-19.076983976576-114.412140206398i
-6+0i,-10+0i,-49.055764935338+23.7540640682535i
-6+0i,-9+0i,68.2803249501249-60.6633277525686i
-6+0i,-8+0i,20.3219006414-6.0194755040652i
-6+0i,-7+0i,139.57101560602+87.652255530981i
-6+0i,-6+0i,35.6776408529239-57.0530449906048i
-6+0i,-5+0i,-34.8501727706025+28.6564466770811i
-6+0i,-4+0i,99.9000900192415+83.8035498102704i
-6+0i,-3+0i,122.051441071065+82.522154593763i
-6+0i,-2+0i,164.786252306151+21.045280336152i
-6+0i,-1+0i,-89.927546578247+148.583598274245i
-6+0i,0+0i,-225.025265373774+195.149747616211i
-6+0i,1+0i,-75.5299387925882-70.283665277008i
-6+0i,2+0i,48.7263394763803-1.9516474957038i
-6+0i,3+0i,18.3878253781519-46.2911888024217i
-6+0i,4+0i,-58.7824469701108-47.2077721112135i
-6+0i,5+0i,62.1650787334897+22.9956020984152i
-6+0i,6+0i,9.019954570397-114.015358415459i
-6+0i,7+0i,36.2227029603654+10.434672244061i
-6+0i,8+0i,56.2819553504201+1.1331015004515i
-6+0i,9+0i,-115.608611235446-49.585684900404i
-6+0i,10+0i,18.3225084035902+29.5041494575813i
-6+0i,11+0i,62.8530020682357-49.1915629883025i
-6+0i,12+0i,-45.182476076656-12.6240373668638i
-6+0i,13+0i,21.2366612098628+40.728353974432i
-6+0i,14+0i,20.3877115740542-5.868648969931i
-6+0i,15+0i,12.4899076122343-8.9664023361102i
-6+0i,16+0i,72.4314344456848-25.0002481021879i
-6+0i,17+0i,44.2251698905954+17.5160097512465i
-6+0i,18+0i,-8.175790117164+19.1799952645975i
-6+0i,19+0i,-33.3425156916501-25.9865362358679i
-6+0i,20+0i,-10.3676274228002+27.156138689508i
-6+0i,21+0i,10.2450094937949+4.667760132195i
-6+0i,22+0i,-1.58694875098589-4.77019320306015i
-6+0i,23+0i,-7.6143609049963+27.4385056853662i
-6+0i,24+0i,-25.3442546868176-4.0750363201361i
-6+0i,25+0i,4.4138138824739-9.7449811189484i
-6+0i,26+0i,-0.760118939903785+0.664252789203199i
-6+0i,27+0i,-18.1573466388253+4.5671975847424i
-6+0i,28+0i,3.63692774337977-9.11838219240724i
-6+0i,29+0i,-1.77040323853138-3.7755777766002i
-6+0i,30+0i,-3.93540547712498+1.02921846703255i
-6+0i,31+0i,-1.96716850205313+2.05841666758341i
-6+0i,32+0i,5.24158076264438+0.66703006217357i
-6+0i,33+0i,-8.87564402838855-5.57503239816594i
-6+0i,34+0i,-1.87707798264542+6.7681076882105i
-6+0i,35+0i,4.51202171637759-6.69685053626716i
-6+0i,36+0i,-11.5273469773837-3.5991446042608i
-6+0i,37+0i,-2.27649421373327-0.46296808945155i
-6+0i,38+0i,-1.641574549997-9.18680753470504i
-6+0i,39+0i,3.44637424866596+1.93081293393726i
-6+0i,40+0i,2.73044516774684+8.95824912769608i
-6+0i,41+0i,-3.71774179356472-1.5829036497864i
-6+0i,42+0i,3.15095737887199-7.43714747240775i
-6+0i,43+0i,6.00355122545174-6.29224598214262i
-6+0i,44+0i,-10.068973915797-8.7844838969246i
-6+0i,45+0i,-3.70782201011427+3.42071434916732i
-6+0i,46+0i,6.01527003838064-4.10776253679711i
-6+0i,47+0i,-0.26783280791971-8.66419609127683i
-6+0i,48+0i,17.3981908285801-3.7979417307251i
-6+0i,49+0i,6.42153924137604-2.70634017623621i
-6+0i,50+0i,-6.83712739678621-1.85289953486859i
-5+0i,-49+0i,-12.8736755059093+3.8021780960665i
-5+0i,-48+0i,-4.93104194545898-0.92488094960021i
-5+0i,-47+0i,0.13285438695123+2.8907484007291i
-5+0i,-46+0i,14.7250682307161+18.4185717446007i
-5+0i,-45+0i,-1.7504221688194-12.1228326343588i
-5+0i,-44+0i,5.08613120093479-1.76206179142642i
-5+0i,-43+0i,19.414500258435-9.395440071692i
-5+0i,-42+0i,-24.2057491821514-11.9919068155701i
-5+0i,-41+0i,4.12884272852867+4.93214234248145i
-5+0i,-40+0i,12.9459073478887-6.9105776804326i
-5+0i,-39+0i,-8.36264396941406+3.99622139439162i
-5+0i,-38+0i,-1.39829185946721+0.96545746183235i
-5+0i,-37+0i,0.8869662410101+10.5549303004621i
-5+0i,-36+0i,8.23672367868047-1.14788809626713i
-5+0i,-35+0i,-5.01739137186571-7.42115508516298i
-5+0i,-34+0i,2.1852841125005+8.25469884544841i
-5+0i,-33+0i,-7.04991809698358-3.95353593239752i
-5+0i,-32+0i,-6.34354737527567-1.74203441634351i
-5+0i,-31+0i,5.25513132349362-0.48173659610064i
-5+0i,-30+0i,3.611967367466+0.70690047566549i
-5+0i,-29+0i,9.40172017862289-7.1088499553933i
-5+0i,-28+0i,1.9420669235598+11.1117871625445i
-5+0i,-27+0i,19.3603918184987+12.4602568351438i
-5+0i,-26+0i,-0.85718277742801-8.42820267780598i
-5+0i,-25+0i,-13.5635234553361+13.5306215702302i
-5+0i,-24+0i,10.7665508015682-6.4239722753679i
-5+0i,-23+0i,-25.1803070479209-2.2660983750238i
-5+0i,-22+0i,-15.513228162041+39.9653370042991i
-5+0i,-21+0i,0.82169998709474+4.68678116212942i
-5+0i,-20+0i,-15.0969160502697-2.5606858608646i
-5+0i,-19+0i,40.4474216970218-13.4923868469353i
-5+0i,-18+0i,8.5691286026427-27.3509249623237i
-5+0i,-17+0i,-35.1620811223115+19.318405862737i
-5+0i,-16+0i,-63.7815801324609-2.8916967913886i
-5+0i,-15+0i,-39.6917624176824+9.0733996347755i
-5+0i,-14+0i,56.8183169102762-43.7856989799787i
-5+0i,-13+0i,-40.8405632001818-23.3671435819047i
-5+0i,-12+0i,21.5493730913276+30.1300027190407i
-5+0i,-11+0i,5.296738616424-130.473209238952i
-5+0i,-10+0i,-52.3797134297007-72.1874438376641i
-5+0i,-9+0i,157.921569786766-61.635841402014i
-5+0i,-8+0i,10.3148070712903+2.4545194700116i
-5+0i,-7+0i,-72.94863483473+158.013157170493i
-5+0i,-6+0i,15.807453288941+20.587484175567i
-5+0i,-5+0i,4.00186292475-35.0767716498866i
-5+0i,-4+0i,12.917297874972-51.8112463729561i
-5+0i,-3+0i,14.023991602443+11.9846493905465i
-5+0i,-2+0i,4.947961074541-61.3171967008912i
-5+0i,-1+0i,-136.735192472372-53.796301835918i
-5+0i,0+0i,41.925717907653+132.366082403627i
-5+0i,1+0i,203.288395083363-42.316447117085i
-5+0i,2+0i,19.759862194508+20.2406143194385i
-5+0i,3+0i,-35.156693448877+134.678357097957i
-5+0i,4+0i,-22.884647863641-35.4597934750388i
-5+0i,5+0i,-16.72637406925-115.499423116292i
-5+0i,6+0i,-0.6417520381213-68.1633377243854i
-5+0i,7+0i,69.9874916847872+40.0791045109885i
-5+0i,8+0i,5.4169013381628+18.0174788278754i
-5+0i,9+0i,-65.1437171699924-63.0058835139802i
-5+0i,10+0i,-35.0659790373939-60.1013188514647i
-5+0i,11+0i,-13.3402283136272-9.146538420358i
-5+0i,12+0i,53.3410768779828-34.2722199986059i
-5+0i,13+0i,-26.740158707305+41.3029923583299i
-5+0i,14+0i,-10.8314965921505+62.6263405018789i
-5+0i,15+0i,52.6964578459161-73.0480243152924i
-5+0i,16+0i,31.152018658811+8.752370586579i
-5+0i,17+0i,44.0916851492918+13.5219044535362i
-5+0i,18+0i,-14.2621173778717-27.3462260868727i
-5+0i,19+0i,-17.8194063924239+16.0610147466643i
-5+0i,20+0i,-22.0641803730132-16.2772075447122i
-5+0i,21+0i,-8.1770720775538+16.4126655963856i
-5+0i,22+0i,32.2707411818616+31.1440295953765i
-5+0i,23+0i,-13.5173814921807+5.745779857522i
-5+0i,24+0i,-4.0661070671934-0.32046056347858i
-5+0i,25+0i,9.02736286737224-3.95415701877379i
-5+0i,26+0i,-23.4723869515094+5.2001307099093i
-5+0i,27+0i,-7.80429212972242+1.51566844905764i
-5+0i,28+0i,-1.7368521996103+5.39746561717476i
-5+0i,29+0i,-7.07322378953241+0.68307598373081i
-5+0i,30+0i,0.9496584844935-11.46610195694i
-5+0i,31+0i,-3.64270380607735+7.48087978189915i
-5+0i,32+0i,4.48308469119411-5.46470063472296i
-5+0i,33+0i,-0.6968581725538-10.4386986137713i
-5+0i,34+0i,0.9907301190188+13.0810078193325i
-5+0i,35+0i,2.79382596164309-3.04914220686343i
-5+0i,36+0i,-9.88721777013905-0.86747813861281i
-5+0i,37+0i,-7.92257888749441-1.28342172699552i
-5+0i,38+0i,-0.72428295585201-1.98226534904439i
-5+0i,39+0i,5.11195561058889+7.13903570725061i
-5+0i,40+0i,-10.66634934989-2.9137651767766i
-5+0i,41+0i,-0.81306118048961-4.39012189607568i
-5+0i,42+0i,8.18301795435913-2.06933045847851i
-5+0i,43+0i,3.12776149805995-2.78220850317131i
-5+0i,44+0i,7.773433234578-10.3221203611995i
-5+0i,45+0i,-13.4867369523179+6.6426919267084i
-5+0i,46+0i,-5.81176551500877+8.96311271437776i
-5+0i,47+0i,10.9849515982925-10.6696089372151i
-5+0i,48+0i,-3.27031144724247+7.58049677357728i
-5+0i,49+0i,4.87313573693692+0.27622274201449i
-5+0i,50+0i,3.0625295663305-21.0932376183234i
-4+0i,-49+0i,-22.5893191005213-23.1775483485144i
-4+0i,-48+0i,-5.0126432764532+1.48322488770197i
-4+0i,-47+0i,3.17676541531462+5.09699057990678i
-4+0i,-46+0i,-9.39209629096715+9.15657042162185i
-4+0i,-45+0i,16.4789039121454-9.1631935706679i
-4+0i,-44+0i,-0.40060520091528-3.24871170661119i
-4+0i,-43+0i,10.7895175442216-1.8210612918312i
-4+0i,-42+0i,4.2106463526744-32.8164502217428i
-4+0i,-41+0i,-11.5733155731682-3.486765507998i
-4+0i,-40+0i,7.06189003781423+3.7766787660857i
-4+0i,-39+0i,8.67368964789354+3.79554398717936i
-4+0i,-38+0i,7.3047468009609+10.2236409353861i
-4+0i,-37+0i,-3.39333422532453-0.28103064116105i
-4+0i,-36+0i,0.670692698168957-0.029058152044516i
-4+0i,-35+0i,-1.21938806262104+0.20075433159974i
-4+0i,-34+0i,-5.44171501528828+5.0623005748731i
-4+0i,-33+0i,0.61776648446296-1.26893823478546i
-4+0i,-32+0i,-4.1089978874472-12.0256610599007i
-4+0i,-31+0i,2.54237837533608-2.72801508838752i
-4+0i,-30+0i,10.1581167543654+1.4167291807772i
-4+0i,-29+0i,5.83997324395577+0.87261230313224i
-4+0i,-28+0i,13.1998903019991+5.4300336606027i
-4+0i,-27+0i,5.15385087428003-6.23534705162572i
-4+0i,-26+0i,3.84607242397602-8.46828939144827i
-4+0i,-25+0i,1.52295943117661-9.07682960869504i
-4+0i,-24+0i,-5.54328971903433+8.64612925684084i
-4+0i,-23+0i,8.86458761436655-3.21270012146987i
-4+0i,-22+0i,-19.4199265001843+10.2516914979829i
-4+0i,-21+0i,1.617567228796+34.7706632136029i
-4+0i,-20+0i,-1.8399937350559-24.3095028258381i
-4+0i,-19+0i,8.37898362765787+8.46631549051592i
-4+0i,-18+0i,24.7453112811669-6.4172019582245i
-4+0i,-17+0i,-59.3755672900423-49.7207875003994i
-4+0i,-16+0i,-39.7019251146291-13.1746519388393i
-4+0i,-15+0i,-32.1260182414406+22.7660211836092i
-4+0i,-14+0i,11.3805830353447+2.7898136872269i
-4+0i,-13+0i,6.4399519226475-46.4911559930809i
-4+0i,-12+0i,-6.9328321538084+13.0538622034634i
-4+0i,-11+0i,50.388570167281-83.6086603864644i
-4+0i,-10+0i,-58.6289084310304-52.2610644096978i
-4+0i,-9+0i,3.5195609342863+91.9216282930299i
-4+0i,-8+0i,21.2251023228647-27.8947751787468i
-4+0i,-7+0i,-78.7867508928234-30.9535695648912i
-4+0i,-6+0i,-21.9891493682006+83.2849310948091i
-4+0i,-5+0i,28.480975991552+122.904318056671i
-4+0i,-4+0i,5.3531574316198-15.9991654458138i
-4+0i,-3+0i,-197.303181616821-89.310486618823i
-4+0i,-2+0i,-245.942001754086-24.233486357478i
-4+0i,-1+0i,66.308064972802-13.7161260351282i
-4+0i,0+0i,169.686893496375+9.204753816977i
-4+0i,1+0i,-54.7189150332169+27.1072091296203i
-4+0i,2+0i,-0.8921494035292+81.0526360920094i
-4+0i,3+0i,13.1821539518193+79.3158505486773i
-4+0i,4+0i,-46.2392152029074+34.7050913776807i
-4+0i,5+0i,124.012121797717-92.445072169162i
-4+0i,6+0i,-19.1235442106396-56.0524991043946i
-4+0i,7+0i,-58.144239449335+59.8608002463855i
-4+0i,8+0i,-17.976603184068-43.7535452170205i
-4+0i,9+0i,-83.7532051213465-10.704433539971i
-4+0i,10+0i,32.055173595469-82.8520216277249i
-4+0i,11+0i,16.2439491778579-89.7759440649623i
-4+0i,12+0i,22.6131786826363+68.6378020352999i
-4+0i,13+0i,3.1201242115224+33.5767286428717i
-4+0i,14+0i,-6.5988747474832+24.1047688924986i
-4+0i,15+0i,54.8104943667086+16.1673844152754i
-4+0i,16+0i,13.8046753552612+2.0502269635462i
-4+0i,17+0i,24.9451669941233-12.910327187466i
-4+0i,18+0i,3.26709059883187-1.19472427592385i
-4+0i,19+0i,-29.3383473388966+9.6959570810261i
-4+0i,20+0i,1.7282248713753-20.2923322618292i
-4+0i,21+0i,1.6577845163032+12.6073164642932i
-4+0i,22+0i,-22.4924344245112+16.1237646881169i
-4+0i,23+0i,10.6370697219969+2.3478442353488i
-4+0i,24+0i,17.2661548049798-3.0966413456685i
-4+0i,25+0i,-7.65022293194907-3.905127858902i
-4+0i,26+0i,11.9196976254312-9.7199833424297i
-4+0i,27+0i,-10.3101793242091-2.2077464763832i
-4+0i,28+0i,-11.4031149285475+8.1664567111819i
-4+0i,29+0i,8.68631346041719-5.71997941101211i
-4+0i,30+0i,4.18117959032883+1.56019026903851i
-4+0i,31+0i,-4.71394557179275-7.14906298714621i
-4+0i,32+0i,0.1717190303915-11.6706833832833i
-4+0i,33+0i,9.32299272561336-2.62977780492561i
-4+0i,34+0i,-1.82337986438381+9.03762796654786i
-4+0i,35+0i,4.49129950442628+8.71547299246964i
-4+0i,36+0i,0.5910311485048-5.18656594282173i
-4+0i,37+0i,-1.30435901165067-6.31233533567319i
-4+0i,38+0i,-5.28528562222471-3.37212887029215i
-4+0i,39+0i,-10.9434903736907+11.2045343563091i
-4+0i,40+0i,8.33657019562765+6.47905499881583i
-4+0i,41+0i,2.84538155969996-2.07277731406108i
-4+0i,42+0i,2.28583149474016+0.13983947342136i
-4+0i,43+0i,12.2893367514527-6.0199329433443i
-4+0i,44+0i,-0.57011706754541+5.66689578381068i
-4+0i,45+0i,-9.04581618676695+0.42325107655487i
-4+0i,46+0i,-6.79825762900285+1.26153086783349i
-4+0i,47+0i,10.9263181490697+17.4418937708881i
-4+0i,48+0i,-3.11121675412251-6.19013809197754i
-4+0i,49+0i,-8.89498887541601+5.96489200699795i
-4+0i,50+0i,10.3846376110491+0.6122857546347i
-3+0i,-49+0i,4.5227160045636-14.2166083466529i
-3+0i,-48+0i,-12.579267723876-2.0973186831567i
-3+0i,-47+0i,-14.0294975850005+8.4148853407935i
-3+0i,-46+0i,0.88222111883286-1.33547161184096i
-3+0i,-45+0i,4.28692130372263+5.83667180417267i
-3+0i,-44+0i,2.19511966619602-5.19685382634573i
-3+0i,-43+0i,11.8506258267927-13.1220916988699i
-3+0i,-42+0i,7.66492029694543-5.93535432474374i
-3+0i,-41+0i,-11.2470226670018-10.3068649643049i
-3+0i,-40+0i,-3.9753067288257-5.13282763682777i
-3+0i,-39+0i,7.94041943411148+8.57502273995578i
-3+0i,-38+0i,-0.779878784362123-0.754258842873718i
-3+0i,-37+0i,1.26185014607643-1.5286032102448i
-3+0i,-36+0i,8.03118452894559+0.90033053580528i
-3+0i,-35+0i,-5.95559210388619-2.66791867279718i
-3+0i,-34+0i,-4.63171147155518+2.32627738524186i
-3+0i,-33+0i,3.81182820037095+3.64729689383452i
-3+0i,-32+0i,1.54197845963785-8.86734667097965i
-3+0i,-31+0i,-4.46494751452693-3.13235537448911i
-3+0i,-30+0i,3.43764228296591-0.29171509319954i
-3+0i,-29+0i,-4.2120940860502-19.4584608868355i
-3+0i,-28+0i,0.15727895400584+2.18520160292108i
-3+0i,-27+0i,18.6460596871663-8.395396615196i
-3+0i,-26+0i,16.8253242953632-10.6499124365596i
-3+0i,-25+0i,12.7603161513291-3.0662999628761i
-3+0i,-24+0i,-12.921499815146-20.0047455957972i
-3+0i,-23+0i,8.20604905792059-3.26566150529599i
-3+0i,-22+0i,-11.8473311704364+14.0357680610427i
-3+0i,-21+0i,-13.2849907301007+36.0124061982948i
-3+0i,-20+0i,33.1526446374296+13.6855534767119i
-3+0i,-19+0i,-7.43552490707644+5.35797791412445i
-3+0i,-18+0i,-25.3842486649417-10.3705094464287i
-3+0i,-17+0i,-10.0911895493257-25.3651603901461i
-3+0i,-16+0i,-19.9357286841549-25.6919192879431i
-3+0i,-15+0i,-74.2861622836262-22.4313069237208i
-3+0i,-14+0i,-2.12945179882253-3.2021200803347i
-3+0i,-13+0i,10.9817747740461-24.1614167626815i
-3+0i,-12+0i,4.2882175102506+22.9745284830041i
-3+0i,-11+0i,116.154868053631-26.018083201683i
-3+0i,-10+0i,-15.1746714830482-24.019204204992i
-3+0i,-9+0i,-53.369028719865+4.5269431420088i
-3+0i,-8+0i,-4.03011018642931+2.86982621035057i
-3+0i,-7+0i,-12.55781729664+100.656884542099i
-3+0i,-6+0i,15.5046390923206-29.4185394814567i
-3+0i,-5+0i,-22.5642446289823+4.9867317797317i
-3+0i,-4+0i,-20.2563276835831+79.4464624858872i
-3+0i,-3+0i,48.1474880486854+4.5025417640742i
-3+0i,-2+0i,48.9314603334448+79.1934001311988i
-3+0i,-1+0i,-240.250413513254+99.802011978047i
-3+0i,0+0i,-248.10799804619+38.793653950208i
-3+0i,1+0i,16.3579097908668-15.8599817419315i
-3+0i,2+0i,94.012668015752+132.868683673307i
-3+0i,3+0i,114.808457605412+74.584538273652i
-3+0i,4+0i,5.6111955179753-77.1010951676261i
-3+0i,5+0i,37.2489640015437+40.5292857868726i
-3+0i,6+0i,19.2447031831508-4.5442533157397i
-3+0i,7+0i,-18.5409815606967-40.0639071083039i
-3+0i,8+0i,29.2758786144041+12.0918813130859i
-3+0i,9+0i,-42.3898908371092+8.3058938491635i
-3+0i,10+0i,53.240161313181-36.9393969463219i
-3+0i,11+0i,57.7362433590005-6.502819558818i
-3+0i,12+0i,-34.3264585959524+19.9452669889007i
-3+0i,13+0i,4.59061380439813+7.27510504836414i
-3+0i,14+0i,20.6622402254883+73.2539231435838i
-3+0i,15+0i,-18.1352148769167+28.2550909202642i
-3+0i,16+0i,25.6329774793851+15.9307038038744i
-3+0i,17+0i,49.1560588886174+1.9269038189637i
-3+0i,18+0i,-38.5062105776098-35.1158190245169i
-3+0i,19+0i,5.167868604697-21.5773795682664i
-3+0i,20+0i,-5.9337283181744-24.5472020255991i
-3+0i,21+0i,-45.420303911934+10.9732070100261i
-3+0i,22+0i,5.86964318368633-9.82263562655659i
-3+0i,23+0i,6.64707988370975+2.02503816914054i
-3+0i,24+0i,10.9561760358044-6.3741430214336i
-3+0i,25+0i,11.1403026834166-30.1348359422736i
-3+0i,26+0i,21.1227545954879+4.6833819914522i
-3+0i,27+0i,-2.9578283396254-23.4980717614542i
-3+0i,28+0i,-13.6123466997692-10.0554077029091i
-3+0i,29+0i,15.593490527139+19.7790835484067i
-3+0i,30+0i,4.98943988943791-7.21607212432943i
-3+0i,31+0i,-1.56142162321311-8.81717597644093i
-3+0i,32+0i,1.10973129403535+8.81968346648793i
-3+0i,33+0i,0.84778859770238+0.347351940294137i
-3+0i,34+0i,-4.99969920553314-1.53833771758115i
-3+0i,35+0i,-5.384825453822-1.80221614994914i
-3+0i,36+0i,-1.215915644467-12.920259633127i
-3+0i,37+0i,1.69028064802261-4.264193626412i
-3+0i,38+0i,4.46167391430608-8.59219331090116i
-3+0i,39+0i,0.51498057457928-5.82030912856326i
-3+0i,40+0i,3.9035930546675+18.268738306653i
-3+0i,41+0i,8.9929373054767+3.71537331726858i
-3+0i,42+0i,11.1945699725504-3.6844881138092i
-3+0i,43+0i,13.711585161705+9.1792701906495i
-3+0i,44+0i,-6.17269119956937-8.21940923356558i
-3+0i,45+0i,-5.14474859241861-2.64343135289696i
-3+0i,46+0i,4.17288736028837+8.94871991954722i
-3+0i,47+0i,-6.9718735381708+13.1375166439444i
-3+0i,48+0i,12.4458577370277+11.7852686304595i
-3+0i,49+0i,-3.77961197292788-0.36314358989048i
-3+0i,50+0i,-15.2579482479932+0.5008952209266i
-2+0i,-49+0i,-3.15830688188465+2.72574873123376i
-2+0i,-48+0i,-2.54834841864901-5.65629711070787i
-2+0i,-47+0i,-8.95970183841621+0.27676821630414i
-2+0i,-46+0i,-3.9659559586369+24.7500268834513i
-2+0i,-45+0i,-3.74827053059975+0.49910142527874i
-2+0i,-44+0i,9.99495942056657-4.28419247120598i
-2+0i,-43+0i,17.1917378124313-1.0088899691622i
-2+0i,-42+0i,-7.56958832983203-5.37394307178647i
-2+0i,-41+0i,-1.69812743783395-2.07402138076815i
-2+0i,-40+0i,-1.35797991713082-3.32500651317334i
-2+0i,-39+0i,-8.94471215168961+1.27528683954878i
-2+0i,-38+0i,-2.37769919479172-0.59901757493263i
-2+0i,-37+0i,-2.51112220139542+7.18873643760146i
-2+0i,-36+0i,2.42057831852607-1.07700882978045i
-2+0i,-35+0i,1.40434139398291-8.78211462683111i
-2+0i,-34+0i,0.24728858884555-6.98343062190353i
-2+0i,-33+0i,-7.30073575812888+0.55305622936696i
-2+0i,-32+0i,2.53146590583586+5.8510527369449i
-2+0i,-31+0i,-3.0715666637097-13.5997718950834i
-2+0i,-30+0i,3.06589909681033-0.44251280586382i
-2+0i,-29+0i,13.0695538143852-8.3079466526233i
-2+0i,-28+0i,-11.5254452971303-2.3058036318835i
-2+0i,-27+0i,13.9718179672608+10.8041444909508i
-2+0i,-26+0i,23.659205597276-5.3389972801792i
-2+0i,-25+0i,9.04850213702694-8.99940784451276i
-2+0i,-24+0i,-0.2497313907463-15.9812112294186i
-2+0i,-23+0i,-11.4965220957385+2.2031906879294i
-2+0i,-22+0i,-30.6806911052995+18.1825464560147i
-2+0i,-21+0i,-5.781101655473+34.5373903520782i
-2+0i,-20+0i,8.5201796604066+27.3034597461868i
-2+0i,-19+0i,-7.8666031018591-10.3627595488469i
-2+0i,-18+0i,22.5668388315486-59.548888634015i
-2+0i,-17+0i,-16.0285404952718-20.7057392723656i
-2+0i,-16+0i,-5.2025242705118-25.3515888097685i
-2+0i,-15+0i,-19.7007127873199-57.7249148854936i
-2+0i,-14+0i,-10.2678869744642+35.8109619269246i
-2+0i,-13+0i,45.1318389974854-40.6792999956541i
-2+0i,-12+0i,35.9102179878301-5.7389937717108i
-2+0i,-11+0i,96.0929700092849+52.9333279244044i
-2+0i,-10+0i,13.8666520273604-29.3594165349893i
-2+0i,-9+0i,19.5028795925997-14.6423267895908i
-2+0i,-8+0i,-2.654708264594-30.3805646273534i
-2+0i,-7+0i,-102.760400515948+78.457567565877i
-2+0i,-6+0i,54.556913921288+108.552997505861i
-2+0i,-5+0i,66.861111457922+47.6922933539438i
-2+0i,-4+0i,-65.758731553526-114.300964053782i
-2+0i,-3+0i,-87.646002799855-157.822192028717i
-2+0i,-2+0i,-57.2708331417375+97.4207811264007i
-2+0i,-1+0i,-143.657281400785-52.191808228763i
-2+0i,0+0i,-6.048298421405-140.59069957527i
-2+0i,1+0i,150.781789016076+159.796046861996i
-2+0i,2+0i,-40.124111056555+214.446560133743i
-2+0i,3+0i,25.4984164361856+38.9078581446717i
-2+0i,4+0i,126.871289424014-16.015181031112i
-2+0i,5+0i,17.9540656297601-58.943246317619i
-2+0i,6+0i,-21.4949785674648-41.8268309174293i
-2+0i,7+0i,97.0738779861476+56.749298926319i
-2+0i,8+0i,87.5386512259185-70.19116767156i
-2+0i,9+0i,14.2617633250797-5.2200536093683i
-2+0i,10+0i,97.5908492679864+70.673784498257i
-2+0i,11+0i,-31.6150830087758+4.0242125983743i
-2+0i,12+0i,-29.4481709571345+32.9029718645267i
-2+0i,13+0i,26.6017029335192+2.7646287325231i
-2+0i,14+0i,-32.9606083431704+50.3515248408119i
-2+0i,15+0i,21.4343809298787+5.4361497993194i
-2+0i,16+0i,-4.7651768139895+42.3133936523738i
-2+0i,17+0i,16.8337079462703+40.0177122134551i
-2+0i,18+0i,8.3669931798144-97.7159617542622i
-2+0i,19+0i,-1.78326368400243+0.75424109169542i
-2+0i,20+0i,-8.7957655753865-10.9524220262453i
-2+0i,21+0i,-51.3122960082645-27.828535412789i
-2+0i,22+0i,-1.2425590753283+38.9269705216708i
-2+0i,23+0i,-2.38922972321628+0.43755440646177i
-2+0i,24+0i,18.7151047837931-17.6636631237365i
-2+0i,25+0i,14.2706980021126-15.8780759631657i
-2+0i,26+0i,-29.8283209665215+3.1681944797486i
-2+0i,27+0i,3.25590165747067-8.65188659577796i
-2+0i,28+0i,-0.4286642026037-25.707919087793i
-2+0i,29+0i,-10.8800373197298-2.1399676992185i
-2+0i,30+0i,17.4818593778441-3.1324156736161i
-2+0i,31+0i,4.83253776310857-3.67909095126232i
-2+0i,32+0i,-11.3259513290668+3.8232889471399i
-2+0i,33+0i,-1.1301473989629-11.0155452623822i
-2+0i,34+0i,0.4512716480622-9.49344068101339i
-2+0i,35+0i,4.19448434238889-6.25203676612803i
-2+0i,36+0i,4.16719195764513-3.58983902168221i
-2+0i,37+0i,3.06093263521855-1.15811235121873i
-2+0i,38+0i,3.24255481315782-5.09739642781861i
-2+0i,39+0i,4.11812732574548-2.61639587838994i
-2+0i,40+0i,-6.66720470420077-4.11399679257545i
-2+0i,41+0i,8.4010187498619+12.3031760807926i
-2+0i,42+0i,19.4258431771831+4.6516368156501i
-2+0i,43+0i,-4.5374993173324-4.40349156020585i
-2+0i,44+0i,12.3758695474568-6.4297105547692i
-2+0i,45+0i,3.83226463682674-9.48216049611073i
-2+0i,46+0i,-6.14591010917104+8.91282238911569i
-2+0i,47+0i,6.3590362964044+9.19247678712924i
-2+0i,48+0i,-7.962351685987+25.1125440278848i
-2+0i,49+0i,0.19161097593745+5.7688933124552i
-2+0i,50+0i,2.3543228600447-23.457967413707i
-1+0i,-49+0i,-4.3362562036069-15.4830621776459i
-1+0i,-48+0i,3.4401135402607-5.10760660462348i
-1+0i,-47+0i,5.98251976571895+8.69378352280875i
-1+0i,-46+0i,-22.1775370083181+12.6789982806085i
-1+0i,-45+0i,1.8763244833691+10.2295212175591i
-1+0i,-44+0i,16.5057726875137+2.8099768737005i
-1+0i,-43+0i,6.06806913597564-1.14200774478051i
-1+0i,-42+0i,10.4770332320896-10.8835693824566i
-1+0i,-41+0i,-5.00969640809161+0.81563350299279i
-1+0i,-40+0i,-10.5967497787101+1.523852194613i
-1+0i,-39+0i,1.86719383783843-3.95988287500961i
-1+0i,-38+0i,7.9325151612629+12.2442738821685i
-1+0i,-37+0i,2.98923506800649+7.73770175768557i
-1+0i,-36+0i,-4.38690897473298-1.88525022027039i
-1+0i,-35+0i,-6.99453806804542+4.12608755811142i
-1+0i,-34+0i,-6.6517366518134+1.96022636651905i
-1+0i,-33+0i,-5.80835440084657+1.20609674220432i
-1+0i,-32+0i,0.83864673266493-2.47850698583834i
-1+0i,-31+0i,7.5576954267721-12.1017804502879i
-1+0i,-30+0i,5.63092628735007+1.1226248599017i
-1+0i,-29+0i,-5.9083522202326+13.6361669989645i
-1+0i,-28+0i,9.23241988196509+8.08260914931195i
-1+0i,-27+0i,2.4765346149188-10.8726084713376i
-1+0i,-26+0i,0.23993780591115+4.10028070314538i
-1+0i,-25+0i,36.972228936907-0.9907228634737i
-1+0i,-24+0i,-22.5743656456349-2.4524860408923i
-1+0i,-23+0i,-13.112402262837-1.1105877098124i
-1+0i,-22+0i,-1.8207342465809-25.7312684619354i
-1+0i,-21+0i,-27.6609844920639+32.4392241721023i
-1+0i,-20+0i,5.97509605268284-7.20680676529758i
-1+0i,-19+0i,-8.31214725538539+1.69430833474779i
-1+0i,-18+0i,49.0202306381849-5.3492658522158i
-1+0i,-17+0i,7.503034271226-108.402411306909i
-1+0i,-16+0i,24.1647452762251-26.3703967515138i
-1+0i,-15+0i,52.645309248384-26.1803929131569i
-1+0i,-14+0i,-50.0276419171996-11.2939096246822i
-1+0i,-13+0i,40.0772038486366+31.8882256811442i
-1+0i,-12+0i,57.7791000147276+15.5452788846147i
-1+0i,-11+0i,32.3812708549107-21.4068945374013i
-1+0i,-10+0i,14.2447640411755-31.4189255841468i
-1+0i,-9+0i,-40.1880117607197+61.7703827649668i
-1+0i,-8+0i,5.4723508630343-33.0017650340102i
-1+0i,-7+0i,7.72243377562-72.473822735277i
-1+0i,-6+0i,-50.9425993142026+38.8621200228803i
-1+0i,-5+0i,90.1187954597186+33.9660264166199i
-1+0i,-4+0i,83.601659984799-104.265362524687i
-1+0i,-3+0i,-175.876702692942-10.555672246889i
-1+0i,-2+0i,24.712204203029+54.7749236529868i
-1+0i,-1+0i,-154.382533177169-51.052425888029i
-1+0i,0+0i,-395.309219287687+150.269896084986i
-1+0i,1+0i,-91.609142932288-141.362515154743i
-1+0i,2+0i,-142.347195907684-242.483128855067i
-1+0i,3+0i,108.499410353303+141.321320829043i
-1+0i,4+0i,216.862802204404-28.145783003477i
-1+0i,5+0i,34.2791724194932-82.1706085426025i
-1+0i,6+0i,85.7748234281637-65.3703834600342i
-1+0i,7+0i,-0.0844519041221-43.6216698719116i
-1+0i,8+0i,127.698446909157+0.262666853101i
-1+0i,9+0i,57.0861195085613+26.1339521323374i
-1+0i,10+0i,-14.406687741712+129.415971084775i
-1+0i,11+0i,89.3352530590917-57.472126698937i
-1+0i,12+0i,-46.0321588060842-8.1022781605633i
-1+0i,13+0i,-4.0293330984534+87.7946577855392i
-1+0i,14+0i,27.3533414432986-10.9782410349223i
-1+0i,15+0i,-43.3676990405576+53.5326425568191i
-1+0i,16+0i,-21.3211449906269+39.1818190835773i
-1+0i,17+0i,32.2910370810338+7.4424731389781i
-1+0i,18+0i,51.2168699607887+1.4085026198797i
-1+0i,19+0i,-21.8301745513423-20.6879289477369i
-1+0i,20+0i,-21.0278097534665+5.4324799806766i
-1+0i,21+0i,8.53868607424602-7.35055236127687i
-1+0i,22+0i,-46.628399020209+2.9127214987935i
-1+0i,23+0i,-17.9165941346907+37.4931889713976i
-1+0i,24+0i,15.4616426184744+10.8778785766435i
-1+0i,25+0i,-12.9862496875412-5.169052762054i
-1+0i,26+0i,4.587390784526-19.0161443275349i
-1+0i,27+0i,-9.14208362668503-8.34870906681427i
-1+0i,28+0i,-7.72399210345848-2.76006790988053i
-1+0i,29+0i,-0.8802693047269-23.1147735250692i
-1+0i,30+0i,-1.77622919657452+6.63406192455024i
-1+0i,31+0i,8.0624395138474-11.6972138691137i
-1+0i,32+0i,-8.1524712445929-15.7395126458258i
-1+0i,33+0i,3.74879892564066-5.64269489809038i
-1+0i,34+0i,4.6550387678586-16.0652611959764i
-1+0i,35+0i,14.8430942166712+4.4703838061406i
-1+0i,36+0i,18.1829126692291+0.4498288658645i
-1+0i,37+0i,5.68342790309377+0.58879762878302i
-1+0i,38+0i,-7.52124522762356+1.48769615120958i
-1+0i,39+0i,-16.5881930251749+3.8741560802775i
-1+0i,40+0i,6.67969257035945-1.2648143801384i
-1+0i,41+0i,-2.87683909010789+4.99196232238056i
-1+0i,42+0i,1.68914371270572+4.87059626250117i
-1+0i,43+0i,17.4424821134634-19.8581065674979i
-1+0i,44+0i,5.36604452429462+0.726385138921i
-1+0i,45+0i,2.37600066721537-2.005992197725i
-1+0i,46+0i,0.81825817843057-9.88724923793017i
-1+0i,47+0i,-2.6797479809692+15.5352560761915i
-1+0i,48+0i,-9.01612998196263+9.13484676034026i
-1+0i,49+0i,3.80908236017654+3.54205510708048i
-1+0i,50+0i,15.4791282295457+1.177257008944i
0+0i,-49+0i,12.8974335583137-11.4336930100115i
0+0i,-48+0i,1.7434056048367-3.86148257243227i
0+0i,-47+0i,-8.2745926833921+6.26571106839152i
0+0i,-46+0i,-0.96506783994507-1.55714716258767i
0+0i,-45+0i,-7.10572201975017+9.97859132480299i
0+0i,-44+0i,7.60862545511738+9.36732498562432i
0+0i,-43+0i,23.1400449688957-5.6081868874308i
0+0i,-42+0i,5.56229737854404+3.05259589278778i
0+0i,-41+0i,-7.67527173035651+3.47811913963311i
0+0i,-40+0i,-4.1155778921758-10.0797523583116i
0+0i,-39+0i,-4.28020526836613+0.52569569234247i
0+0i,-38+0i,1.30519071300363+2.75713413239984i
0+0i,-37+0i,6.86892929263414+2.43483106296414i
0+0i,-36+0i,11.6438239214537+6.0998690863719i
0+0i,-35+0i,-2.92356973999327+1.32641390830187i
0+0i,-34+0i,-7.0815918512907+14.215306072934i
0+0i,-33+0i,2.76537237811916+1.55160975522746i
0+0i,-32+0i,4.82834493758384-0.97735053169964i
0+0i,-31+0i,6.6066437438176+11.8212478319455i
0+0i,-30+0i,-6.24701734505603+3.22237034902884i
0+0i,-29+0i,-6.65828698953067-3.14722894100169i
0+0i,-28+0i,-6.10274191652829+6.00320479571176i
0+0i,-27+0i,5.54989430261869+6.94248562087684i
0+0i,-26+0i,20.8819574931265+6.9902348161546i
0+0i,-25+0i,12.1607843137238+17.2039215686274i
0+0i,-24+0i,-23.6107890426335-28.4766397518742i
0+0i,-23+0i,-17.1127018255345-33.4878980036854i
0+0i,-22+0i,6.87063358714255+5.47049043539669i
0+0i,-21+0i,-29.3948477026378-12.0162215424366i
0+0i,-20+0i,-8.40795151957674-3.49124179199676i
0+0i,-19+0i,9.3071348898815+29.2194224668824i
0+0i,-18+0i,18.4005348634172-22.3713946416815i
0+0i,-17+0i,71.5085540704626-54.3368739201093i
0+0i,-16+0i,5.1349705297876-23.9558944581011i
0+0i,-15+0i,-49.9902157067589-43.6564921190826i
0+0i,-14+0i,31.8090824350096-69.5644645936465i
0+0i,-13+0i,-27.535704929032-0.2339604578953i
0+0i,-12+0i,12.655897495472+90.7394164074976i
0+0i,-11+0i,99.5532573825098-41.8309422590705i
0+0i,-10+0i,-65.476512066711-51.566034090449i
0+0i,-9+0i,5.2629041080768-51.0196701567333i
0+0i,-8+0i,53.2995067792854-71.4353876148591i
0+0i,-7+0i,64.762607654595+119.669986436666i
0+0i,-6+0i,-5.8903726287725-75.2965031959816i
0+0i,-5+0i,29.8587231527788-11.4929832610755i
0+0i,-4+0i,275.838171921899-20.048690583875i
0+0i,-3+0i,-22.126358568135+22.2517933603355i
0+0i,-2+0i,295.068120163493+550.396866794804i
0+0i,-1+0i,-252.164806652945+137.570834770164i
0+0i,0+0i,8579.06666666667+0i
0+0i,1+0i,-252.164806652945-137.570834770164i
0+0i,2+0i,295.068120163493-550.396866794804i
0+0i,3+0i,-22.126358568135-22.2517933603355i
0+0i,4+0i,275.838171921899+20.048690583875i
0+0i,5+0i,29.8587231527788+11.4929832610755i
0+0i,6+0i,-5.8903726287725+75.2965031959816i
0+0i,7+0i,64.762607654595-119.669986436666i
0+0i,8+0i,53.2995067792854+71.4353876148591i
0+0i,9+0i,5.2629041080768+51.0196701567333i
0+0i,10+0i,-65.476512066711+51.566034090449i
0+0i,11+0i,99.5532573825098+41.8309422590705i
0+0i,12+0i,12.655897495472-90.7394164074976i
0+0i,13+0i,-27.535704929032+0.2339604578953i
0+0i,14+0i,31.8090824350096+69.5644645936465i
0+0i,15+0i,-49.9902157067589+43.6564921190826i
0+0i,16+0i,5.1349705297876+23.9558944581011i
0+0i,17+0i,71.5085540704626+54.3368739201093i
0+0i,18+0i,18.4005348634172+22.3713946416815i
0+0i,19+0i,9.3071348898815-29.2194224668824i
0+0i,20+0i,-8.40795151957674+3.49124179199676i
0+0i,21+0i,-29.3948477026378+12.0162215424366i
0+0i,22+0i,6.87063358714255-5.47049043539669i
0+0i,23+0i,-17.1127018255345+33.4878980036854i
0+0i,24+0i,-23.6107890426335+28.4766397518742i
0+0i,25+0i,12.1607843137238-17.2039215686274i
0+0i,26+0i,20.8819574931265-6.9902348161546i
0+0i,27+0i,5.54989430261869-6.94248562087684i
0+0i,28+0i,-6.10274191652829-6.00320479571176i
0+0i,29+0i,-6.65828698953067+3.14722894100169i
0+0i,30+0i,-6.24701734505603-3.22237034902884i
0+0i,31+0i,6.6066437438176-11.8212478319455i
0+0i,32+0i,4.82834493758384+0.97735053169964i
0+0i,33+0i,2.76537237811916-1.55160975522746i
0+0i,34+0i,-7.0815918512907-14.215306072934i
0+0i,35+0i,-2.92356973999327-1.32641390830187i
0+0i,36+0i,11.6438239214537-6.0998690863719i
0+0i,37+0i,6.86892929263414-2.43483106296414i
0+0i,38+0i,1.30519071300363-2.75713413239984i
0+0i,39+0i,-4.28020526836613-0.52569569234247i
0+0i,40+0i,-4.1155778921758+10.0797523583116i
0+0i,41+0i,-7.67527173035651-3.47811913963311i
0+0i,42+0i,5.56229737854404-3.05259589278778i
0+0i,43+0i,23.1400449688957+5.6081868874308i
0+0i,44+0i,7.60862545511738-9.36732498562432i
0+0i,45+0i,-7.10572201975017-9.97859132480299i
0+0i,46+0i,-0.96506783994507+1.55714716258767i
0+0i,47+0i,-8.2745926833921-6.26571106839152i
0+0i,48+0i,1.7434056048367+3.86148257243227i
0+0i,49+0i,12.8974335583137+11.4336930100115i
0+0i,50+0i,1.42745098039216e+00+1.2e-13i
1+0i,-49+0i,3.80908236017654-3.54205510708048i
1+0i,-48+0i,-9.01612998196263-9.13484676034026i
1+0i,-47+0i,-2.6797479809692-15.5352560761915i
1+0i,-46+0i,0.81825817843057+9.88724923793017i
1+0i,-45+0i,2.37600066721537+2.005992197725i
1+0i,-44+0i,5.36604452429462-0.726385138921i
1+0i,-43+0i,17.4424821134634+19.8581065674979i
1+0i,-42+0i,1.68914371270572-4.87059626250117i
1+0i,-41+0i,-2.87683909010789-4.99196232238056i
1+0i,-40+0i,6.67969257035945+1.2648143801384i
1+0i,-39+0i,-16.5881930251749-3.8741560802775i
1+0i,-38+0i,-7.52124522762356-1.48769615120958i
1+0i,-37+0i,5.68342790309377-0.58879762878302i
1+0i,-36+0i,18.1829126692291-0.4498288658645i
1+0i,-35+0i,14.8430942166712-4.4703838061406i
1+0i,-34+0i,4.6550387678586+16.0652611959764i
1+0i,-33+0i,3.74879892564066+5.64269489809038i
1+0i,-32+0i,-8.1524712445929+15.7395126458258i
1+0i,-31+0i,8.0624395138474+11.6972138691137i
1+0i,-30+0i,-1.77622919657452-6.63406192455024i
1+0i,-29+0i,-0.8802693047269+23.1147735250692i
1+0i,-28+0i,-7.72399210345848+2.76006790988053i
1+0i,-27+0i,-9.14208362668503+8.34870906681427i
1+0i,-26+0i,4.587390784526+19.0161443275349i
1+0i,-25+0i,-12.9862496875412+5.169052762054i
1+0i,-24+0i,15.4616426184744-10.8778785766435i
1+0i,-23+0i,-17.9165941346907-37.4931889713976i
1+0i,-22+0i,-46.628399020209-2.9127214987935i
1+0i,-21+0i,8.53868607424602+7.35055236127687i
1+0i,-20+0i,-21.0278097534665-5.4324799806766i
1+0i,-19+0i,-21.8301745513423+20.6879289477369i
1+0i,-18+0i,51.2168699607887-1.4085026198797i
1+0i,-17+0i,32.2910370810338-7.4424731389781i
1+0i,-16+0i,-21.3211449906269-39.1818190835773i
1+0i,-15+0i,-43.3676990405576-53.5326425568191i
1+0i,-14+0i,27.3533414432986+10.9782410349223i
1+0i,-13+0i,-4.0293330984534-87.7946577855392i
1+0i,-12+0i,-46.0321588060842+8.1022781605633i
1+0i,-11+0i,89.3352530590917+57.472126698937i
1+0i,-10+0i,-14.406687741712-129.415971084775i
1+0i,-9+0i,57.0861195085613-26.1339521323374i
1+0i,-8+0i,127.698446909157-0.262666853101i
1+0i,-7+0i,-0.0844519041221+43.6216698719116i
1+0i,-6+0i,85.7748234281637+65.3703834600342i
1+0i,-5+0i,34.2791724194932+82.1706085426025i
1+0i,-4+0i,216.862802204404+28.145783003477i
1+0i,-3+0i,108.499410353303-141.321320829043i
1+0i,-2+0i,-142.347195907684+242.483128855067i
1+0i,-1+0i,-91.609142932288+141.362515154743i
1+0i,0+0i,-395.309219287687-150.269896084986i
1+0i,1+0i,-154.382533177169+51.052425888029i
1+0i,2+0i,24.712204203029-54.7749236529868i
1+0i,3+0i,-175.876702692942+10.555672246889i
1+0i,4+0i,83.601659984799+104.265362524687i
1+0i,5+0i,90.1187954597186-33.9660264166199i
1+0i,6+0i,-50.9425993142026-38.8621200228803i
1+0i,7+0i,7.72243377562+72.473822735277i
1+0i,8+0i,5.4723508630343+33.0017650340102i
1+0i,9+0i,-40.1880117607197-61.7703827649668i
1+0i,10+0i,14.2447640411755+31.4189255841468i
1+0i,11+0i,32.3812708549107+21.4068945374013i
1+0i,12+0i,57.7791000147276-15.5452788846147i
1+0i,13+0i,40.0772038486366-31.8882256811442i
1+0i,14+0i,-50.0276419171996+11.2939096246822i
1+0i,15+0i,52.645309248384+26.1803929131569i
1+0i,16+0i,24.1647452762251+26.3703967515138i
1+0i,17+0i,7.503034271226+108.402411306909i
1+0i,18+0i,49.0202306381849+5.3492658522158i
1+0i,19+0i,-8.31214725538539-1.69430833474779i
1+0i,20+0i,5.97509605268284+7.20680676529758i
1+0i,21+0i,-27.6609844920639-32.4392241721023i
1+0i,22+0i,-1.8207342465809+25.7312684619354i
1+0i,23+0i,-13.112402262837+1.1105877098124i
1+0i,24+0i,-22.5743656456349+2.4524860408923i
1+0i,25+0i,36.972228936907+0.9907228634737i
1+0i,26+0i,0.23993780591115-4.10028070314538i
1+0i,27+0i,2.4765346149188+10.8726084713376i
1+0i,28+0i,9.23241988196509-8.08260914931195i
1+0i,29+0i,-5.9083522202326-13.6361669989645i
1+0i,30+0i,5.63092628735007-1.1226248599017i
1+0i,31+0i,7.5576954267721+12.1017804502879i
1+0i,32+0i,0.83864673266493+2.47850698583834i
1+0i,33+0i,-5.80835440084657-1.20609674220432i
1+0i,34+0i,-6.6517366518134-1.96022636651905i
1+0i,35+0i,-6.99453806804542-4.12608755811142i
1+0i,36+0i,-4.38690897473298+1.88525022027039i
1+0i,37+0i,2.98923506800649-7.73770175768557i
1+0i,38+0i,7.9325151612629-12.2442738821685i
1+0i,39+0i,1.86719383783843+3.95988287500961i
1+0i,40+0i,-10.5967497787101-1.523852194613i
1+0i,41+0i,-5.00969640809161-0.81563350299279i
1+0i,42+0i,10.4770332320896+10.8835693824566i
1+0i,43+0i,6.06806913597564+1.14200774478051i
1+0i,44+0i,16.5057726875137-2.8099768737005i
1+0i,45+0i,1.8763244833691-10.2295212175591i
1+0i,46+0i,-22.1775370083181-12.6789982806085i
1+0i,47+0i,5.98251976571895-8.69378352280875i
1+0i,48+0i,3.4401135402607+5.10760660462348i
1+0i,49+0i,-4.3362562036069+15.4830621776459i
1+0i,50+0i,15.4791282295456-1.177257008944i
2+0i,-49+0i,0.19161097593745-5.7688933124552i
2+0i,-48+0i,-7.962351685987-25.1125440278848i
2+0i,-47+0i,6.3590362964044-9.19247678712924i
2+0i,-46+0i,-6.14591010917104-8.91282238911569i
2+0i,-45+0i,3.83226463682674+9.48216049611073i
2+0i,-44+0i,12.3758695474568+6.4297105547692i
2+0i,-43+0i,-4.5374993173324+4.40349156020585i
2+0i,-42+0i,19.4258431771831-4.6516368156501i
2+0i,-41+0i,8.4010187498619-12.3031760807926i
2+0i,-40+0i,-6.66720470420077+4.11399679257545i
2+0i,-39+0i,4.11812732574548+2.61639587838994i
2+0i,-38+0i,3.24255481315782+5.09739642781861i
2+0i,-37+0i,3.06093263521855+1.15811235121873i
2+0i,-36+0i,4.16719195764513+3.58983902168221i
2+0i,-35+0i,4.19448434238889+6.25203676612803i
2+0i,-34+0i,0.4512716480622+9.49344068101339i
2+0i,-33+0i,-1.1301473989629+11.0155452623822i
2+0i,-32+0i,-11.3259513290668-3.8232889471399i
2+0i,-31+0i,4.83253776310857+3.67909095126232i
2+0i,-30+0i,17.4818593778441+3.1324156736161i
2+0i,-29+0i,-10.8800373197298+2.1399676992185i
2+0i,-28+0i,-0.4286642026037+25.707919087793i
2+0i,-27+0i,3.25590165747067+8.65188659577796i
2+0i,-26+0i,-29.8283209665215-3.1681944797486i
2+0i,-25+0i,14.2706980021126+15.8780759631657i
2+0i,-24+0i,18.7151047837931+17.6636631237365i
2+0i,-23+0i,-2.38922972321628-0.43755440646177i
2+0i,-22+0i,-1.2425590753283-38.9269705216708i
2+0i,-21+0i,-51.3122960082645+27.828535412789i
2+0i,-20+0i,-8.7957655753865+10.9524220262453i
2+0i,-19+0i,-1.78326368400243-0.75424109169542i
2+0i,-18+0i,8.3669931798144+97.7159617542622i
2+0i,-17+0i,16.8337079462703-40.0177122134551i
2+0i,-16+0i,-4.7651768139895-42.3133936523738i
2+0i,-15+0i,21.4343809298787-5.4361497993194i
2+0i,-14+0i,-32.9606083431704-50.3515248408119i
2+0i,-13+0i,26.6017029335192-2.7646287325231i
2+0i,-12+0i,-29.4481709571345-32.9029718645267i
2+0i,-11+0i,-31.6150830087758-4.0242125983743i
2+0i,-10+0i,97.5908492679864-70.673784498257i
2+0i,-9+0i,14.2617633250797+5.2200536093683i
2+0i,-8+0i,87.5386512259185+70.19116767156i
2+0i,-7+0i,97.0738779861476-56.749298926319i
2+0i,-6+0i,-21.4949785674648+41.8268309174293i
2+0i,-5+0i,17.9540656297601+58.943246317619i
2+0i,-4+0i,126.871289424014+16.015181031112i
2+0i,-3+0i,25.4984164361856-38.9078581446717i
2+0i,-2+0i,-40.124111056555-214.446560133743i
2+0i,-1+0i,150.781789016076-159.796046861996i
2+0i,0+0i,-6.048298421405+140.59069957527i
2+0i,1+0i,-143.657281400785+52.191808228763i
2+0i,2+0i,-57.2708331417375-97.4207811264007i
2+0i,3+0i,-87.646002799855+157.822192028717i
2+0i,4+0i,-65.758731553526+114.300964053782i
2+0i,5+0i,66.861111457922-47.6922933539438i
2+0i,6+0i,54.556913921288-108.552997505861i
2+0i,7+0i,-102.760400515948-78.457567565877i
2+0i,8+0i,-2.654708264594+30.3805646273534i
2+0i,9+0i,19.5028795925997+14.6423267895908i
2+0i,10+0i,13.8666520273604+29.3594165349893i
2+0i,11+0i,96.0929700092849-52.9333279244044i
2+0i,12+0i,35.9102179878301+5.7389937717108i
2+0i,13+0i,45.1318389974854+40.6792999956541i
2+0i,14+0i,-10.2678869744642-35.8109619269246i
2+0i,15+0i,-19.7007127873199+57.7249148854936i
2+0i,16+0i,-5.2025242705118+25.3515888097685i
2+0i,17+0i,-16.0285404952718+20.7057392723656i
2+0i,18+0i,22.5668388315486+59.548888634015i
2+0i,19+0i,-7.8666031018591+10.3627595488469i
2+0i,20+0i,8.5201796604066-27.3034597461868i
2+0i,21+0i,-5.781101655473-34.5373903520782i
2+0i,22+0i,-30.6806911052995-18.1825464560147i
2+0i,23+0i,-11.4965220957385-2.2031906879294i
2+0i,24+0i,-0.2497313907463+15.9812112294186i
2+0i,25+0i,9.04850213702694+8.99940784451276i
2+0i,26+0i,23.659205597276+5.3389972801792i
2+0i,27+0i,13.9718179672608-10.8041444909508i
2+0i,28+0i,-11.5254452971303+2.3058036318835i
2+0i,29+0i,13.0695538143852+8.3079466526233i
2+0i,30+0i,3.06589909681033+0.44251280586382i
2+0i,31+0i,-3.0715666637097+13.5997718950834i
2+0i,32+0i,2.53146590583586-5.8510527369449i
2+0i,33+0i,-7.30073575812888-0.55305622936696i
2+0i,34+0i,0.24728858884555+6.98343062190353i
2+0i,35+0i,1.40434139398291+8.78211462683111i
2+0i,36+0i,2.42057831852607+1.07700882978045i
2+0i,37+0i,-2.51112220139542-7.18873643760146i
2+0i,38+0i,-2.37769919479172+0.59901757493263i
2+0i,39+0i,-8.94471215168961-1.27528683954878i
2+0i,40+0i,-1.35797991713082+3.32500651317334i
2+0i,41+0i,-1.69812743783395+2.07402138076815i
2+0i,42+0i,-7.56958832983203+5.37394307178647i
2+0i,43+0i,17.1917378124313+1.0088899691622i
2+0i,44+0i,9.99495942056657+4.28419247120598i
2+0i,45+0i,-3.74827053059975-0.49910142527874i
2+0i,46+0i,-3.9659559586369-24.7500268834513i
2+0i,47+0i,-8.95970183841621-0.27676821630414i
2+0i,48+0i,-2.54834841864901+5.65629711070787i
2+0i,49+0i,-3.15830688188465-2.72574873123376i
2+0i,50+0i,2.3543228600446+23.4579674137069i
3+0i,-49+0i,-3.77961197292788+0.36314358989048i
3+0i,-48+0i,12.4458577370277-11.7852686304595i
3+0i,-47+0i,-6.9718735381708-13.1375166439444i
3+0i,-46+0i,4.17288736028837-8.94871991954722i
3+0i,-45+0i,-5.14474859241861+2.64343135289696i
3+0i,-44+0i,-6.17269119956937+8.21940923356558i
3+0i,-43+0i,13.711585161705-9.1792701906495i
3+0i,-42+0i,11.1945699725504+3.6844881138092i
3+0i,-41+0i,8.9929373054767-3.71537331726858i
3+0i,-40+0i,3.9035930546675-18.268738306653i
3+0i,-39+0i,0.51498057457928+5.82030912856326i
3+0i,-38+0i,4.46167391430608+8.59219331090116i
3+0i,-37+0i,1.69028064802261+4.264193626412i
3+0i,-36+0i,-1.215915644467+12.920259633127i
3+0i,-35+0i,-5.384825453822+1.80221614994914i
3+0i,-34+0i,-4.99969920553314+1.53833771758115i
3+0i,-33+0i,0.84778859770238-0.347351940294137i
3+0i,-32+0i,1.10973129403535-8.81968346648793i
3+0i,-31+0i,-1.56142162321311+8.81717597644093i
3+0i,-30+0i,4.98943988943791+7.21607212432943i
3+0i,-29+0i,15.593490527139-19.7790835484067i
3+0i,-28+0i,-13.6123466997692+10.0554077029091i
3+0i,-27+0i,-2.9578283396254+23.4980717614542i
3+0i,-26+0i,21.1227545954879-4.6833819914522i
3+0i,-25+0i,11.1403026834166+30.1348359422736i
3+0i,-24+0i,10.9561760358044+6.3741430214336i
3+0i,-23+0i,6.64707988370975-2.02503816914054i
3+0i,-22+0i,5.86964318368633+9.82263562655659i
3+0i,-21+0i,-45.420303911934-10.9732070100261i
3+0i,-20+0i,-5.9337283181744+24.5472020255991i
3+0i,-19+0i,5.167868604697+21.5773795682664i
3+0i,-18+0i,-38.5062105776098+35.1158190245169i
3+0i,-17+0i,49.1560588886174-1.9269038189637i
3+0i,-16+0i,25.6329774793851-15.9307038038744i
3+0i,-15+0i,-18.1352148769167-28.2550909202642i
3+0i,-14+0i,20.6622402254883-73.2539231435838i
3+0i,-13+0i,4.59061380439813-7.27510504836414i
3+0i,-12+0i,-34.3264585959524-19.9452669889007i
3+0i,-11+0i,57.7362433590005+6.502819558818i
3+0i,-10+0i,53.240161313181+36.9393969463219i
3+0i,-9+0i,-42.3898908371092-8.3058938491635i
3+0i,-8+0i,29.2758786144041-12.0918813130859i
3+0i,-7+0i,-18.5409815606967+40.0639071083039i
3+0i,-6+0i,19.2447031831508+4.5442533157397i
3+0i,-5+0i,37.2489640015437-40.5292857868726i
3+0i,-4+0i,5.6111955179753+77.1010951676261i
3+0i,-3+0i,114.808457605412-74.584538273652i
3+0i,-2+0i,94.012668015752-132.868683673307i
3+0i,-1+0i,16.3579097908668+15.8599817419315i
3+0i,0+0i,-248.10799804619-38.793653950208i
3+0i,1+0i,-240.250413513254-99.802011978047i
3+0i,2+0i,48.9314603334448-79.1934001311988i
3+0i,3+0i,48.1474880486854-4.5025417640742i
3+0i,4+0i,-20.2563276835831-79.4464624858872i
3+0i,5+0i,-22.5642446289823-4.9867317797317i
3+0i,6+0i,15.5046390923206+29.4185394814567i
3+0i,7+0i,-12.55781729664-100.656884542099i
3+0i,8+0i,-4.03011018642931-2.86982621035057i
3+0i,9+0i,-53.369028719865-4.5269431420088i
3+0i,10+0i,-15.1746714830482+24.019204204992i
3+0i,11+0i,116.154868053631+26.018083201683i
3+0i,12+0i,4.2882175102506-22.9745284830041i
3+0i,13+0i,10.9817747740461+24.1614167626815i
3+0i,14+0i,-2.12945179882253+3.2021200803347i
3+0i,15+0i,-74.2861622836262+22.4313069237208i
3+0i,16+0i,-19.9357286841549+25.6919192879431i
3+0i,17+0i,-10.0911895493257+25.3651603901461i
3+0i,18+0i,-25.3842486649417+10.3705094464287i
3+0i,19+0i,-7.43552490707644-5.35797791412445i
3+0i,20+0i,33.1526446374296-13.6855534767119i
3+0i,21+0i,-13.2849907301007-36.0124061982948i
3+0i,22+0i,-11.8473311704364-14.0357680610427i
3+0i,23+0i,8.20604905792059+3.26566150529599i
3+0i,24+0i,-12.921499815146+20.0047455957972i
3+0i,25+0i,12.7603161513291+3.0662999628761i
3+0i,26+0i,16.8253242953632+10.6499124365596i
3+0i,27+0i,18.6460596871663+8.395396615196i
3+0i,28+0i,0.15727895400584-2.18520160292108i
3+0i,29+0i,-4.2120940860502+19.4584608868355i
3+0i,30+0i,3.43764228296591+0.29171509319954i
3+0i,31+0i,-4.46494751452693+3.13235537448911i
3+0i,32+0i,1.54197845963785+8.86734667097965i
3+0i,33+0i,3.81182820037095-3.64729689383452i
3+0i,34+0i,-4.63171147155518-2.32627738524186i
3+0i,35+0i,-5.95559210388619+2.66791867279718i
3+0i,36+0i,8.03118452894559-0.90033053580528i
3+0i,37+0i,1.26185014607643+1.5286032102448i
3+0i,38+0i,-0.779878784362123+0.754258842873718i
3+0i,39+0i,7.94041943411148-8.57502273995578i
3+0i,40+0i,-3.9753067288257+5.13282763682777i
3+0i,41+0i,-11.2470226670018+10.3068649643049i
3+0i,42+0i,7.66492029694543+5.93535432474374i
3+0i,43+0i,11.8506258267927+13.1220916988699i
3+0i,44+0i,2.19511966619602+5.19685382634573i
3+0i,45+0i,4.28692130372263-5.83667180417267i
3+0i,46+0i,0.88222111883286+1.33547161184096i
3+0i,47+0i,-14.0294975850005-8.4148853407935i
3+0i,48+0i,-12.579267723876+2.0973186831567i
3+0i,49+0i,4.5227160045636+14.2166083466529i
3+0i,50+0i,-15.2579482479932-0.5008952209265i
4+0i,-49+0i,-8.89498887541601-5.96489200699795i
4+0i,-48+0i,-3.11121675412251+6.19013809197754i
4+0i,-47+0i,10.9263181490697-17.4418937708881i
4+0i,-46+0i,-6.79825762900285-1.26153086783349i
4+0i,-45+0i,-9.04581618676695-0.42325107655487i
4+0i,-44+0i,-0.57011706754541-5.66689578381068i
4+0i,-43+0i,12.2893367514527+6.0199329433443i
4+0i,-42+0i,2.28583149474016-0.13983947342136i
4+0i,-41+0i,2.84538155969996+2.07277731406108i
4+0i,-40+0i,8.33657019562765-6.47905499881583i
4+0i,-39+0i,-10.9434903736907-11.2045343563091i
4+0i,-38+0i,-5.28528562222471+3.37212887029215i
4+0i,-37+0i,-1.30435901165067+6.31233533567319i
4+0i,-36+0i,0.5910311485048+5.18656594282173i
4+0i,-35+0i,4.49129950442628-8.71547299246964i
4+0i,-34+0i,-1.82337986438381-9.03762796654786i
4+0i,-33+0i,9.32299272561336+2.62977780492561i
4+0i,-32+0i,0.1717190303915+11.6706833832833i
4+0i,-31+0i,-4.71394557179275+7.14906298714621i
4+0i,-30+0i,4.18117959032883-1.56019026903851i
4+0i,-29+0i,8.68631346041719+5.71997941101211i
4+0i,-28+0i,-11.4031149285475-8.1664567111819i
4+0i,-27+0i,-10.3101793242091+2.2077464763832i
4+0i,-26+0i,11.9196976254312+9.7199833424297i
4+0i,-25+0i,-7.65022293194907+3.905127858902i
4+0i,-24+0i,17.2661548049798+3.0966413456685i
4+0i,-23+0i,10.6370697219969-2.3478442353488i
4+0i,-22+0i,-22.4924344245112-16.1237646881169i
4+0i,-21+0i,1.6577845163032-12.6073164642932i
4+0i,-20+0i,1.7282248713753+20.2923322618292i
4+0i,-19+0i,-29.3383473388966-9.6959570810261i
4+0i,-18+0i,3.26709059883187+1.19472427592385i
4+0i,-17+0i,24.9451669941233+12.910327187466i
4+0i,-16+0i,13.8046753552612-2.0502269635462i
4+0i,-15+0i,54.8104943667086-16.1673844152754i
4+0i,-14+0i,-6.5988747474832-24.1047688924986i
4+0i,-13+0i,3.1201242115224-33.5767286428717i
4+0i,-12+0i,22.6131786826363-68.6378020352999i
4+0i,-11+0i,16.2439491778579+89.7759440649623i
4+0i,-10+0i,32.055173595469+82.8520216277249i
4+0i,-9+0i,-83.7532051213465+10.704433539971i
4+0i,-8+0i,-17.976603184068+43.7535452170205i
4+0i,-7+0i,-58.144239449335-59.8608002463855i
4+0i,-6+0i,-19.1235442106396+56.0524991043946i
4+0i,-5+0i,124.012121797717+92.445072169162i
4+0i,-4+0i,-46.2392152029074-34.7050913776807i
4+0i,-3+0i,13.1821539518193-79.3158505486773i
4+0i,-2+0i,-0.8921494035292-81.0526360920094i
4+0i,-1+0i,-54.7189150332169-27.1072091296203i
4+0i,0+0i,169.686893496375-9.204753816977i
4+0i,1+0i,66.308064972802+13.7161260351282i
4+0i,2+0i,-245.942001754086+24.233486357478i
4+0i,3+0i,-197.303181616821+89.310486618823i
4+0i,4+0i,5.3531574316198+15.9991654458138i
4+0i,5+0i,28.480975991552-122.904318056671i
4+0i,6+0i,-21.9891493682006-83.2849310948091i
4+0i,7+0i,-78.7867508928234+30.9535695648912i
4+0i,8+0i,21.2251023228647+27.8947751787468i
4+0i,9+0i,3.5195609342863-91.9216282930299i
4+0i,10+0i,-58.6289084310304+52.2610644096978i
4+0i,11+0i,50.388570167281+83.6086603864644i
4+0i,12+0i,-6.9328321538084-13.0538622034634i
4+0i,13+0i,6.4399519226475+46.4911559930809i
4+0i,14+0i,11.3805830353447-2.7898136872269i
4+0i,15+0i,-32.1260182414406-22.7660211836092i
4+0i,16+0i,-39.7019251146291+13.1746519388393i
4+0i,17+0i,-59.3755672900423+49.7207875003994i
4+0i,18+0i,24.7453112811669+6.4172019582245i
4+0i,19+0i,8.37898362765787-8.46631549051592i
4+0i,20+0i,-1.8399937350559+24.3095028258381i
4+0i,21+0i,1.617567228796-34.7706632136029i
4+0i,22+0i,-19.4199265001843-10.2516914979829i
4+0i,23+0i,8.86458761436655+3.21270012146987i
4+0i,24+0i,-5.54328971903433-8.64612925684084i
4+0i,25+0i,1.52295943117661+9.07682960869504i
4+0i,26+0i,3.84607242397602+8.46828939144827i
4+0i,27+0i,5.15385087428003+6.23534705162572i
4+0i,28+0i,13.1998903019991-5.4300336606027i
4+0i,29+0i,5.83997324395577-0.87261230313224i
4+0i,30+0i,10.1581167543654-1.4167291807772i
4+0i,31+0i,2.54237837533608+2.72801508838752i
4+0i,32+0i,-4.1089978874472+12.0256610599007i
4+0i,33+0i,0.61776648446296+1.26893823478546i
4+0i,34+0i,-5.44171501528828-5.0623005748731i
4+0i,35+0i,-1.21938806262104-0.20075433159974i
4+0i,36+0i,0.670692698168957+0.029058152044516i
4+0i,37+0i,-3.39333422532453+0.28103064116105i
4+0i,38+0i,7.3047468009609-10.2236409353861i
4+0i,39+0i,8.67368964789354-3.79554398717936i
4+0i,40+0i,7.06189003781423-3.7766787660857i
4+0i,41+0i,-11.5733155731682+3.486765507998i
4+0i,42+0i,4.2106463526744+32.8164502217428i
4+0i,43+0i,10.7895175442216+1.8210612918312i
4+0i,44+0i,-0.40060520091528+3.24871170661119i
4+0i,45+0i,16.4789039121454+9.1631935706679i
4+0i,46+0i,-9.39209629096715-9.15657042162185i
4+0i,47+0i,3.17676541531462-5.09699057990678i
4+0i,48+0i,-5.0126432764532-1.48322488770197i
4+0i,49+0i,-22.5893191005213+23.1775483485144i
4+0i,50+0i,10.3846376110491-0.6122857546346i
5+0i,-49+0i,4.87313573693692-0.27622274201449i
5+0i,-48+0i,-3.27031144724247-7.58049677357728i
5+0i,-47+0i,10.9849515982925+10.6696089372151i
5+0i,-46+0i,-5.81176551500877-8.96311271437776i
5+0i,-45+0i,-13.4867369523179-6.6426919267084i
5+0i,-44+0i,7.773433234578+10.3221203611995i
5+0i,-43+0i,3.12776149805995+2.78220850317131i
5+0i,-42+0i,8.18301795435913+2.06933045847851i
5+0i,-41+0i,-0.81306118048961+4.39012189607568i
5+0i,-40+0i,-10.66634934989+2.9137651767766i
5+0i,-39+0i,5.11195561058889-7.13903570725061i
5+0i,-38+0i,-0.72428295585201+1.98226534904439i
5+0i,-37+0i,-7.92257888749441+1.28342172699552i
5+0i,-36+0i,-9.88721777013905+0.86747813861281i
5+0i,-35+0i,2.79382596164309+3.04914220686343i
5+0i,-34+0i,0.9907301190188-13.0810078193325i
5+0i,-33+0i,-0.6968581725538+10.4386986137713i
5+0i,-32+0i,4.48308469119411+5.46470063472296i
5+0i,-31+0i,-3.64270380607735-7.48087978189915i
5+0i,-30+0i,0.9496584844935+11.46610195694i
5+0i,-29+0i,-7.07322378953241-0.68307598373081i
5+0i,-28+0i,-1.7368521996103-5.39746561717476i
5+0i,-27+0i,-7.80429212972242-1.51566844905764i
5+0i,-26+0i,-23.4723869515094-5.2001307099093i
5+0i,-25+0i,9.02736286737224+3.95415701877379i
5+0i,-24+0i,-4.0661070671934+0.32046056347858i
5+0i,-23+0i,-13.5173814921807-5.745779857522i
5+0i,-22+0i,32.2707411818616-31.1440295953765i
5+0i,-21+0i,-8.1770720775538-16.4126655963856i
5+0i,-20+0i,-22.0641803730132+16.2772075447122i
5+0i,-19+0i,-17.8194063924239-16.0610147466643i
5+0i,-18+0i,-14.2621173778717+27.3462260868727i
5+0i,-17+0i,44.0916851492918-13.5219044535362i
5+0i,-16+0i,31.152018658811-8.752370586579i
5+0i,-15+0i,52.6964578459161+73.0480243152924i
5+0i,-14+0i,-10.8314965921505-62.6263405018789i
5+0i,-13+0i,-26.740158707305-41.3029923583299i
5+0i,-12+0i,53.3410768779828+34.2722199986059i
5+0i,-11+0i,-13.3402283136272+9.146538420358i
5+0i,-10+0i,-35.0659790373939+60.1013188514647i
5+0i,-9+0i,-65.1437171699924+63.0058835139802i
5+0i,-8+0i,5.4169013381628-18.0174788278754i
5+0i,-7+0i,69.9874916847872-40.0791045109885i
5+0i,-6+0i,-0.6417520381213+68.1633377243854i
5+0i,-5+0i,-16.72637406925+115.499423116292i
5+0i,-4+0i,-22.884647863641+35.4597934750388i
5+0i,-3+0i,-35.156693448877-134.678357097957i
5+0i,-2+0i,19.759862194508-20.2406143194385i
5+0i,-1+0i,203.288395083363+42.316447117085i
5+0i,0+0i,41.925717907653-132.366082403627i
5+0i,1+0i,-136.735192472372+53.796301835918i
5+0i,2+0i,4.947961074541+61.3171967008912i
5+0i,3+0i,14.023991602443-11.9846493905465i
5+0i,4+0i,12.917297874972+51.8112463729561i
5+0i,5+0i,4.00186292475+35.0767716498866i
5+0i,6+0i,15.807453288941-20.587484175567i
5+0i,7+0i,-72.94863483473-158.013157170493i
5+0i,8+0i,10.3148070712903-2.4545194700116i
5+0i,9+0i,157.921569786766+61.635841402014i
5+0i,10+0i,-52.3797134297007+72.1874438376641i
5+0i,11+0i,5.296738616424+130.473209238952i
5+0i,12+0i,21.5493730913276-30.1300027190407i
5+0i,13+0i,-40.8405632001818+23.3671435819047i
5+0i,14+0i,56.8183169102762+43.7856989799787i
5+0i,15+0i,-39.6917624176824-9.0733996347755i
5+0i,16+0i,-63.7815801324609+2.8916967913886i
5+0i,17+0i,-35.1620811223115-19.318405862737i
5+0i,18+0i,8.5691286026427+27.3509249623237i
5+0i,19+0i,40.4474216970218+13.4923868469353i
5+0i,20+0i,-15.0969160502697+2.5606858608646i
5+0i,21+0i,0.82169998709474-4.68678116212942i
5+0i,22+0i,-15.513228162041-39.9653370042991i
5+0i,23+0i,-25.1803070479209+2.2660983750238i
5+0i,24+0i,10.7665508015682+6.4239722753679i
5+0i,25+0i,-13.5635234553361-13.5306215702302i
5+0i,26+0i,-0.85718277742801+8.42820267780598i
5+0i,27+0i,19.3603918184987-12.4602568351438i
5+0i,28+0i,1.9420669235598-11.1117871625445i
5+0i,29+0i,9.40172017862289+7.1088499553933i
5+0i,30+0i,3.611967367466-0.70690047566549i
5+0i,31+0i,5.25513132349362+0.48173659610064i
5+0i,32+0i,-6.34354737527567+1.74203441634351i
5+0i,33+0i,-7.04991809698358+3.95353593239752i
5+0i,34+0i,2.1852841125005-8.25469884544841i
5+0i,35+0i,-5.01739137186571+7.42115508516298i
5+0i,36+0i,8.23672367868047+1.14788809626713i
5+0i,37+0i,0.8869662410101-10.5549303004621i
5+0i,38+0i,-1.39829185946721-0.96545746183235i
5+0i,39+0i,-8.36264396941406-3.99622139439162i
5+0i,40+0i,12.9459073478887+6.9105776804326i
5+0i,41+0i,4.12884272852867-4.93214234248145i
5+0i,42+0i,-24.2057491821514+11.9919068155701i
5+0i,43+0i,19.414500258435+9.395440071692i
5+0i,44+0i,5.08613120093479+1.76206179142642i
5+0i,45+0i,-1.7504221688194+12.1228326343588i
5+0i,46+0i,14.7250682307161-18.4185717446007i
5+0i,47+0i,0.13285438695123-2.8907484007291i
5+0i,48+0i,-4.93104194545898+0.92488094960021i
5+0i,49+0i,-12.8736755059093-3.8021780960665i
5+0i,50+0i,3.0625295663305+21.0932376183233i
6+0i,-49+0i,6.42153924137604+2.70634017623621i
6+0i,-48+0i,17.3981908285801+3.7979417307251i
6+0i,-47+0i,-0.26783280791971+8.66419609127683i
6+0i,-46+0i,6.01527003838064+4.10776253679711i
6+0i,-45+0i,-3.70782201011427-3.42071434916732i
6+0i,-44+0i,-10.068973915797+8.7844838969246i
6+0i,-43+0i,6.00355122545174+6.29224598214262i
6+0i,-42+0i,3.15095737887199+7.43714747240775i
6+0i,-41+0i,-3.71774179356472+1.5829036497864i
6+0i,-40+0i,2.73044516774684-8.95824912769608i
6+0i,-39+0i,3.44637424866596-1.93081293393726i
6+0i,-38+0i,-1.641574549997+9.18680753470504i
6+0i,-37+0i,-2.27649421373327+0.46296808945155i
6+0i,-36+0i,-11.5273469773837+3.5991446042608i
6+0i,-35+0i,4.51202171637759+6.69685053626716i
6+0i,-34+0i,-1.87707798264542-6.7681076882105i
6+0i,-33+0i,-8.87564402838855+5.57503239816594i
6+0i,-32+0i,5.24158076264438-0.66703006217357i
6+0i,-31+0i,-1.96716850205313-2.05841666758341i
6+0i,-30+0i,-3.93540547712498-1.02921846703255i
6+0i,-29+0i,-1.77040323853138+3.7755777766002i
6+0i,-28+0i,3.63692774337977+9.11838219240724i
6+0i,-27+0i,-18.1573466388253-4.5671975847424i
6+0i,-26+0i,-0.760118939903785-0.664252789203199i
6+0i,-25+0i,4.4138138824739+9.7449811189484i
6+0i,-24+0i,-25.3442546868176+4.0750363201361i
6+0i,-23+0i,-7.6143609049963-27.4385056853662i
6+0i,-22+0i,-1.58694875098589+4.77019320306015i
6+0i,-21+0i,10.2450094937949-4.667760132195i
6+0i,-20+0i,-10.3676274228002-27.156138689508i
6+0i,-19+0i,-33.3425156916501+25.9865362358679i
6+0i,-18+0i,-8.175790117164-19.1799952645975i
6+0i,-17+0i,44.2251698905954-17.5160097512465i
6+0i,-16+0i,72.4314344456848+25.0002481021879i
6+0i,-15+0i,12.4899076122343+8.9664023361102i
6+0i,-14+0i,20.3877115740542+5.868648969931i
6+0i,-13+0i,21.2366612098628-40.728353974432i
6+0i,-12+0i,-45.182476076656+12.6240373668638i
6+0i,-11+0i,62.8530020682357+49.1915629883025i
6+0i,-10+0i,18.3225084035902-29.5041494575813i
6+0i,-9+0i,-115.608611235446+49.585684900404i
6+0i,-8+0i,56.2819553504201-1.1331015004515i
6+0i,-7+0i,36.2227029603654-10.434672244061i
6+0i,-6+0i,9.019954570397+114.015358415459i
6+0i,-5+0i,62.1650787334897-22.9956020984152i
6+0i,-4+0i,-58.7824469701108+47.2077721112135i
6+0i,-3+0i,18.3878253781519+46.2911888024217i
6+0i,-2+0i,48.7263394763803+1.9516474957038i
6+0i,-1+0i,-75.5299387925882+70.283665277008i
6+0i,0+0i,-225.025265373774-195.149747616211i
6+0i,1+0i,-89.927546578247-148.583598274245i
6+0i,2+0i,164.786252306151-21.045280336152i
6+0i,3+0i,122.051441071065-82.522154593763i
6+0i,4+0i,99.9000900192415-83.8035498102704i
6+0i,5+0i,-34.8501727706025-28.6564466770811i
6+0i,6+0i,35.6776408529239+57.0530449906048i
6+0i,7+0i,139.57101560602-87.652255530981i
6+0i,8+0i,20.3219006414+6.0194755040652i
6+0i,9+0i,68.2803249501249+60.6633277525686i
6+0i,10+0i,-49.055764935338-23.7540640682535i
6+0i,11+0i,-19.076983976576+114.412140206398i
6+0i,12+0i,82.6785608066496+27.6214832880816i
6+0i,13+0i,-10.5099833027495-25.1204160666906i
6+0i,14+0i,-19.5843862731099+32.6391135305251i
6+0i,15+0i,-43.4399154054689-4.8058910886248i
6+0i,16+0i,-1.7990392204031-20.6116786979056i
6+0i,17+0i,8.4076355362644+0.44890814058001i
6+0i,18+0i,-18.4069561095877+16.9200625850437i
6+0i,19+0i,7.712808630767-17.0530649522363i
6+0i,20+0i,-4.8617601649108-9.12126723420242i
6+0i,21+0i,-0.0811221613614+13.1684031805667i
6+0i,22+0i,16.2010105963771+3.7815588824932i
6+0i,23+0i,-16.9502050714893-4.9482937250796i
6+0i,24+0i,-38.722631003622+2.6766171602641i
6+0i,25+0i,-2.10055149856773-5.55654486608888i
6+0i,26+0i,11.0677370831435-5.8603053426691i
6+0i,27+0i,0.4760315806097+10.243734764478i
6+0i,28+0i,-7.02877321300391+3.43366311473023i
6+0i,29+0i,-3.09630032910616+1.10485281738393i
6+0i,30+0i,-2.48703518508817-8.73661318898394i
6+0i,31+0i,-7.73376606645536-3.91641556199773i
6+0i,32+0i,-6.41034189882376+5.20962428118814i
6+0i,33+0i,0.16835396654539-4.38600603387395i
6+0i,34+0i,3.8605790070657-17.7765861799674i
6+0i,35+0i,-8.90482022585396-8.19298305702684i
6+0i,36+0i,6.27430303915075+4.06961307985393i
6+0i,37+0i,12.2341629421786+3.3585021647607i
6+0i,38+0i,6.95806951225651+0.72456494920473i
6+0i,39+0i,1.9069720184274-8.48149161103162i
6+0i,40+0i,-4.6556192869181+11.282567202446i
6+0i,41+0i,-4.76755155898539+5.01495462243255i
6+0i,42+0i,-13.7583709860974-5.3537442067079i
6+0i,43+0i,3.0575449659186+12.4694277923491i
6+0i,44+0i,7.5956439378734+0.81157857351148i
6+0i,45+0i,2.62031139329895-5.55165482761259i
6+0i,46+0i,10.6308101373292+4.4933302353037i
6+0i,47+0i,1.25033870982226-7.51998722594439i
6+0i,48+0i,-4.9199473248415-11.8613370656737i
6+0i,49+0i,0.40801321115982+4.01425378443343i
6+0i,50+0i,-6.83712739678606+1.85289953486867i
7+0i,-49+0i,5.37200850992683+3.39317636834862i
7+0i,-48+0i,2.4286962285959+3.91107611381882i
7+0i,-47+0i,12.5881853841534-2.9040132075721i
7+0i,-46+0i,8.7015580720458+10.4926299046954i
7+0i,-45+0i,-0.19062893926718+9.17023331670397i
7+0i,-44+0i,2.16811951220627-3.22025297434556i
7+0i,-43+0i,-5.50292681513788+5.79248708882346i
7+0i,-42+0i,-4.11427965671967+6.67279752025381i
7+0i,-41+0i,6.67631655013335-2.39703232003524i
7+0i,-40+0i,5.62478144995046+4.52527863441335i
7+0i,-39+0i,-2.48282919602251-5.23715746457849i
7+0i,-38+0i,-7.6448071773001-0.77659311989118i
7+0i,-37+0i,4.96265910240494+5.05389219344125i
7+0i,-36+0i,-0.44075804513748-3.30679012580399i
7+0i,-35+0i,4.4754394128727+10.70341891985i
7+0i,-34+0i,3.81539154875119+1.35384347567526i
7+0i,-33+0i,-8.22947183768519-2.62316059231722i
7+0i,-32+0i,-3.7518200151765+12.5364766321738i
7+0i,-31+0i,-0.33914298222854+9.79796606949973i
7+0i,-30+0i,1.66057484759062-6.37947031394423i
7+0i,-29+0i,-10.9763099827905+14.0051030384898i
7+0i,-28+0i,1.17710957532173+9.61266158211459i
7+0i,-27+0i,-4.67998629343552-9.35484497842553i
7+0i,-26+0i,-13.0701710745892+9.0764734139982i
7+0i,-25+0i,-19.2915411584579-11.1752200034558i
7+0i,-24+0i,-10.5319826479083-3.050628877855i
7+0i,-23+0i,16.7323760245018-19.0234229103095i
7+0i,-22+0i,-21.206492540605-16.8364995585306i
7+0i,-21+0i,6.3190139252138+13.0538194869252i
7+0i,-20+0i,23.6628225767051-33.593287129114i
7+0i,-19+0i,-28.1363632084366-17.9865941510483i
7+0i,-18+0i,17.3295274457112+13.6293395692611i
7+0i,-17+0i,53.2050923270928-3.4567602816956i
7+0i,-16+0i,3.17190187265349+0.43145911202763i
7+0i,-15+0i,35.3422046440122+11.7994319046298i
7+0i,-14+0i,59.5908247372769-4.9554922875586i
7+0i,-13+0i,15.138866624526-21.2581844649337i
7+0i,-12+0i,9.1026469735557-24.7434353434244i
7+0i,-11+0i,-23.9502067797333+26.498156572695i
7+0i,-10+0i,6.44163077009335+4.51027875217571i
7+0i,-9+0i,-28.5725469883307-44.2634721418286i
7+0i,-8+0i,-0.8508958197864+74.7978090103035i
7+0i,-7+0i,81.2622021827024+28.7679762099723i
7+0i,-6+0i,-71.8580108662051-9.8180622860195i
7+0i,-5+0i,51.2380013169711+43.0101227327245i
7+0i,-4+0i,103.532362735026-50.511194173114i
7+0i,-3+0i,-133.224746943886+3.663077168963i
7+0i,-2+0i,-2.2315730535636+76.2858422210807i
7+0i,-1+0i,-2.6545208470263+41.6057739738231i
7+0i,0+0i,-216.816114342862-13.663627664342i
7+0i,1+0i,-23.285920121853-101.832480212624i
7+0i,2+0i,71.8935618064586-69.9936922422491i
7+0i,3+0i,-132.457096218661+34.843096137971i
7+0i,4+0i,-116.691369688733-35.196157154551i
7+0i,5+0i,6.136108848393-148.531516130903i
7+0i,6+0i,109.830104018953-119.967716233976i
7+0i,7+0i,87.8381373439386-52.3868249285953i
7+0i,8+0i,-13.814041115589+33.8672452554193i
7+0i,9+0i,-3.513697167735+23.7775478319437i
7+0i,10+0i,-16.5831490994831-33.1123403454979i
7+0i,11+0i,-16.6012926673157-23.9980688846823i
7+0i,12+0i,9.6518761359794+27.9321325831801i
7+0i,13+0i,46.8461145002726+24.6698234506991i
7+0i,14+0i,7.2128944328239-27.6961356679879i
7+0i,15+0i,-15.5774986718177+2.647511782226i
7+0i,16+0i,22.9483370978511-14.9818297252094i
7+0i,17+0i,-11.9737967516768+24.5257523418575i
7+0i,18+0i,8.8625819943779+34.792007074635i
7+0i,19+0i,-1.64065247603384-7.89803602009983i
7+0i,20+0i,-6.3855821015811+28.3873168149323i
7+0i,21+0i,-11.1035647233547-9.1881158380564i
7+0i,22+0i,-15.256215209334+17.2651372947388i
7+0i,23+0i,15.3676019188151+11.5703953951343i
7+0i,24+0i,-34.764794282492-20.4420139450649i
7+0i,25+0i,-17.7374451388769+10.1144655156502i
7+0i,26+0i,3.02544621962632+5.2164864582503i
7+0i,27+0i,-0.6694338296988+10.8863414066513i
7+0i,28+0i,4.20368616907465-8.83137179484518i
7+0i,29+0i,-6.86403171363829+3.1124994537188i
7+0i,30+0i,3.83308497261591+4.58558829647621i
7+0i,31+0i,-7.9699807873038-11.995302657004i
7+0i,32+0i,-4.50945873425857+0.93880381136588i
7+0i,33+0i,-3.09285858336849-3.89216777848588i
7+0i,34+0i,-3.29166282053617-5.745033700272i
7+0i,35+0i,3.1480218612977-7.30188570561082i
7+0i,36+0i,-0.40028617208527-2.72346290338048i
7+0i,37+0i,3.27181625742781+1.51989390652601i
7+0i,38+0i,10.1205500943391-0.4053504881257i
7+0i,39+0i,2.96207613364749-0.54975902597603i
7+0i,40+0i,-8.4266129290545-0.21245025784178i
7+0i,41+0i,-6.10832911629177-3.58568221138769i
7+0i,42+0i,-10.9346332465923+3.9145348845605i
7+0i,43+0i,-6.24565310515796+1.8923183873918i
7+0i,44+0i,8.09649285776656-1.98249484082184i
7+0i,45+0i,12.5902437124699+2.7669568649496i
7+0i,46+0i,-0.43123230121858-9.3641068145204i
7+0i,47+0i,6.37990516234218-6.52531848655921i
7+0i,48+0i,10.6436104508967-1.3045382922484i
7+0i,49+0i,-10.0225841105732+0.076061369532i
7+0i,50+0i,0.033102931885006-0.568911662061493i
8+0i,-49+0i,-6.72522247112458+7.389554274621i
8+0i,-48+0i,3.56801734357858-5.58580375555428i
8+0i,-47+0i,11.1506319878596-2.0225000810158i
8+0i,-46+0i,9.10346912335457+2.19702206409484i
8+0i,-45+0i,2.08127636767951+3.28167835663977i
8+0i,-44+0i,7.8980529818683+11.7611564975411i
8+0i,-43+0i,-2.97642216130439-7.78375531160009i
8+0i,-42+0i,-4.06825598299918-0.4739168631468i
8+0i,-41+0i,17.7715985531179+7.2922273837456i
8+0i,-40+0i,-3.82734724353142+6.33965658670943i
8+0i,-39+0i,-1.0791071046525+12.8350504280299i
8+0i,-38+0i,-0.72637027772682-1.33330296145055i
8+0i,-37+0i,-5.43827193234188-1.12808826704892i
8+0i,-36+0i,2.23443162987148-4.18846502875581i
8+0i,-35+0i,-6.142360310923+13.7250876955134i
8+0i,-34+0i,3.8471276564249+14.9765730376408i
8+0i,-33+0i,-3.83069742391836-4.86920330810192i
8+0i,-32+0i,-6.61034987423408+2.1314461217405i
8+0i,-31+0i,0.15723420935253+3.94219176065326i
8+0i,-30+0i,-1.67810468164223+6.79718167612835i
8+0i,-29+0i,-8.27096000564404+4.80581184654921i
8+0i,-28+0i,-5.61470585716727+5.64555814150488i
8+0i,-27+0i,3.49311333408032+1.7614048195964i
8+0i,-26+0i,-19.2914884131084-14.6139598729281i
8+0i,-25+0i,-8.08000600979717-8.35551577737938i
8+0i,-24+0i,14.7859592685243-1.7138045373179i
8+0i,-23+0i,-5.8823887570075-13.4924635527386i
8+0i,-22+0i,7.922858179271-19.5714367153273i
8+0i,-21+0i,-8.0394049907191-17.5650169122922i
8+0i,-20+0i,-2.40568341215286+4.96863306341686i
8+0i,-19+0i,34.3884319440833-8.9520204368202i
8+0i,-18+0i,-28.4127279593348+27.3890223898362i
8+0i,-17+0i,27.5802637081788+41.193783155189i
8+0i,-16+0i,10.5917309996951-50.6020144693815i
8+0i,-15+0i,-36.8101364953944+13.8726671928369i
8+0i,-14+0i,65.8111600480778-22.810700232784i
8+0i,-13+0i,-8.0052691811377-66.0453739479711i
8+0i,-12+0i,10.2175656694433+13.7847995607032i
8+0i,-11+0i,-7.5639217306831-48.4365118337035i
8+0i,-10+0i,-54.6340543143523-29.8178277845112i
8+0i,-9+0i,47.1034767693768-18.7073540261133i
8+0i,-8+0i,54.7052462348043+36.377064770756i
8+0i,-7+0i,122.284596008963+48.927617750036i
8+0i,-6+0i,-12.2137738038272+29.9288395931223i
8+0i,-5+0i,-85.031819044056+134.35805156758i
8+0i,-4+0i,-17.0481082983491-39.4692614795526i
8+0i,-3+0i,-90.326767089887-127.09346645664i
8+0i,-2+0i,146.904383239041-18.968185115079i
8+0i,-1+0i,125.521294896621+72.902164046544i
8+0i,0+0i,-228.123274213072+138.481163233835i
8+0i,1+0i,-129.291180685428-43.892859469294i
8+0i,2+0i,6.6424337562943-25.1415797349667i
8+0i,3+0i,-44.8463091617789+99.5604254526775i
8+0i,4+0i,-10.9938851534949-56.301527766314i
8+0i,5+0i,-6.55595724104493-7.67307568753967i
8+0i,6+0i,-32.8877342421695+89.3787601353536i
8+0i,7+0i,-69.3591818226091-43.0708147437374i
8+0i,8+0i,-60.0380024139568-74.7515781574951i
8+0i,9+0i,-16.9529825843677-26.0126277447153i
8+0i,10+0i,1.3984612158032+39.7942414019144i
8+0i,11+0i,40.3160667532347+11.8789952369414i
8+0i,12+0i,-30.7844476228993-42.7087552699285i
8+0i,13+0i,-14.3167009448674-2.2934028409827i
8+0i,14+0i,53.1534448202768-15.9277491398618i
8+0i,15+0i,4.8564632020795+38.4037231696455i
8+0i,16+0i,11.6139420044888+31.8944804120257i
8+0i,17+0i,2.8522239425903-12.7547249368468i
8+0i,18+0i,9.7235268895546+18.046174459672i
8+0i,19+0i,8.196998360649+17.8175188623591i
8+0i,20+0i,0.8263214532769+43.3804962200205i
8+0i,21+0i,4.48423354029606-6.3073851837115i
8+0i,22+0i,-25.8038541959705-24.9437594088533i
8+0i,23+0i,-8.7073713213554+20.4242741471729i
8+0i,24+0i,-1.1823047035545+14.0427633230147i
8+0i,25+0i,-8.04413906110272+0.74393589248686i
8+0i,26+0i,-5.31776964149569-5.5757397437782i
8+0i,27+0i,12.876712725737-3.6925574842908i
8+0i,28+0i,12.184944788274-4.8444387693388i
8+0i,29+0i,2.354914352712+10.2702964325333i
8+0i,30+0i,2.64870714974024+7.71401388859615i
8+0i,31+0i,-4.17594024135327+3.29567479363206i
8+0i,32+0i,2.73601787504065+1.36910138543852i
8+0i,33+0i,-6.51685231442092-2.39194827428002i
8+0i,34+0i,-7.09115338311528+1.37842788007612i
8+0i,35+0i,-7.98013799890488+6.79931472007967i
8+0i,36+0i,0.56364632928735+3.04750111496276i
8+0i,37+0i,-1.2488478394282-14.4715033110457i
8+0i,38+0i,-10.0864293725523+3.277176124783i
8+0i,39+0i,-5.43940256351888-1.66177112637706i
8+0i,40+0i,-8.36019014952303-6.00767348583414i
8+0i,41+0i,4.24570753160553-3.41858807954931i
8+0i,42+0i,-11.9432943090392-12.7856789953976i
8+0i,43+0i,-4.99493662487476-0.6760572010226i
8+0i,44+0i,9.33841803481317+1.13168285302841i
8+0i,45+0i,-0.63747250592211+4.29390571399929i
8+0i,46+0i,15.0830981143284-7.7380057066928i
8+0i,47+0i,7.4024898083189-7.83509494431733i
8+0i,48+0i,-6.79537846891055+1.95614371293338i
8+0i,49+0i,4.15479387615418-7.7048632364748i
8+0i,50+0i,2.43807743620209+0.1528958688545i
9+0i,-49+0i,-11.1571025000368-10.0071641901155i
9+0i,-48+0i,0.57538710414349+7.80145731569003i
9+0i,-47+0i,10.7106403797764-7.262688199127i
9+0i,-46+0i,8.01550481056092+0.5645801481054i
9+0i,-45+0i,10.0507137475834+8.459391087595i
9+0i,-44+0i,-9.61772529249659+3.3098291007912i
9+0i,-43+0i,3.7052814716214-5.05015618389519i
9+0i,-42+0i,6.13855248923983-7.82142081600972i
9+0i,-41+0i,8.62941304382148+8.77706041609007i
9+0i,-40+0i,12.3243206809272+1.6040084695606i
9+0i,-39+0i,-3.90628030050187+8.37891233566502i
9+0i,-38+0i,-2.9724988889633+14.4715556172542i
9+0i,-37+0i,1.79231882346632+6.07352982060497i
9+0i,-36+0i,-2.76566001113014+6.20511540581774i
9+0i,-35+0i,-7.27396556311455+6.9938869068432i
9+0i,-34+0i,-4.03489410439763+4.61131513330296i
9+0i,-33+0i,-2.30213210489758+4.35675916256388i
9+0i,-32+0i,-0.64018169469945-4.15029390504749i
9+0i,-31+0i,-11.5243698578746-3.4329853939539i
9+0i,-30+0i,-0.54751127954267+3.84315780635054i
9+0i,-29+0i,9.91240901572971-4.15773281753863i
9+0i,-28+0i,-9.91251664482156+9.88822832230689i
9+0i,-27+0i,-3.0898455888283+11.1999636744342i
9+0i,-26+0i,11.9776304454593-12.163724720248i
9+0i,-25+0i,6.14745591824378-9.16424724962098i
9+0i,-24+0i,5.1440800375606+13.0255817302812i
9+0i,-23+0i,-7.44707891628006+1.31759743051521i
9+0i,-22+0i,-21.1509451682157-5.4387995591426i
9+0i,-21+0i,-11.3711620785879-5.5617644455183i
9+0i,-20+0i,-9.51362637092347-2.25297299387088i
9+0i,-19+0i,15.9774638876328+26.4186245600065i
9+0i,-18+0i,-22.4865848233921+15.297744413044i
9+0i,-17+0i,-26.4786181337939+7.939490787098i
9+0i,-16+0i,27.3459605262161-23.7516211371266i
9+0i,-15+0i,-9.4360077640184-18.125100756056i
9+0i,-14+0i,29.1881297663514+3.0304713034955i
9+0i,-13+0i,3.8384518702254-28.0692034005222i
9+0i,-12+0i,-27.4043870723299-28.197752865721i
9+0i,-11+0i,33.99598062723-49.2749469382563i
9+0i,-10+0i,37.7798622661402-13.3233736906411i
9+0i,-9+0i,24.7359358370181+17.2909459751472i
9+0i,-8+0i,-13.219787001981+52.0500794763545i
9+0i,-7+0i,57.1593604079373+69.2485057750807i
9+0i,-6+0i,24.0925915650801+53.4313169488064i
9+0i,-5+0i,-55.4401326232021+64.4400495351031i
9+0i,-4+0i,3.0408814292576-67.4584526770542i
9+0i,-3+0i,-28.8356139798211-38.6534005456293i
9+0i,-2+0i,53.5276588138766-56.6491341971566i
9+0i,-1+0i,48.024004689892-184.854355743305i
9+0i,0+0i,-109.224592499437+85.598935844843i
9+0i,1+0i,16.102838298182+124.486585340225i
9+0i,2+0i,107.989894084901-98.054023799609i
9+0i,3+0i,19.7174056174909-24.0600290919903i
9+0i,4+0i,16.9656005691417+45.5164292668643i
9+0i,5+0i,43.658410703612+100.585701337575i
9+0i,6+0i,15.4643791343738+94.4338972109019i
9+0i,7+0i,-98.5860626349264+21.1708779222969i
9+0i,8+0i,-68.8690725813224+77.479912402547i
9+0i,9+0i,12.5896081477384-39.2829410208986i
9+0i,10+0i,-71.8031598790091-71.9049298286724i
9+0i,11+0i,11.2423336148285+30.6000104427153i
9+0i,12+0i,54.6161772202734-35.4554753519795i
9+0i,13+0i,3.1252214888661-5.19567145723933i
9+0i,14+0i,26.4188531114368+12.4964819882142i
9+0i,15+0i,-19.2032471608772+22.8710942072604i
9+0i,16+0i,15.2616353397458+26.50516799497i
9+0i,17+0i,31.0660585701042-11.9513806179688i
9+0i,18+0i,14.1246572125165+22.1959882452172i
9+0i,19+0i,8.7643321442523-16.3312464710291i
9+0i,20+0i,-16.2177036384229+3.6387836039401i
9+0i,21+0i,16.8440656277678+19.4018807459391i
9+0i,22+0i,13.0427740650852-20.7091438889948i
9+0i,23+0i,-2.5061665467379+13.2653025238398i
9+0i,24+0i,-12.1615169931901+16.8274485094303i
9+0i,25+0i,-9.47526694594889-0.14377965849848i
9+0i,26+0i,13.5392514275729-2.914054842562i
9+0i,27+0i,6.87989803782298-1.31549643122406i
9+0i,28+0i,-6.30042067766033+6.59182152935802i
9+0i,29+0i,4.51139798874196+7.7389705342999i
9+0i,30+0i,8.19331288390765-0.48355285932729i
9+0i,31+0i,-5.03833048550959+3.35223154946836i
9+0i,32+0i,-4.10328589967236+5.8544793844865i
9+0i,33+0i,1.2734852182191+3.88256090231759i
9+0i,34+0i,3.56630374140572-5.61142235279864i
9+0i,35+0i,-14.8782141747632+0.650960066933i
9+0i,36+0i,-5.9206030657672+14.3764709813827i
9+0i,37+0i,-1.96299233392976-5.21414147311478i
9+0i,38+0i,-10.1424588133002-0.2815666407418i
9+0i,39+0i,9.75144054014055-4.85944943801768i
9+0i,40+0i,-3.32243279444587-6.2246374821208i
9+0i,41+0i,-14.4473702785539+4.0764933795955i
9+0i,42+0i,-5.90565207740689-2.9625932666893i
9+0i,43+0i,4.77902268737767-3.00775325051441i
9+0i,44+0i,3.08470117010924-4.6051921525889i
9+0i,45+0i,2.45987694916533+5.50861829842906i
9+0i,46+0i,-0.1922907224392+11.6758026005508i
9+0i,47+0i,-4.62873356926884+0.85879211861819i
9+0i,48+0i,-2.4288712582427-20.6701756693451i
9+0i,49+0i,-1.86056037741463-3.67385428949588i
9+0i,50+0i,6.03585079351697-0.54643828368734i
10+0i,-49+0i,1.256360517003-12.1238900269553i
10+0i,-48+0i,-19.1744006596332+5.9312079828136i
10+0i,-47+0i,12.5870470487221+1.440489423213i
10+0i,-46+0i,2.80365932517999-4.70422505074551i
10+0i,-45+0i,-1.03050965315475+9.20430285135236i
10+0i,-44+0i,8.59466425130108-8.38459885607259i
10+0i,-43+0i,6.55237990571836-6.15665325234952i
10+0i,-42+0i,5.98917393460148+3.36989412838882i
10+0i,-41+0i,3.66874709242698+4.95762194733524i
10+0i,-40+0i,0.51331940347863+4.42614195005351i
10+0i,-39+0i,1.59716056440377-2.26795928774571i
10+0i,-38+0i,2.31400324780647+2.19689927952371i
10+0i,-37+0i,2.7604103286707+19.2798542222047i
10+0i,-36+0i,-3.2550562323424+10.8477934096067i
10+0i,-35+0i,-11.0275422993555+0.058142539234i
10+0i,-34+0i,1.21745794734419-7.70689424330448i
10+0i,-33+0i,-3.88351870684342-0.87481489235117i
10+0i,-32+0i,-1.0785551490457+12.2521523000407i
10+0i,-31+0i,-5.82405140562387-4.43882933220108i
10+0i,-30+0i,-10.494697323185-2.5293551965029i
10+0i,-29+0i,11.5592744806681-4.2004798043938i
10+0i,-28+0i,2.74037576121328-3.99162854663402i
10+0i,-27+0i,-3.1672735901823+10.9002093116473i
10+0i,-26+0i,7.5868722848728+11.3009164956035i
10+0i,-25+0i,4.89797825489804-0.1456002937472i
10+0i,-24+0i,7.14038239980439-0.43953413675118i
10+0i,-23+0i,3.78842265130665+1.58053304984238i
10+0i,-22+0i,-17.8236135278102+1.1256317223292i
10+0i,-21+0i,-8.610193858499+10.6087131726177i
10+0i,-20+0i,-3.13407387088037+6.07260401071506i
10+0i,-19+0i,-3.4464182539753+14.0505452589491i
10+0i,-18+0i,-19.3896616779575+15.0677299982184i
10+0i,-17+0i,-6.18656476785343+5.84475469779377i
10+0i,-16+0i,43.1850998725683-12.0274338466373i
10+0i,-15+0i,6.939514883781+15.3360978653297i
10+0i,-14+0i,47.5966750323422+30.33172483652i
10+0i,-13+0i,27.2184753688848-24.4490678661428i
10+0i,-12+0i,-39.2241628353547-11.0192936692939i
10+0i,-11+0i,44.2280149031882-5.1917880015627i
10+0i,-10+0i,1.6084930117477+41.2022749093675i
10+0i,-9+0i,-57.1767156832739+65.7055768831486i
10+0i,-8+0i,-44.3222839301548+4.3285530876126i
10+0i,-7+0i,-48.6069613310725-12.5386072306993i
10+0i,-6+0i,11.6887211070207-61.1649716492892i
10+0i,-5+0i,127.685942855162-66.275371760372i
10+0i,-4+0i,144.484294969084+4.439798667518i
10+0i,-3+0i,7.1832870870756+46.2518293503721i
10+0i,-2+0i,-57.6456335208102-83.7197402859944i
10+0i,-1+0i,-5.849600814547-62.4974516052207i
10+0i,0+0i,51.531440711262+126.143306270389i
10+0i,1+0i,-22.405521479989-131.190143675176i
10+0i,2+0i,-44.780988626034-192.782788303224i
10+0i,3+0i,97.421260194234+122.108260432248i
10+0i,4+0i,-14.8980370749996+47.5813124415096i
10+0i,5+0i,-102.947106491776-17.614528676347i
10+0i,6+0i,73.8614263651385-17.9386102012818i
10+0i,7+0i,-0.257960894936-117.327040338802i
10+0i,8+0i,-70.4749227783115+39.2466535110233i
10+0i,9+0i,45.3720008170252+58.3674232880509i
10+0i,10+0i,-11.9293772146075-51.4589800657796i
10+0i,11+0i,-5.5731852897294-21.2183563787893i
10+0i,12+0i,34.5519178057187-45.1408998679715i
10+0i,13+0i,3.50571482897787+1.51866109098117i
10+0i,14+0i,22.9606918781637+24.7761781220643i
10+0i,15+0i,9.30573077257124+9.74434397562568i
10+0i,16+0i,10.9619551204066+6.6530132962168i
10+0i,17+0i,-29.836918501888-7.8790606547855i
10+0i,18+0i,-12.9733042207573+37.8539136033295i
10+0i,19+0i,45.083903388377-9.1888066752851i
10+0i,20+0i,-5.1463756267331-25.6428740262929i
10+0i,21+0i,-16.1494706870207+2.3963313924822i
10+0i,22+0i,2.1879213213627-15.2334526269989i
10+0i,23+0i,5.05464727709915+6.83315049375418i
10+0i,24+0i,-0.86873826188463+7.733298122979i
10+0i,25+0i,-3.6252092562371+0.86838390855065i
10+0i,26+0i,-3.7412730187433+10.7319377909329i
10+0i,27+0i,-2.90284202848545+7.3697775904716i
10+0i,28+0i,4.84735841477358-0.84936641368396i
10+0i,29+0i,-0.898999663693727+0.323793165480474i
10+0i,30+0i,0.50220156741671+2.33634481691247i
10+0i,31+0i,6.23599893190427+4.05829917763545i
10+0i,32+0i,-1.02239168507014-1.89543078182463i
10+0i,33+0i,-9.11534890553574+2.07320983053883i
10+0i,34+0i,3.11388909581501+2.13723159825623i
10+0i,35+0i,-0.15798020549201-2.15665626318877i
10+0i,36+0i,0.14203052209259+7.09160371530264i
10+0i,37+0i,-0.19307417192633-4.43147894696169i
10+0i,38+0i,-3.61008321478981-2.77531286579471i
10+0i,39+0i,5.74779055735555+1.66426964205777i
10+0i,40+0i,4.58436819119667+4.78594491588018i
10+0i,41+0i,0.38115735001283-5.91583117324797i
10+0i,42+0i,-14.9504629047442+2.1061407189621i
10+0i,43+0i,6.4684284669351+13.0941839038146i
10+0i,44+0i,7.8419516568533-6.83842791571036i
10+0i,45+0i,-4.7703090291483+15.7387941875062i
10+0i,46+0i,-5.85746696128176+3.81876691865684i
10+0i,47+0i,-11.6682507089074-5.2236582279105i
10+0i,48+0i,6.73136368501228-4.33406696417273i
10+0i,49+0i,-10.2864214097632-8.6462793574101i
10+0i,50+0i,5.41555086906251+4.1141158238284i
11+0i,-49+0i,8.52004420743865-0.42578567165655i
11+0i,-48+0i,-11.4206643182843-2.0009830340259i
11+0i,-47+0i,-4.4385281175302+12.698421579486i
11+0i,-46+0i,-1.92447114190186-3.11709516062465i
11+0i,-45+0i,-3.0652014017458-10.604043057355i
11+0i,-44+0i,13.9761328986766+5.5067629761962i
11+0i,-43+0i,17.8426112437025+2.4685805886564i
11+0i,-42+0i,-1.36930332726715+5.40598174719953i
11+0i,-41+0i,-3.1563368508457+8.98873877844107i
11+0i,-40+0i,-16.7967702640847-6.2729777730365i
11+0i,-39+0i,-6.06602895498603+1.8032922190254i
11+0i,-38+0i,11.64697032132-1.8360588241367i
11+0i,-37+0i,-9.09037888790298+3.80377686551036i
11+0i,-36+0i,-10.978632479561+3.5593869993801i
11+0i,-35+0i,-9.60304571785265+0.39979967729619i
11+0i,-34+0i,6.37384835448723-5.18334301186693i
11+0i,-33+0i,-1.63616569826475-9.19215606497968i
11+0i,-32+0i,0.0414919168774+14.1863682309317i
11+0i,-31+0i,4.16451097783672-6.54838174196796i
11+0i,-30+0i,-14.1768684726024-7.275610756506i
11+0i,-29+0i,4.10198255111914+1.85542292724333i
11+0i,-28+0i,0.14337288648688+4.75552459414695i
11+0i,-27+0i,-5.371720292116+7.01634110114576i
11+0i,-26+0i,-2.58727790357574-2.67709266668224i
11+0i,-25+0i,8.09624003188561+7.30993533821347i
11+0i,-24+0i,17.1628581862757-4.4141192845525i
11+0i,-23+0i,6.61219733789951-7.07034633531031i
11+0i,-22+0i,-5.0325609738709-12.6316705672674i
11+0i,-21+0i,5.8881096618999-3.20733666443323i
11+0i,-20+0i,11.0527764298717+15.0434602759871i
11+0i,-19+0i,-17.7615158049667+28.0483366573892i
11+0i,-18+0i,4.1771839417091+26.1563971691684i
11+0i,-17+0i,9.01389900238618-3.03127189480025i
11+0i,-16+0i,27.8014530178216+19.6682127793977i
11+0i,-15+0i,43.4935902740451+15.3489436415461i
11+0i,-14+0i,-0.2986857711609+11.6065113807129i
11+0i,-13+0i,9.6043371551393+16.8832476866544i
11+0i,-12+0i,-20.6519547974907-22.9826327434961i
11+0i,-11+0i,-9.3471624493956+6.05064032462194i
11+0i,-10+0i,9.2421327827395+16.7541933499136i
11+0i,-9+0i,-76.5174587562253+3.2946430039441i
11+0i,-8+0i,-18.3992143980802+14.9479128543253i
11+0i,-7+0i,15.7221029592244-94.5353861097394i
11+0i,-6+0i,11.2160885276777-74.2155593124784i
11+0i,-5+0i,164.336632927413+88.379891003111i
11+0i,-4+0i,83.8206944376695+47.1923533714165i
11+0i,-3+0i,-9.1481237435668+26.0121332424078i
11+0i,-2+0i,57.4352782201142+24.0348471664203i
11+0i,-1+0i,-104.528503898654-13.740881318929i
11+0i,0+0i,-103.665120403457-20.125108211158i
11+0i,1+0i,16.259107219028-195.399716378979i
11+0i,2+0i,-37.4136629695-143.404662889875i
11+0i,3+0i,64.407698566919+136.019287151262i
11+0i,4+0i,107.002637942304+31.162248124694i
11+0i,5+0i,-80.8917113493948-79.8726614027706i
11+0i,6+0i,-124.349814531054+49.660643955576i
11+0i,7+0i,-85.5091752172537-32.9495044584862i
11+0i,8+0i,-81.5330568580624-77.7714154337747i
11+0i,9+0i,32.9708073190626-12.9497552465404i
11+0i,10+0i,32.4942091369874-45.653577938586i
11+0i,11+0i,-22.6203314790878+18.7953637604469i
11+0i,12+0i,14.873589331174+10.2315686524231i
11+0i,13+0i,-10.4793680200367-41.7516645431253i
11+0i,14+0i,-18.3872832208003-17.8418975012905i
11+0i,15+0i,-23.8729631048288+21.1232304806537i
11+0i,16+0i,-5.0883086647045+51.8465685725391i
11+0i,17+0i,-2.6764394427985-29.0935692832096i
11+0i,18+0i,-32.4929319383918-17.0292080996407i
11+0i,19+0i,27.1537927190167+34.4422435519123i
11+0i,20+0i,28.2686539979633-13.8555299318391i
11+0i,21+0i,-20.7569259096376-14.3210728516455i
11+0i,22+0i,-15.120887952153-3.4840912395043i
11+0i,23+0i,-3.00496865217077+2.42123064154867i
11+0i,24+0i,-1.3970074284109+17.7853711999567i
11+0i,25+0i,-3.7331549331105+12.2583004524675i
11+0i,26+0i,-1.77478953706248+5.4794027269349i
11+0i,27+0i,0.71836444803106-6.04834896692946i
11+0i,28+0i,-9.38046136887998+1.12134152699611i
11+0i,29+0i,0.9394860137262+10.4620548895246i
11+0i,30+0i,8.64780059180434-8.9974406119588i
11+0i,31+0i,0.09028143871029+7.1433608239132i
11+0i,32+0i,0.1114285621134+10.1635783981375i
11+0i,33+0i,-11.9295415685908-2.0512034349862i
11+0i,34+0i,-1.13370245286725-4.99770657597237i
11+0i,35+0i,-1.34284268868838-9.65155938452531i
11+0i,36+0i,3.0326999160815+9.10748911304763i
11+0i,37+0i,7.15692778018978-5.44188048428351i
11+0i,38+0i,-10.5160978319141-6.0913727260722i
11+0i,39+0i,-2.15041748095062-5.26947732871471i
11+0i,40+0i,2.54910572993676-0.75096941410462i
11+0i,41+0i,15.4459110437462+6.8242172390796i
11+0i,42+0i,-4.17581172532917-8.14316574007575i
11+0i,43+0i,-4.1693388025303+10.5375663130684i
11+0i,44+0i,8.94785977363263+1.76319348929162i
11+0i,45+0i,-11.1327866509984+2.1435796697211i
11+0i,46+0i,4.36226677075431+4.75046848065145i
11+0i,47+0i,4.24685038370112-2.84953071788635i
11+0i,48+0i,-3.04600129682859-0.73747791941984i
11+0i,49+0i,-6.15973831481029-7.30936982185486i
11+0i,50+0i,5.35641942599983+8.81865667768503i
12+0i,-49+0i,5.08678833873241+1.9562010478104i
12+0i,-48+0i,3.31267228879109+3.87864751553164i
12+0i,-47+0i,-4.00670710362183+6.02769273204195i
12+0i,-46+0i,-5.08849351385731+6.75558356919065i
12+0i,-45+0i,3.78851707117472+1.54436358624485i
12+0i,-44+0i,-0.32094186747265+8.23568138407026i
12+0i,-43+0i,3.31176078566754+9.28061452583644i
12+0i,-42+0i,-2.54426392738927+0.32459646557383i
12+0i,-41+0i,-4.57922946263329+1.89439155230337i
12+0i,-40+0i,-10.2190883412793-12.8622121121646i
12+0i,-39+0i,-14.6983854798606-4.7954608192918i
12+0i,-38+0i,-0.23953883457312+4.19227683558026i
12+0i,-37+0i,-1.23980652145747+1.03584124750601i
12+0i,-36+0i,-1.53946809386834-0.79212222500493i
12+0i,-35+0i,-7.27157002759669+5.09050352030032i
12+0i,-34+0i,-0.321673343965101-0.451027394108679i
12+0i,-33+0i,-0.05483816009768-5.65151126893689i
12+0i,-32+0i,1.1546200678304+12.2921894025504i
12+0i,-31+0i,-1.1235527109785-3.35474156187732i
12+0i,-30+0i,-6.71465428780392+0.01884371249061i
12+0i,-29+0i,-5.40441281520687+2.30004696297852i
12+0i,-28+0i,-16.6598535356439+5.2303149940234i
12+0i,-27+0i,-4.00436412974619+3.04848382619414i
12+0i,-26+0i,-3.3930468653803-6.88187951178827i
12+0i,-25+0i,11.8965823237144-3.8861601786903i
12+0i,-24+0i,-2.3639248229042-16.691170467412i
12+0i,-23+0i,1.56943689675121+3.5165701201774i
12+0i,-22+0i,20.4861700650824-25.7808948536347i
12+0i,-21+0i,-6.67953939925525-2.07207444186566i
12+0i,-20+0i,16.1221092468525+20.8640973957832i
12+0i,-19+0i,-27.009597426146-15.5474425433868i
12+0i,-18+0i,-4.9077276344317+33.0990999155249i
12+0i,-17+0i,45.492099783711-0.6309837868117i
12+0i,-16+0i,14.3983642320856+3.0422446384958i
12+0i,-15+0i,29.0927960058739+63.0275526026145i
12+0i,-14+0i,-22.39139639641+19.8716599136986i
12+0i,-13+0i,-38.834596703064-10.8917102675335i
12+0i,-12+0i,-20.8497207764621-16.4826762976929i
12+0i,-11+0i,-1.644193706048-42.932193849521i
12+0i,-10+0i,42.635007091423-27.2322265636052i
12+0i,-9+0i,2.3089500535829+20.7246009866869i
12+0i,-8+0i,-34.5810909078969-1.796235942399i
12+0i,-7+0i,0.597922982794+44.8066675455043i
12+0i,-6+0i,56.6934024601964+75.8564034081452i
12+0i,-5+0i,6.3414911096878+27.075280679539i
12+0i,-4+0i,-18.0264700680389+59.1078600729691i
12+0i,-3+0i,27.1727826281199+12.6292113019571i
12+0i,-2+0i,-63.4513005507791-37.2804371096657i
12+0i,-1+0i,-54.09038749072-110.626585372939i
12+0i,0+0i,92.410021302986-165.08218486454i
12+0i,1+0i,130.855303391633+31.094496452922i
12+0i,2+0i,76.4733514759659+79.7801408933722i
12+0i,3+0i,17.1741295623306+5.0853284889856i
12+0i,4+0i,-0.8188683899731+11.33939752094i
12+0i,5+0i,-73.9020623494201+0.8609313536538i
12+0i,6+0i,-65.204180915602+69.6323497964534i
12+0i,7+0i,-15.8798282490332-2.6249393000023i
12+0i,8+0i,-98.7644908769882-27.207240124757i
12+0i,9+0i,-40.8311070701858+68.5825093101267i
12+0i,10+0i,-1.8428149935426-34.3843050620948i
12+0i,11+0i,-56.1508869310479-54.6374271827943i
12+0i,12+0i,-3.03378391523722-2.44929114848218i
12+0i,13+0i,42.5283879809609+11.3866236929084i
12+0i,14+0i,21.2364986683982+17.1827830114026i
12+0i,15+0i,-68.4636203148805+3.1269523815566i
12+0i,16+0i,-51.9922941565873+22.8480793010487i
12+0i,17+0i,20.2236872075852-5.1616706499391i
12+0i,18+0i,19.1000913689395-9.9471994820864i
12+0i,19+0i,23.8858690974805+2.4915014643205i
12+0i,20+0i,10.1376493727632+7.0786946941265i
12+0i,21+0i,-6.4822819496123+13.4932248739783i
12+0i,22+0i,-12.3701836198267+7.0424773501762i
12+0i,23+0i,9.2210576379375+16.2218927818067i
12+0i,24+0i,-5.79290722943561+1.24126403636784i
12+0i,25+0i,-26.4825808541328+3.9439568826591i
12+0i,26+0i,2.0349447529859+16.3310888585843i
12+0i,27+0i,-2.34392912091071+1.43183340013358i
12+0i,28+0i,-13.4113199523073-8.8170421527853i
12+0i,29+0i,-4.44117715966268+4.48631133479878i
12+0i,30+0i,7.19709531181185-1.04573947730439i
12+0i,31+0i,-1.01951103188281-5.57092377211053i
12+0i,32+0i,-7.66970110479742+6.9696140384051i
12+0i,33+0i,-6.60224963468614-2.09701229922937i
12+0i,34+0i,5.67883227614627-5.72260121393116i
12+0i,35+0i,3.11610169409629-9.28560970536033i
12+0i,36+0i,-12.7998319219905+7.1790055469459i
12+0i,37+0i,-2.05668042617456+6.9301898255122i
12+0i,38+0i,-4.11962210068512-9.46898943572793i
12+0i,39+0i,2.5111743905732-10.6400340924514i
12+0i,40+0i,3.48304884250932-6.41568068454703i
12+0i,41+0i,-2.21581889775338+9.48183469351047i
12+0i,42+0i,-3.52085564454778+0.71460824934671i
12+0i,43+0i,-2.48942003366927+1.97523095944375i
12+0i,44+0i,6.91234102382011-1.22357052822341i
12+0i,45+0i,-0.65158881743111-9.56063437871106i
12+0i,46+0i,-1.01511598629178+2.34047775117569i
12+0i,47+0i,3.80986639824253+5.07836542034957i
12+0i,48+0i,7.4210506766909-2.22459993189623i
12+0i,49+0i,0.1658149119911-4.67373699659034i
12+0i,50+0i,-1.42204967355148+2.77819939819817i
13+0i,-49+0i,5.73882505331262-1.58076873190896i
13+0i,-48+0i,1.555866574568+7.68716857253081i
13+0i,-47+0i,1.76457032120932+8.82117263857241i
13+0i,-46+0i,-5.62068872372374+9.83199704885184i
13+0i,-45+0i,-3.2457534680019+10.5053389381766i
13+0i,-44+0i,-1.89615179140952+9.36454889737987i
13+0i,-43+0i,-0.33464152724076+4.72208299625497i
13+0i,-42+0i,-9.29770182537568-5.02711759967659i
13+0i,-41+0i,-4.23997673402009+1.53446508210493i
13+0i,-40+0i,3.761883527176-12.0907581383415i
13+0i,-39+0i,-8.76050305759751-5.63123832828761i
13+0i,-38+0i,0.85601980877767+2.13086953524813i
13+0i,-37+0i,-2.81661272748667+0.87497895940045i
13+0i,-36+0i,1.43495048172+11.6665232824649i
13+0i,-35+0i,-1.51060699732806+3.39624982791086i
13+0i,-34+0i,-5.72329482167438+4.85578644651714i
13+0i,-33+0i,-1.10722655312998-0.00856631444826i
13+0i,-32+0i,-9.69807773946177+9.28971993897999i
13+0i,-31+0i,0.31323358032913+6.14774884817454i
13+0i,-30+0i,-10.6712809352984-6.0750603604833i
13+0i,-29+0i,-15.7325482223187-4.890592339578i
13+0i,-28+0i,-1.1394234929989-14.1310846340325i
13+0i,-27+0i,-3.69730596175555-4.31362637132997i
13+0i,-26+0i,-8.24892111238739-1.37670205421871i
13+0i,-25+0i,2.35435879346672-0.07262551165774i
13+0i,-24+0i,5.82995443588153-2.70669054031167i
13+0i,-23+0i,8.5275454434405-17.041418544573i
13+0i,-22+0i,9.58930683440351-5.79884607527182i
13+0i,-21+0i,1.49585473562888+8.85228389784186i
13+0i,-20+0i,-4.24832107850857-2.83817757135628i
13+0i,-19+0i,-21.5789100859265+5.4346310324113i
13+0i,-18+0i,-13.2103153869384+1.3970665206781i
13+0i,-17+0i,11.2051266901375+10.0062311946069i
13+0i,-16+0i,45.6156825201528+36.4916463813615i
13+0i,-15+0i,-10.5269685779668+32.9696133857888i
13+0i,-14+0i,-39.8345710356383+41.7585720246787i
13+0i,-13+0i,10.6946696902491-48.7668137807689i
13+0i,-12+0i,-40.3368732895945-32.7729535899321i
13+0i,-11+0i,38.8792749273194+17.2627899662429i
13+0i,-10+0i,40.955193472717-17.6896228452636i
13+0i,-9+0i,-55.9005588479602+96.9821738481716i
13+0i,-8+0i,-13.8004861418588+18.7802521187509i
13+0i,-7+0i,-62.9405205063289-2.6057420769328i
13+0i,-6+0i,-15.8307443001058+51.6579572233202i
13+0i,-5+0i,52.0320068535724-70.0250150157752i
13+0i,-4+0i,18.5427203501144+61.0762215840643i
13+0i,-3+0i,-6.963686958932+43.4608416281132i
13+0i,-2+0i,-24.0795992182426-76.6374058144465i
13+0i,-1+0i,97.1514817025649+20.005092653423i
13+0i,0+0i,139.869120720915-22.213689591964i
13+0i,1+0i,78.6151085518722-34.744050455495i
13+0i,2+0i,25.8007080320111+40.5876669133824i
13+0i,3+0i,-26.5890184842121+80.3842793927778i
13+0i,4+0i,6.7808202637117+22.5735418090938i
13+0i,5+0i,-34.027038039463-108.328041112802i
13+0i,6+0i,-53.0277669822777-66.4939082378389i
13+0i,7+0i,52.6285288577342-15.0742317765287i
13+0i,8+0i,52.1609094517076-51.8568267899883i
13+0i,9+0i,-25.4953496732895+4.7087974515445i
13+0i,10+0i,-1.8880940028035+72.2427867162362i
13+0i,11+0i,51.0044692112074+15.9374659073823i
13+0i,12+0i,-6.7408698866581-27.7119882266173i
13+0i,13+0i,-7.7505627601591+16.7356775142548i
13+0i,14+0i,13.1158204457857+5.5923823161046i
13+0i,15+0i,-15.2446179463893-1.0722720769742i
13+0i,16+0i,16.0700246883143-0.646822030604i
13+0i,17+0i,-23.8264531947496+9.9164778515418i
13+0i,18+0i,-9.3692683700179+30.0962770295468i
13+0i,19+0i,37.0489655415846-16.5895454197024i
13+0i,20+0i,11.8170568449066+6.6968683380957i
13+0i,21+0i,10.1445510044881+3.3331049049509i
13+0i,22+0i,-26.7350832610318-4.2358105590682i
13+0i,23+0i,-4.7343919289769+22.1690843072486i
13+0i,24+0i,2.5612800821885-16.6401492693546i
13+0i,25+0i,-13.904329972653-1.4521369126523i
13+0i,26+0i,-1.3771358534706+12.4025558976529i
13+0i,27+0i,-12.6181839373696+8.7825639025269i
13+0i,28+0i,6.01018940667218-5.0985978304028i
13+0i,29+0i,-8.42089361196829-4.37321869721151i
13+0i,30+0i,-7.75126114736971+7.92086675900851i
13+0i,31+0i,-0.1777377803311-12.0837086063838i
13+0i,32+0i,-5.46770106631555-0.13743272887543i
13+0i,33+0i,1.39938368825112-4.77597690293253i
13+0i,34+0i,-2.534132739181+3.9128272710898i
13+0i,35+0i,3.11684984819735+7.0948040027043i
13+0i,36+0i,-6.73008835359353-4.61226259282033i
13+0i,37+0i,-1.43453128791656+1.98768536949426i
13+0i,38+0i,-0.1855788715567-2.253002568573i
13+0i,39+0i,-5.7017787737205+0.86399878744463i
13+0i,40+0i,-5.36507793968548-2.05957135570283i
13+0i,41+0i,-3.38790873762928+0.07769154850116i
13+0i,42+0i,-2.13668298711916-4.45413826951695i
13+0i,43+0i,-7.50982822888796+0.47075214449588i
13+0i,44+0i,3.95465326660038+4.37987694237365i
13+0i,45+0i,4.11887348694938-8.15775924599032i
13+0i,46+0i,4.251532540518-11.3883285919809i
13+0i,47+0i,4.85770567044684-6.20015133689741i
13+0i,48+0i,3.72567651650452+7.00478618453576i
13+0i,49+0i,2.52138234750077+4.57758952826753i
13+0i,50+0i,4.12014350470394-2.22364993380658i
14+0i,-49+0i,10.1102163842025+5.403005133447i
14+0i,-48+0i,-3.7626799438128+10.3914157251041i
14+0i,-47+0i,1.992335624643+4.67627693439802i
14+0i,-46+0i,-10.0298091236241+4.1650299006446i
14+0i,-45+0i,-3.8214079250007+15.0651283063586i
14+0i,-44+0i,-0.35716798368936+4.1343637971536i
14+0i,-43+0i,-4.16877986956497+8.53465508714406i
14+0i,-42+0i,2.13208402465567-7.07217235951965i
14+0i,-41+0i,1.81107248495051-5.71198329263032i
14+0i,-40+0i,7.58568247134363-0.31838864178745i
14+0i,-39+0i,-10.7802629794662+0.6396164883682i
14+0i,-38+0i,0.29336372998253+4.72288355282627i
14+0i,-37+0i,-3.1010356719153-10.0473738505064i
14+0i,-36+0i,-15.3731346834973+5.2884455859026i
14+0i,-35+0i,-0.1021137204168+8.06943122241216i
14+0i,-34+0i,-3.5546424642888+4.05899860738935i
14+0i,-33+0i,-2.47586583543478-6.5797950461632i
14+0i,-32+0i,-3.84769774232998-0.93962605728488i
14+0i,-31+0i,-1.75180010402288+6.365614649389i
14+0i,-30+0i,-12.6180690436784-16.2703247230703i
14+0i,-29+0i,-6.9267687947814-9.04886149841734i
14+0i,-28+0i,7.83116410259721-8.70419767721811i
14+0i,-27+0i,-3.04339712268368-3.98488735345783i
14+0i,-26+0i,-1.53800221698708+1.02430381765901i
14+0i,-25+0i,-1.73223906880739-3.64447952574144i
14+0i,-24+0i,3.2634049941018+10.505557185631i
14+0i,-23+0i,15.3741529206338+4.1239712777193i
14+0i,-22+0i,-4.33816375880229-9.37825064593687i
14+0i,-21+0i,-12.5178415723151-6.5228652460246i
14+0i,-20+0i,9.12058654130369-5.51101983876633i
14+0i,-19+0i,-10.6377551624383+22.5861418543628i
14+0i,-18+0i,-7.4279431445486+31.8085680175887i
14+0i,-17+0i,-2.39381972296259+9.92095586748499i
14+0i,-16+0i,-25.9920653058179+14.6950016875232i
14+0i,-15+0i,-2.8499055918405-10.8530130963924i
14+0i,-14+0i,15.4071642374609-15.5203405002727i
14+0i,-13+0i,18.4826612795693-12.9040450431153i
14+0i,-12+0i,12.2918133024956+11.4244594261876i
14+0i,-11+0i,22.0351012485987+41.5196968559656i
14+0i,-10+0i,-3.48776994980304+3.34462425453981i
14+0i,-9+0i,-35.3302732643126+54.0870651432669i
14+0i,-8+0i,-11.3042714226246+27.1483634771093i
14+0i,-7+0i,-36.2032792151523-50.3895462827644i
14+0i,-6+0i,-29.8709347812537-12.0242304368295i
14+0i,-5+0i,31.4418058269676+9.5769761821128i
14+0i,-4+0i,51.0783951111952+58.5945363328602i
14+0i,-3+0i,2.5422927575626+43.7362797614733i
14+0i,-2+0i,9.2065198545349+43.0603326117509i
14+0i,-1+0i,40.1922169334317+67.8252726178516i
14+0i,0+0i,-55.3656478148763-92.5891491190634i
14+0i,1+0i,3.419593249767-117.998805405758i
14+0i,2+0i,160.04110416009+62.387547993489i
14+0i,3+0i,84.6236166514658+68.1469565989615i
14+0i,4+0i,-28.3863013554324-36.6430314884555i
14+0i,5+0i,-11.3601146691699-62.5418427516651i
14+0i,6+0i,-17.4487307131207-52.1759051617634i
14+0i,7+0i,-68.3299006699625-25.4546158272361i
14+0i,8+0i,-29.005642150503-62.6278133592847i
14+0i,9+0i,25.5799781547-111.253908095307i
14+0i,10+0i,55.4144339890586-39.6024753633629i
14+0i,11+0i,64.3428377922138+19.9051732939434i
14+0i,12+0i,-7.3534575969107+41.0116866653533i
14+0i,13+0i,-5.30410544200315+6.46967638205419i
14+0i,14+0i,-2.5674809264145-82.7526155428136i
14+0i,15+0i,-39.5252303191403-23.5967592464281i
14+0i,16+0i,33.9435189697419+27.324713180317i
14+0i,17+0i,34.4368403446046-6.7451684805286i
14+0i,18+0i,2.68583774012116+9.56174403151032i
14+0i,19+0i,7.73744742702733-1.0283427724228i
14+0i,20+0i,-10.2563332051618+15.0012139910572i
14+0i,21+0i,10.9802089925515+8.3875054389242i
14+0i,22+0i,-10.9637392202353-21.5090024952812i
14+0i,23+0i,-16.989808342482+4.8507125445063i
14+0i,24+0i,-4.06957038240616+5.35049110674049i
14+0i,25+0i,-13.3616744057924+1.9378149360177i
14+0i,26+0i,0.23899603698863-4.50672138293259i
14+0i,27+0i,0.393218188354948-0.750454961781119i
14+0i,28+0i,-0.93457540815976-1.08992802980828i
14+0i,29+0i,-11.1192508182053+1.4362783784312i
14+0i,30+0i,-6.65830682888186+6.39014979547075i
14+0i,31+0i,-0.3823679568798-12.1251316886265i
14+0i,32+0i,1.02396875871737+0.81886818828449i
14+0i,33+0i,1.90213183586555+4.9298596707281i
14+0i,34+0i,-5.34283103787425+0.5006411281427i
14+0i,35+0i,-6.03360550921135-3.25118499016285i
14+0i,36+0i,-3.1528208688927+1.11214754800748i
14+0i,37+0i,9.3001580588649+3.18669207382885i
14+0i,38+0i,-7.15603285899117-3.08771394430154i
14+0i,39+0i,-12.7173242332643+0.6998504119968i
14+0i,40+0i,-5.93393274182423-8.80885194316163i
14+0i,41+0i,-3.58861762395636-2.36588140319298i
14+0i,42+0i,-1.89803393723533-2.26051868192594i
14+0i,43+0i,-6.282155474206-5.81871910484528i
14+0i,44+0i,3.362838595706-10.9140289362353i
14+0i,45+0i,3.42410762912863-9.24788444325948i
14+0i,46+0i,15.4463870703355-0.9207128827962i
14+0i,47+0i,11.4097563242783-6.4512652641913i
14+0i,48+0i,-0.60362668996548-1.30457115250546i
14+0i,49+0i,1.41225783120097+1.48377857098834i
14+0i,50+0i,10.3454584664036+7.9530737676535i
15+0i,-49+0i,1.49291494081732+6.05026584300527i
15+0i,-48+0i,-13.3420082433438-0.8591253500698i
15+0i,-47+0i,12.1453470267724+3.7395497079756i
15+0i,-46+0i,4.90200013054542-5.53826442167412i
15+0i,-45+0i,-9.9322837874649+17.7084708450747i
15+0i,-44+0i,2.36621887400434+8.58050797330851i
15+0i,-43+0i,-10.6385338443935-3.8179920799185i
15+0i,-42+0i,7.86692462093362-5.04885756061832i
15+0i,-41+0i,18.5212339225623+0.6073403285075i
15+0i,-40+0i,4.70356003027019+7.42978809782594i
15+0i,-39+0i,-16.9230953081984-4.0765535964827i
15+0i,-38+0i,-13.2249132314994+3.6653749880717i
15+0i,-37+0i,0.42388027325252-6.49226677903463i
15+0i,-36+0i,-5.11416375949654-4.92710364635854i
15+0i,-35+0i,-5.2517273046067+10.6270167301344i
15+0i,-34+0i,-11.3355821579188+1.7471594978035i
15+0i,-33+0i,-5.262188599496-10.150291836243i
15+0i,-32+0i,3.44937010979928-0.58924778422146i
15+0i,-31+0i,-2.44915025895498+1.03532401973566i
15+0i,-30+0i,-7.96613270811019-6.74225257361928i
15+0i,-29+0i,-1.76879724664645+0.83420080432874i
15+0i,-28+0i,-0.7869311103638-7.59833163203553i
15+0i,-27+0i,3.98502265399147-5.61893839198039i
15+0i,-26+0i,-7.65464799603744+5.05089124377893i
15+0i,-25+0i,-12.2327320789755-0.9953746207536i
15+0i,-24+0i,3.5839572433518-10.7273627316268i
15+0i,-23+0i,-7.02458323870615+6.89239161371161i
15+0i,-22+0i,9.7031069356794+1.55290736936685i
15+0i,-21+0i,0.4339698968982-19.63081816369i
15+0i,-20+0i,-2.95540300027237+0.00950455012581i
15+0i,-19+0i,16.1345873825095+1.383075859868i
15+0i,-18+0i,-4.6551199700522+18.8717017582146i
15+0i,-17+0i,-5.3722840001039+21.2219124770021i
15+0i,-16+0i,-16.7003212304886-9.4785829435929i
15+0i,-15+0i,-9.0515401321393-15.1880551037516i
15+0i,-14+0i,20.162439554977-4.2966839755533i
15+0i,-13+0i,25.2655558237901-4.2739652011319i
15+0i,-12+0i,8.43418830917351+9.60527748295163i
15+0i,-11+0i,-3.2169161366413+33.5043474748545i
15+0i,-10+0i,-5.0615324246063-34.9041430127655i
15+0i,-9+0i,-12.1202304794125-20.2998094693212i
15+0i,-8+0i,28.6337787727677+34.0057996022863i
15+0i,-7+0i,25.2812088701202+13.2457211445463i
15+0i,-6+0i,-33.7753449382075+73.9584799565125i
15+0i,-5+0i,-46.2833105086833+27.4480515034474i
15+0i,-4+0i,-45.721882428666-30.2454282411997i
15+0i,-3+0i,-57.1828835045451+40.08940836364i
15+0i,-2+0i,-4.20214832642716-6.961414333007i
15+0i,-1+0i,29.4498262127758-55.8239584913511i
15+0i,0+0i,-55.7670662975709-10.0254347239252i
15+0i,1+0i,62.3578186436453-2.5710937826361i
15+0i,2+0i,249.353226863364+10.183340728117i
15+0i,3+0i,85.6358422895867+52.482965778927i
15+0i,4+0i,-77.4052425880213+47.9241798635527i
15+0i,5+0i,-40.3201141952132+36.6954759340583i
15+0i,6+0i,-31.0109035989702+35.8918665213762i
15+0i,7+0i,-47.5849380860101-33.4168369891235i
15+0i,8+0i,-50.7790044540908-90.3981359632646i
15+0i,9+0i,-61.2529162341267-37.6106937391289i
15+0i,10+0i,-37.7447363847482+11.3225009470375i
15+0i,11+0i,1.9318420475887-56.2509071989368i
15+0i,12+0i,-38.3190746537295-95.8732490644395i
15+0i,13+0i,-1.9757987209921-15.9551609044669i
15+0i,14+0i,75.9430233749623-11.7889071598245i
15+0i,15+0i,-24.0244943278047-20.7210907234071i
15+0i,16+0i,-20.259627241791+6.9597059521502i
15+0i,17+0i,46.7010319840521-30.4277297991062i
15+0i,18+0i,15.6626258601359+12.0691490354842i
15+0i,19+0i,35.3539516970552+33.7688414854894i
15+0i,20+0i,-12.7074835497377+7.0615772278778i
15+0i,21+0i,-38.2975489193496+25.5650933469735i
15+0i,22+0i,10.3863231772854-3.8414281910403i
15+0i,23+0i,2.29692363437966-0.10154637372075i
15+0i,24+0i,-16.1734627620717+14.6690115713496i
15+0i,25+0i,-27.5286782891376-3.4519829687234i
15+0i,26+0i,-8.20005116261843-6.43576661329067i
15+0i,27+0i,2.8524989291893-10.0448570874647i
15+0i,28+0i,-4.75759743038707-2.60199212874412i
15+0i,29+0i,2.34427178131586+1.66365547309289i
15+0i,30+0i,-4.86406717558876-5.37590859252549i
15+0i,31+0i,-0.23052935056167-5.75075315798637i
15+0i,32+0i,10.7029885140474-1.3689100913001i
15+0i,33+0i,-3.63023288787428+3.75562813587231i
15+0i,34+0i,1.20038641687184+3.5686745593331i
15+0i,35+0i,-2.28234205882597-4.27657180581951i
15+0i,36+0i,-14.185245017858+8.1430384922706i
15+0i,37+0i,-1.1956854371273+6.25843310638725i
15+0i,38+0i,-8.96305228133139-4.13376236239541i
15+0i,39+0i,-7.05576246576716-7.92458182927938i
15+0i,40+0i,-8.4520214259262-14.9251002605285i
15+0i,41+0i,-6.82939484908384-4.20763785588005i
15+0i,42+0i,-9.1560341941764-10.0971328893119i
15+0i,43+0i,-9.90891506137228-2.7280803720134i
15+0i,44+0i,20.2773042185685-10.877474576235i
15+0i,45+0i,6.1298542030441-14.8729573741621i
15+0i,46+0i,3.50762472863636+4.86758548633526i
15+0i,47+0i,7.84036354982353-3.28825057480359i
15+0i,48+0i,5.03448200782489-2.33149782507158i
15+0i,49+0i,7.24598601552327-4.91411396216506i
15+0i,50+0i,2.3635964673874+10.5477754872592i
16+0i,-49+0i,0.28045022697542-1.51134126363564i
16+0i,-48+0i,-9.4520109548148-12.6055994446862i
16+0i,-47+0i,2.96772484304437+6.40418992336922i
16+0i,-46+0i,10.9764261169362-5.3917311970964i
16+0i,-45+0i,-3.5076848442249+4.50619891399961i
16+0i,-44+0i,2.95861482840038+7.92562745913977i
16+0i,-43+0i,0.73777598647252-2.40738852427503i
16+0i,-42+0i,6.04593039487203+2.96084823470772i
16+0i,-41+0i,3.8785030741993+11.4049113990985i
16+0i,-40+0i,3.27358585615276+6.18933247004093i
16+0i,-39+0i,-4.83734365934045-8.13947751628068i
16+0i,-38+0i,-10.1959274826781+0.1101029733399i
16+0i,-37+0i,-5.50110018671458-5.10938555866211i
16+0i,-36+0i,-8.17082511401448+3.07882606947617i
16+0i,-35+0i,-3.98211108153684+7.02546272689383i
16+0i,-34+0i,-4.31253430797252-3.14219844713713i
16+0i,-33+0i,-4.47565511550884-1.98442971649808i
16+0i,-32+0i,-10.5108703781596+3.866412619129i
16+0i,-31+0i,1.90485093495037+5.81563618283027i
16+0i,-30+0i,3.81660227030287-8.305834705399i
16+0i,-29+0i,-3.10565476776314-3.18222598911678i
16+0i,-28+0i,3.94241894942162-3.65519844477287i
16+0i,-27+0i,-1.4558493298949-3.30844018177353i
16+0i,-26+0i,-11.1558104149163-2.4797984474539i
16+0i,-25+0i,-11.5209109441437-3.8344184326471i
16+0i,-24+0i,16.7992776540383+4.0787541087722i
16+0i,-23+0i,6.78855136452492-4.50510340681031i
16+0i,-22+0i,-17.80861936494-0.5598237335769i
16+0i,-21+0i,-6.11665648967225+6.59692632376762i
16+0i,-20+0i,11.6466687351905-13.9683669459503i
16+0i,-19+0i,7.9770526978762-16.9585534369132i
16+0i,-18+0i,-10.9111206325748+17.0196594171424i
16+0i,-17+0i,0.23479084335443-2.80661732428343i
16+0i,-16+0i,-6.74433533089739-3.14973053245862i
16+0i,-15+0i,0.7814236450275+19.4293589893208i
16+0i,-14+0i,7.1154421922966-16.202296655786i
16+0i,-13+0i,-15.2345757489601-9.2223229684655i
16+0i,-12+0i,-10.5277494225627-19.1637351003396i
16+0i,-11+0i,-9.95743568191-11.1593586219893i
16+0i,-10+0i,12.0593124738686+5.6187062701785i
16+0i,-9+0i,6.6894445085835-18.5425782148144i
16+0i,-8+0i,-6.2420146630971+29.6188370320979i
16+0i,-7+0i,34.1971137863617+5.9998902050553i
16+0i,-6+0i,-1.2699806801431-19.9817675536374i
16+0i,-5+0i,-41.4501546445729+45.4885312777109i
16+0i,-4+0i,-24.2224477291379+17.8621156701121i
16+0i,-3+0i,-78.3414959600718+4.6406841211813i
16+0i,-2+0i,-52.5605051946082+21.0707195138391i
16+0i,-1+0i,38.3143702034548+7.3584378388711i
16+0i,0+0i,-28.065889031293+37.0599213442301i
16+0i,1+0i,-5.2736167436895-25.8352815774408i
16+0i,2+0i,141.720135669388-63.984812619545i
16+0i,3+0i,90.8034807594788+64.1213201875731i
16+0i,4+0i,-15.521027001968+129.366164805581i
16+0i,5+0i,26.4321270196234+64.0228871802683i
16+0i,6+0i,12.0056398976485-42.5194490051931i
16+0i,7+0i,-53.3122968881055-34.0042272687089i
16+0i,8+0i,21.1481990750808+29.3268940103599i
16+0i,9+0i,11.9413745324793-5.0648512048015i
16+0i,10+0i,-83.6582162305629+30.4576139599704i
16+0i,11+0i,-15.5763446430194+31.1348960498302i
16+0i,12+0i,-5.5513233223567-70.3973355517815i
16+0i,13+0i,-45.7821840547416-34.4361508961646i
16+0i,14+0i,30.8129227639833-2.5895522794213i
16+0i,15+0i,18.6993480504715-18.2295950964214i
16+0i,16+0i,9.194705722787+22.1690873707654i
16+0i,17+0i,41.4693665422712-0.9592356096994i
16+0i,18+0i,-13.6397408622667+2.0810887819041i
16+0i,19+0i,-4.2083632252653+39.8069663940529i
16+0i,20+0i,19.7357446250576+11.4066035305928i
16+0i,21+0i,-5.0129166324484-10.6642236767593i
16+0i,22+0i,-5.13622341684885-3.5976331407383i
16+0i,23+0i,-5.1419213515775+14.8536518485747i
16+0i,24+0i,-5.75883317108335+6.99401399137512i
16+0i,25+0i,-9.13070789334916-8.35508176785636i
16+0i,26+0i,-4.7853188829736-4.54108580833512i
16+0i,27+0i,4.67806482640698-5.24805121408155i
16+0i,28+0i,0.62428461422687-5.83999528920901i
16+0i,29+0i,1.48746206866997-3.67233211041547i
16+0i,30+0i,6.51781254060712+0.17694609144963i
16+0i,31+0i,5.35218421597662+3.21357397674189i
16+0i,32+0i,3.83737713417819-0.63725536832914i
16+0i,33+0i,-9.01815953718724-1.12313480424792i
16+0i,34+0i,-2.51804476897945+8.88757125921799i
16+0i,35+0i,0.61868126048077+2.84639688102005i
16+0i,36+0i,-14.7692608279707+4.6340754911907i
16+0i,37+0i,-0.80072556463807+1.78321538144013i
16+0i,38+0i,-7.36719640597429-4.41344123563912i
16+0i,39+0i,-10.5664858386985-0.689172452302i
16+0i,40+0i,-10.8634484376049-10.4614330693432i
16+0i,41+0i,-9.34546115619959-5.252625684981i
16+0i,42+0i,0.6799071341493-18.5262049572831i
16+0i,43+0i,-7.52540901021796-5.77787806958884i
16+0i,44+0i,12.6472626583257+12.1412046863397i
16+0i,45+0i,5.82973415804284-4.47990736083432i
16+0i,46+0i,-1.42029609772616-2.08634815328488i
16+0i,47+0i,2.35825984771736-7.71393627475254i
16+0i,48+0i,-1.10319988876648-3.68676891516281i
16+0i,49+0i,4.81958948966337-2.00800759735471i
16+0i,50+0i,-4.25499739732439+8.05407141963249i
17+0i,-49+0i,8.11200861464963+7.27024666659613i
17+0i,-48+0i,-4.59657569288197-2.88213704206606i
17+0i,-47+0i,-6.70481988906615+1.52970017853576i
17+0i,-46+0i,4.97697950550522-6.85043970114585i
17+0i,-45+0i,-3.78698994401675+3.53040187024695i
17+0i,-44+0i,6.99122704250707+6.3167122511315i
17+0i,-43+0i,4.0322741812301+4.89579556063847i
17+0i,-42+0i,-2.0741432528725+11.9276784432686i
17+0i,-41+0i,1.04944245782109+2.08769371616015i
17+0i,-40+0i,-0.11473698537532-1.70300889552001i
17+0i,-39+0i,-5.24789845112522-3.79874562964029i
17+0i,-38+0i,3.5459881753881-1.3547335948326i
17+0i,-37+0i,0.73046219355877-2.78375711908628i
17+0i,-36+0i,-17.4947423529661+0.8910986570735i
17+0i,-35+0i,-9.19278134136093+1.52609473332021i
17+0i,-34+0i,3.89825145187893-2.34788559116317i
17+0i,-33+0i,3.37182383267613-7.23053426894824i
17+0i,-32+0i,-2.1173024587004+1.27586790034558i
17+0i,-31+0i,6.83246874094237+8.3002778818792i
17+0i,-30+0i,-0.84889617067047-8.95398306237948i
17+0i,-29+0i,4.56315798374746-5.09512537132545i
17+0i,-28+0i,7.72659064106434-0.68168013685789i
17+0i,-27+0i,-2.35600944704612+1.68522256534266i
17+0i,-26+0i,8.77824737025341-4.66570755678875i
17+0i,-25+0i,-1.86096646164885+1.9327874359513i
17+0i,-24+0i,7.34708866481788+6.13246831502765i
17+0i,-23+0i,-7.0161770554172+7.61155655130944i
17+0i,-22+0i,-16.2170461991679+15.840428547091i
17+0i,-21+0i,-17.445537008078-16.6111988782047i
17+0i,-20+0i,-9.96747470807297+2.73083149145288i
17+0i,-19+0i,25.6754124277604-7.6926005115482i
17+0i,-18+0i,-26.2696198531692-2.2092192960811i
17+0i,-17+0i,-2.8642556166081+20.8791116493428i
17+0i,-16+0i,5.82383577766-37.5354531050637i
17+0i,-15+0i,-31.7808517747622-0.4909379790386i
17+0i,-14+0i,28.1317839788821-9.3730744712685i
17+0i,-13+0i,-8.0592302463946-18.4136507512739i
17+0i,-12+0i,-18.0861326210253+18.7391749294104i
17+0i,-11+0i,15.450392430702-23.5795783548775i
17+0i,-10+0i,-3.292501290068+20.5628234640762i
17+0i,-9+0i,5.1980370013089+30.1202565996932i
17+0i,-8+0i,-3.6881821127854-14.639654929401i
17+0i,-7+0i,1.5882941852218-35.034324887782i
17+0i,-6+0i,1.4259853093879-21.4909844820168i
17+0i,-5+0i,19.5432316535201+30.1951236968592i
17+0i,-4+0i,41.4876491297573+18.9504767843168i
17+0i,-3+0i,-13.4274517236462+92.8098614515068i
17+0i,-2+0i,-97.3985159709775+74.17619154469i
17+0i,-1+0i,-138.171227942994-37.245881600718i
17+0i,0+0i,-46.2655557093945+6.4580036542599i
17+0i,1+0i,2.6058765673333-81.7024567605613i
17+0i,2+0i,46.9419418039435-78.2645528427472i
17+0i,3+0i,174.49277378461+89.788635660136i
17+0i,4+0i,57.3466246002723+50.6916613545288i
17+0i,5+0i,-21.8980160376511+4.8057233975842i
17+0i,6+0i,78.0323731551172-5.5734458417961i
17+0i,7+0i,6.3699945132722+11.7265939650348i
17+0i,8+0i,-29.1039167051828+61.5935823040887i
17+0i,9+0i,17.5760558224543-13.783705279234i
17+0i,10+0i,4.5874238931816-53.5068604890454i
17+0i,11+0i,26.3846590190062-16.5507750925527i
17+0i,12+0i,17.752309135783-0.9328186125666i
17+0i,13+0i,-16.5720684668649+19.3321737475678i
17+0i,14+0i,16.549607442547-0.75547299075i
17+0i,15+0i,8.9077302552761-25.0359591001272i
17+0i,16+0i,-12.2440542646397+16.7619061386751i
17+0i,17+0i,38.5747346350358+22.2589784340911i
17+0i,18+0i,21.3104074129685-12.0226308623485i
17+0i,19+0i,-13.408771009972-2.6950402468422i
17+0i,20+0i,10.3411554305727+9.7724903456971i
17+0i,21+0i,2.46305356662163-0.51349353999709i
17+0i,22+0i,-5.8345427865423-11.7204627530422i
17+0i,23+0i,2.3848096016121-3.03076432059979i
17+0i,24+0i,2.75606131210014+3.3680608214915i
17+0i,25+0i,6.99963348272675-1.22955330748092i
17+0i,26+0i,7.9738976723888+0.01182079776154i
17+0i,27+0i,0.94904081964628-1.57317607568084i
17+0i,28+0i,-2.35156786007517-2.31387008886053i
17+0i,29+0i,1.69097894429366-1.94510699410945i
17+0i,30+0i,3.77212762141447+2.49099721763132i
17+0i,31+0i,1.06845473038165+9.45921526126084i
17+0i,32+0i,1.76747860838409+3.84502626485865i
17+0i,33+0i,-8.68684742266008-6.39221766655612i
17+0i,34+0i,-8.55149393942154-1.83669927999655i
17+0i,35+0i,3.28058465051826-2.80045346190232i
17+0i,36+0i,-6.82906793033445+0.45429851098055i
17+0i,37+0i,-0.83011906603649+4.34409192787433i
17+0i,38+0i,1.63359080697025-6.53741026140878i
17+0i,39+0i,-0.91732187365479-6.73519199068772i
17+0i,40+0i,-0.30039192329545-3.78444696484311i
17+0i,41+0i,-3.35897005391735+2.83067660383538i
17+0i,42+0i,4.41124325303598-4.77472010764093i
17+0i,43+0i,-2.74925301537508-3.08216277954718i
17+0i,44+0i,1.0224269416862+4.68718453873744i
17+0i,45+0i,3.04825204433749+1.90012047113354i
17+0i,46+0i,0.95363404124634+7.43496731738491i
17+0i,47+0i,-0.51213111442927-4.08971318355991i
17+0i,48+0i,-0.67385687452467-6.51249252709131i
17+0i,49+0i,0.54481510401671-9.5506214611472i
17+0i,50+0i,-6.32485423500713+0.24370730561502i
18+0i,-49+0i,-3.26602342744847+8.4205114935117i
18+0i,-48+0i,1.94116970845064+3.08961804692458i
18+0i,-47+0i,-1.55494437834128+0.45137464534402i
18+0i,-46+0i,0.7228281023557+6.91150933214524i
18+0i,-45+0i,-2.22064148869486-1.30832703352167i
18+0i,-44+0i,0.8615347798927+6.41759349300426i
18+0i,-43+0i,0.85298049507446+7.4752047715676i
18+0i,-42+0i,-7.37796133843481-0.08875983033279i
18+0i,-41+0i,5.09107392353912+3.69699518265892i
18+0i,-40+0i,5.30660812790873-4.86474937566168i
18+0i,-39+0i,-9.1835245161882-12.0554946685045i
18+0i,-38+0i,6.3868850530067+2.10040290221589i
18+0i,-37+0i,6.10624084977438+1.21887564076235i
18+0i,-36+0i,-7.42615530022603-3.58814001109616i
18+0i,-35+0i,-4.4097526888425-3.09290045082764i
18+0i,-34+0i,-8.43134896345786-4.07988935621261i
18+0i,-33+0i,2.27156875500144-3.70091580615067i
18+0i,-32+0i,7.69711719784452+4.01031443580018i
18+0i,-31+0i,2.62942593451019+4.1201538070998i
18+0i,-30+0i,-3.96563816156322-7.01891665404187i
18+0i,-29+0i,-0.219015469110583-0.073460440163302i
18+0i,-28+0i,3.98650653734731-3.42592247632657i
18+0i,-27+0i,4.09091925466309-4.87537670954843i
18+0i,-26+0i,10.3833668778612-2.0540938294113i
18+0i,-25+0i,-10.640250445648+4.0142257190459i
18+0i,-24+0i,-6.595773668657-0.81433620540608i
18+0i,-23+0i,-8.61781402313599-6.72227422382979i
18+0i,-22+0i,-10.098423811453+11.0895649871494i
18+0i,-21+0i,10.6582974674471-6.7099242623082i
18+0i,-20+0i,1.27979078122858+2.94157609184202i
18+0i,-19+0i,5.4050420284024+10.7234141131685i
18+0i,-18+0i,-6.05546778487012+0.38616647313398i
18+0i,-17+0i,-5.33675053748988+7.80804611248713i
18+0i,-16+0i,9.465322224137-10.8967415463883i
18+0i,-15+0i,-3.77218487555699-6.22395191473757i
18+0i,-14+0i,-4.56815615782728+1.85318329977825i
18+0i,-13+0i,4.0394116610075+20.4316328477447i
18+0i,-12+0i,-16.143408862061+0.2528796765591i
18+0i,-11+0i,-21.1629649387161-26.2846597962597i
18+0i,-10+0i,26.040548620886-7.951409164794i
18+0i,-9+0i,11.2530474221028-17.9368941336933i
18+0i,-8+0i,25.2967102745166+28.0457527070039i
18+0i,-7+0i,21.2261916463156+43.4830686592328i
18+0i,-6+0i,-43.4136787311291+5.5479534089053i
18+0i,-5+0i,27.8127038829218-38.8891461506682i
18+0i,-4+0i,15.0640982414539-48.8924427763917i
18+0i,-3+0i,-22.5404013272192+47.2909576622327i
18+0i,-2+0i,10.0233780235381-0.3040820257721i
18+0i,-1+0i,-68.0219905505859-22.4600341821228i
18+0i,0+0i,-57.078697984595+113.564446163449i
18+0i,1+0i,-20.8338738269535+15.883670421812i
18+0i,2+0i,-11.036860255561-103.406543807821i
18+0i,3+0i,60.264498103054-13.6075421194362i
18+0i,4+0i,14.2402083712947+21.5470921224767i
18+0i,5+0i,-0.3642925981668+10.6295472041032i
18+0i,6+0i,71.8392573558752+22.5185943484671i
18+0i,7+0i,9.4561665440751+10.4803995366363i
18+0i,8+0i,-40.452717418832+16.1360091568949i
18+0i,9+0i,7.1997556548424-14.9206163660554i
18+0i,10+0i,-19.9963873565762-55.316588295567i
18+0i,11+0i,-21.6412098220193-34.1895467875997i
18+0i,12+0i,36.3471834197197-61.6719475289343i
18+0i,13+0i,9.2475362682626-42.4921600220742i
18+0i,14+0i,19.9405334286594+33.6240253309276i
18+0i,15+0i,34.9125366475267+13.1991548866711i
18+0i,16+0i,-14.3197382141525+4.0769385769172i
18+0i,17+0i,-7.60302048953436-1.72925982366661i
18+0i,18+0i,6.6072684687028-17.9621506833287i
18+0i,19+0i,22.8854969151872+2.3094574726929i
18+0i,20+0i,17.1093020039916+6.1234234374169i
18+0i,21+0i,-20.8431670458189+4.5777351799856i
18+0i,22+0i,-14.6035497290049-7.1764979774866i
18+0i,23+0i,7.65857626790217+1.59066043726136i
18+0i,24+0i,13.6123590402484+1.7259750870144i
18+0i,25+0i,-2.29686789137005-4.72912830809855i
18+0i,26+0i,-4.2343576097243+10.1837546037202i
18+0i,27+0i,-1.30452336529415-7.60998708557494i
18+0i,28+0i,-5.28604510334256-1.86834637147536i
18+0i,29+0i,4.0927397285548+10.8455111808568i
18+0i,30+0i,2.35238941160924-3.48530719456623i
18+0i,31+0i,-5.81292684149854-0.85242079291986i
18+0i,32+0i,-3.54675804832721-1.33281819109749i
18+0i,33+0i,-0.8458841651784-13.7268273717522i
18+0i,34+0i,1.57259097384076-8.71481329543191i
18+0i,35+0i,9.20652955771962+1.71327883503854i
18+0i,36+0i,-5.10204928951485+3.27994350989095i
18+0i,37+0i,-10.8475149357911-1.3020977303177i
18+0i,38+0i,2.1284923496859-10.9586773769104i
18+0i,39+0i,11.7974226329026-7.1723745122821i
18+0i,40+0i,13.5501530794176-9.9032368175524i
18+0i,41+0i,-0.983026261720105+0.050275733007962i
18+0i,42+0i,0.65963784541719+7.3284901603149i
18+0i,43+0i,-3.67916056565331-4.46311886109435i
18+0i,44+0i,0.57930352771121+2.55547765066542i
18+0i,45+0i,6.61659700107916+1.01751393823332i
18+0i,46+0i,-1.14889487186195+0.86494212570268i
18+0i,47+0i,5.03491915632956-0.076405546414i
18+0i,48+0i,-1.45903166946398+1.34545101127318i
18+0i,49+0i,2.18177507295631-6.45866574731592i
18+0i,50+0i,1.3362828992006-13.9765127133694i
19+0i,-49+0i,-1.89498790789794-6.72985470387863i
19+0i,-48+0i,1.28785498879371+7.16882192959386i
19+0i,-47+0i,-1.24085880679005+9.87525416357226i
19+0i,-46+0i,-10.7224856047703-1.1152916231605i
19+0i,-45+0i,-3.0906947815334-0.46655524650813i
19+0i,-44+0i,6.3873515154893+4.59387570333846i
19+0i,-43+0i,-2.34455058436579-0.14868942221637i
19+0i,-42+0i,-4.37196156241441-0.20971354288188i
19+0i,-41+0i,-1.90673733438158+1.09328068910917i
19+0i,-40+0i,6.60890153176512-0.40750948776725i
19+0i,-39+0i,4.1269082704112-10.6898223885507i
19+0i,-38+0i,-3.74696474870957+0.26392523128768i
19+0i,-37+0i,5.36374056722375-2.68497126284245i
19+0i,-36+0i,-7.42949693950483-9.323537124519i
19+0i,-35+0i,-3.13138669507028+7.622373800064i
19+0i,-34+0i,1.55865747934589-2.68849780410194i
19+0i,-33+0i,-8.95816849133655+2.00336491642926i
19+0i,-32+0i,-6.0225757224157+10.6310700046484i
19+0i,-31+0i,-4.78421194753797+0.24713909961298i
19+0i,-30+0i,3.2378406918992-8.09314047760819i
19+0i,-29+0i,-2.23332802885863-8.24424680811227i
19+0i,-28+0i,1.56551893308097+0.49268772003839i
19+0i,-27+0i,0.45659710384556-3.0388845030953i
19+0i,-26+0i,-9.43084544906296+1.3621495390616i
19+0i,-25+0i,1.24703890621034-3.2305095693915i
19+0i,-24+0i,-3.9451870818012-10.5108774296594i
19+0i,-23+0i,2.93884348582184-0.71318412593448i
19+0i,-22+0i,4.37571171899694-5.83380718938864i
19+0i,-21+0i,-0.37684629768246+8.03349792404552i
19+0i,-20+0i,18.7451073380816+17.3621085244171i
19+0i,-19+0i,2.13416242230959-0.31048728001248i
19+0i,-18+0i,-2.9928251601866+15.3813610996173i
19+0i,-17+0i,8.1702398275599+14.8585658782733i
19+0i,-16+0i,-1.02965305262867+0.65433444888293i
19+0i,-15+0i,1.35280227878642+7.91773829069027i
19+0i,-14+0i,-18.6024801422683-2.1652265618582i
19+0i,-13+0i,-12.1027535388553-7.3691980133242i
19+0i,-12+0i,-19.4488855585305-19.3560244789993i
19+0i,-11+0i,-33.2878076739615-35.1074817521264i
19+0i,-10+0i,44.1328319839415-32.7894223139784i
19+0i,-9+0i,63.40285974648+0.4112324499049i
19+0i,-8+0i,24.7885174059228+42.9043400479825i
19+0i,-7+0i,-8.2579503016873+38.9517589423996i
19+0i,-6+0i,-7.8738542971739+5.49488735045091i
19+0i,-5+0i,4.1774427258692-44.4669625501887i
19+0i,-4+0i,-40.2052469432373-51.3335936425148i
19+0i,-3+0i,41.3315995066692-33.4215347158026i
19+0i,-2+0i,84.6070333092035+0.0791068593304i
19+0i,-1+0i,-42.0967034095997+94.9355230969417i
19+0i,0+0i,-39.5182593645315+88.1829888820346i
19+0i,1+0i,-44.810526853339-31.0620076941224i
19+0i,2+0i,-136.525035736801-50.260621033034i
19+0i,3+0i,-30.8617625638796+8.7924780740091i
19+0i,4+0i,82.2876806094277-19.8223931989002i
19+0i,5+0i,19.4968283579369-23.9036575759637i
19+0i,6+0i,6.6873088558333+34.8625825991663i
19+0i,7+0i,3.10226684985262+8.92030522335672i
19+0i,8+0i,-23.5745661888061+2.9582591073352i
19+0i,9+0i,14.3483189095043+15.1109965116559i
19+0i,10+0i,6.03570154029633-9.30085695675948i
19+0i,11+0i,-21.3194727393232-5.9137666154957i
19+0i,12+0i,-20.1383648786799-9.1191717977798i
19+0i,13+0i,-18.2979416320713-15.1079935336185i
19+0i,14+0i,-7.8237180301244-22.1943252849624i
19+0i,15+0i,-3.33276455411375-3.71242847285919i
19+0i,16+0i,0.4021023980903+19.0653683740798i
19+0i,17+0i,-3.34437954469848+1.52080711116392i
19+0i,18+0i,5.02363699549909+0.89418332665608i
19+0i,19+0i,3.80674469418265-1.35163580074409i
19+0i,20+0i,-2.91863694787809+5.41045784233484i
19+0i,21+0i,7.99879993052306+2.91853108654794i
19+0i,22+0i,-11.566063775613-16.4595829786095i
19+0i,23+0i,-0.19784618984406+8.84099792123823i
19+0i,24+0i,15.7719628270714+14.0244127152871i
19+0i,25+0i,-5.5149325853722+5.10964689624674i
19+0i,26+0i,-6.19754037568311+7.28737441182816i
19+0i,27+0i,-6.07602640840693-1.54896151415296i
19+0i,28+0i,3.95349191530022-6.85968757290744i
19+0i,29+0i,2.34939813317119+0.38900995426556i
19+0i,30+0i,2.1806356284836+11.9192730138623i
19+0i,31+0i,3.74919533181058-1.52762215744902i
19+0i,32+0i,-9.37357136335041-2.91466873462031i
19+0i,33+0i,-0.86159580363178-5.62299177050588i
19+0i,34+0i,-3.64910691907342-5.31774060366504i
19+0i,35+0i,0.26703771419933+4.85333557511566i
19+0i,36+0i,-6.79680939634123-5.16766740044977i
19+0i,37+0i,-6.10666984047902-2.79975387766791i
19+0i,38+0i,4.0951178876841-12.1746466760404i
19+0i,39+0i,-9.8829748685195-5.18077135504589i
19+0i,40+0i,9.05793368853706-1.07140036399587i
19+0i,41+0i,4.365792863777-13.404064529277i
19+0i,42+0i,-6.43417324629252-4.65816134515008i
19+0i,43+0i,2.32061171872607-5.56660574791133i
19+0i,44+0i,-0.81042316922705+3.24365465672492i
19+0i,45+0i,3.54879818665967-2.31174008476138i
19+0i,46+0i,7.73369064997603-4.65394413775795i
19+0i,47+0i,11.7161339962916+3.3500713798231i
19+0i,48+0i,-4.03662220709816-0.43598435103927i
19+0i,49+0i,-2.6189039608991+3.28970282174389i
19+0i,50+0i,7.50014215317736-6.59050054120126i
20+0i,-49+0i,8.83471330999954+7.00937198110012i
20+0i,-48+0i,-6.64614117543166+4.06165107477898i
20+0i,-47+0i,-19.8600474847255+9.2900259188368i
20+0i,-46+0i,-1.92423413166084-6.88212933260509i
20+0i,-45+0i,-12.3457483060619-4.2301448064073i
20+0i,-44+0i,1.7244159216831+13.1068034217826i
20+0i,-43+0i,0.68054335485408-6.27213436519117i
20+0i,-42+0i,-9.58610698983164-1.38318056731838i
20+0i,-41+0i,8.32772792758601-9.02896441057184i
20+0i,-40+0i,5.778647039036-4.26160767379159i
20+0i,-39+0i,2.21985728177827+7.67989284757i
20+0i,-38+0i,-5.16209591878072-3.36433334730561i
20+0i,-37+0i,4.86477553123894-1.84325406615473i
20+0i,-36+0i,2.31327742616708-9.15717814982074i
20+0i,-35+0i,-11.8451061703272+7.5770553996406i
20+0i,-34+0i,-0.9897906172833+15.2174650504858i
20+0i,-33+0i,-7.17043999100184-4.39051841912045i
20+0i,-32+0i,-8.77406953865838+0.8646107830705i
20+0i,-31+0i,2.75521519081259+2.7967204339464i
20+0i,-30+0i,2.40392854651824-7.04529622878183i
20+0i,-29+0i,-2.5258072004896-1.97836117763807i
20+0i,-28+0i,5.1156309929255+4.35269620336687i
20+0i,-27+0i,5.61392713327812+0.06622133200269i
20+0i,-26+0i,-5.41625115438152-0.32019993005454i
20+0i,-25+0i,-1.2668122043095+0.50984685174588i
20+0i,-24+0i,0.93526177108367-5.05350739748214i
20+0i,-23+0i,-2.95736465815138-4.11110638421234i
20+0i,-22+0i,4.163594630257+12.8527667622722i
20+0i,-21+0i,5.81643823289388+6.76198181769387i
20+0i,-20+0i,-12.5413294656751+1.4843191264874i
20+0i,-19+0i,-7.5782287903822+16.9353477352381i
20+0i,-18+0i,9.00938324778281+3.24880117776319i
20+0i,-17+0i,3.67819393052841-4.07140600713766i
20+0i,-16+0i,1.98869613783282-5.16750611180975i
20+0i,-15+0i,-10.5390487334402-6.5607379791558i
20+0i,-14+0i,-17.0803443016468-18.6214992438485i
20+0i,-13+0i,7.8086915309182-29.8591754396073i
20+0i,-12+0i,20.2002392164542+11.3691482277407i
20+0i,-11+0i,4.44557927265789-2.64397064028722i
20+0i,-10+0i,4.33228934129634-3.30411108504968i
20+0i,-9+0i,11.4367811901761+44.0097381424157i
20+0i,-8+0i,-8.4867306726091-17.9076443409774i
20+0i,-7+0i,0.649920026595-18.534163998533i
20+0i,-6+0i,4.134647320028+40.1016987971718i
20+0i,-5+0i,-20.5033646438162-4.8657327346079i
20+0i,-4+0i,24.1859393425244-28.6104334798706i
20+0i,-3+0i,41.8602938928459-10.1189898394288i
20+0i,-2+0i,-21.4152955118117+4.64032912262i
20+0i,-1+0i,-38.2512606398034-2.2101426019006i
20+0i,0+0i,12.0768478749587-20.7659326672323i
20+0i,1+0i,7.06298380776358-4.69895940609771i
20+0i,2+0i,-61.9766504653626+35.1799354715962i
20+0i,3+0i,0.9854055388036+42.547133818705i
20+0i,4+0i,52.6434049963621-15.9159934567533i
20+0i,5+0i,-28.2726049499465-20.4397112393867i
20+0i,6+0i,-39.4083449518644+14.4766863177685i
20+0i,7+0i,-10.5886528415215+29.8889781375564i
20+0i,8+0i,31.0573733049636+22.0830141295702i
20+0i,9+0i,26.9467244969294-27.5551694318232i
20+0i,10+0i,3.11218495811447+8.62256179641779i
20+0i,11+0i,30.2511075894442+26.4396341278027i
20+0i,12+0i,-17.9392293651055-11.7924236029766i
20+0i,13+0i,-14.0558502910439+10.4015352390757i
20+0i,14+0i,11.9637789694781+8.6392087988177i
20+0i,15+0i,-27.1221234217471+8.1415305615622i
20+0i,16+0i,-15.3583312331367+10.6415164754838i
20+0i,17+0i,-3.3554454442402+11.0565432017842i
20+0i,18+0i,13.1970636503108+7.3070384561731i
20+0i,19+0i,11.9704577406658-20.6119172372778i
20+0i,20+0i,-0.79490922617315+3.35474322519225i
20+0i,21+0i,3.90124250024316+8.57418725674957i
20+0i,22+0i,-10.2573328159684-8.9367395630547i
20+0i,23+0i,12.008141834907+7.4451361790621i
20+0i,24+0i,14.75664988648+8.3599192029344i
20+0i,25+0i,-2.44880886311722+3.72470657757522i
20+0i,26+0i,0.91591692162645+3.67598484744883i
20+0i,27+0i,-3.31807781950409+4.56182888469428i
20+0i,28+0i,12.6775994038652-2.799211412081i
20+0i,29+0i,2.91089661595711+4.46611909646156i
20+0i,30+0i,-5.8433633234059+15.2453443246016i
20+0i,31+0i,6.98861039549605-2.07260574659752i
20+0i,32+0i,-2.14486149364015+6.72371020296902i
20+0i,33+0i,-3.8480548662863+10.7313776692274i
20+0i,34+0i,-12.0066459464631-1.5958008956425i
20+0i,35+0i,-13.4530175463555-7.230195871926i
20+0i,36+0i,-6.8287508028945-14.1039540825685i
20+0i,37+0i,-2.04938489985154+3.54079744391247i
20+0i,38+0i,6.1453281824482+2.10870690805483i
20+0i,39+0i,-5.0555436396708-10.5505708093646i
20+0i,40+0i,-8.01319706536577-0.83917024871196i
20+0i,41+0i,3.00548766846714-1.74728526238017i
20+0i,42+0i,2.47487204870225-9.59802794468761i
20+0i,43+0i,-4.65444534204559-1.63835949536086i
20+0i,44+0i,-0.27298361633404-4.85322882037743i
20+0i,45+0i,1.0965615253807-12.3832487005582i
20+0i,46+0i,8.37616390491777+7.81785303478911i
20+0i,47+0i,13.8669245156491+3.5241491955963i
20+0i,48+0i,2.54905539325934-0.08583255866451i
20+0i,49+0i,3.07803671196949+3.52063696427659i
20+0i,50+0i,0.6347993544798-1.61790005438523i
21+0i,-49+0i,-4.02548945339001+9.90428791993055i
21+0i,-48+0i,-3.32741590453507-1.31566941719401i
21+0i,-47+0i,-11.9004532499356-5.9617650217973i
21+0i,-46+0i,-1.07292803683764+8.66752507476626i
21+0i,-45+0i,-3.69888083004041-0.90940666803492i
21+0i,-44+0i,-5.38778823275463+7.93548888178503i
21+0i,-43+0i,-1.45541299944029+1.14481896004042i
21+0i,-42+0i,-8.26954741265072-7.36317748395075i
21+0i,-41+0i,9.97908457988044-2.24901924900589i
21+0i,-40+0i,10.3687958110951-2.513257802116i
21+0i,-39+0i,-3.2593554802649+4.60789004052375i
21+0i,-38+0i,-0.81424341430321+2.04040302471347i
21+0i,-37+0i,6.01940608602134-1.16895097199793i
21+0i,-36+0i,3.00442543237478-1.56899439493741i
21+0i,-35+0i,-7.58410730640189+3.10437751096447i
21+0i,-34+0i,-10.5383431733606+6.7825771210765i
21+0i,-33+0i,-7.13883561929955+0.20702724014998i
21+0i,-32+0i,1.47048155369614-1.33578106170808i
21+0i,-31+0i,-0.92726962791898-1.20507300768363i
21+0i,-30+0i,1.29922521481671-3.15798198195491i
21+0i,-29+0i,9.17945510868225-2.71197771602434i
21+0i,-28+0i,5.67681076119745+0.61951317656521i
21+0i,-27+0i,5.5211023857843+1.29238845638037i
21+0i,-26+0i,-6.32669217281003-4.50761018088992i
21+0i,-25+0i,-13.5285021756398-5.9131009755632i
21+0i,-24+0i,1.55669418027992-1.33673949078189i
21+0i,-23+0i,5.14271644713664+3.25490001355083i
21+0i,-22+0i,0.74301188959377+5.31683126596401i
21+0i,-21+0i,-4.2315134471812-4.15441393273554i
21+0i,-20+0i,-4.71973400832496+4.16231869252105i
21+0i,-19+0i,-1.4196079963687+16.1295317777688i
21+0i,-18+0i,-7.83289204141978+0.87860477148161i
21+0i,-17+0i,6.08097887213086-6.94106082840573i
21+0i,-16+0i,2.7629791528596-17.0467727845369i
21+0i,-15+0i,-8.49065420191612-4.06473931212213i
21+0i,-14+0i,20.4910288066036+5.7407584831007i
21+0i,-13+0i,10.1659710796865-8.3166606089082i
21+0i,-12+0i,2.7065831034368+32.1963181092238i
21+0i,-11+0i,-0.8523855570681+25.9781602623748i
21+0i,-10+0i,-43.0472271304684-6.0290216727344i
21+0i,-9+0i,-15.442436633653+9.6478670823242i
21+0i,-8+0i,-1.9846911427083-14.6583234883462i
21+0i,-7+0i,-23.7499509103154+20.025354844779i
21+0i,-6+0i,10.5093845057883+17.8483140426364i
21+0i,-5+0i,12.4164035373019-64.3936267262182i
21+0i,-4+0i,10.615698133426+6.8957861336481i
21+0i,-3+0i,9.9396955847303+25.0112278890657i
21+0i,-2+0i,0.7158694248148-56.0527397005256i
21+0i,-1+0i,42.8001824246306-9.0514070241063i
21+0i,0+0i,24.1518575301837+21.847123508018i
21+0i,1+0i,-4.0465248367284+12.0936703469499i
21+0i,2+0i,37.5811901731503+37.5110456929144i
21+0i,3+0i,9.858773750165+18.2301603246213i
21+0i,4+0i,-68.7436253997402-9.3787303372227i
21+0i,5+0i,-54.5747256383527+9.0359082953087i
21+0i,6+0i,20.0008937564483+6.0028878456873i
21+0i,7+0i,16.4092926561244-19.3996264106426i
21+0i,8+0i,-4.7840360835195-12.8782951666698i
21+0i,9+0i,21.292847013855-6.6881138611551i
21+0i,10+0i,19.9188432941296-4.8365472840535i
21+0i,11+0i,5.00762584822197-0.00421747267468i
21+0i,12+0i,13.0280596803288-17.2262199801257i
21+0i,13+0i,21.5296529397489-27.0845223677851i
21+0i,14+0i,6.52448324862543+0.83327684104254i
21+0i,15+0i,9.1559556015532+17.1201635626348i
21+0i,16+0i,11.5115220194166+11.633219960412i
21+0i,17+0i,-12.5440007722371+19.183888481506i
21+0i,18+0i,-3.32904248752968-0.51577274864338i
21+0i,19+0i,5.7448079174396-13.4397300844549i
21+0i,20+0i,-1.7706691954571+0.75143419576109i
21+0i,21+0i,2.45262963955472-0.08853914214757i
21+0i,22+0i,5.44678251528032-0.76816969279445i
21+0i,23+0i,-2.23052028228964-4.05776474911701i
21+0i,24+0i,-4.86586512740766+3.79668015749537i
21+0i,25+0i,8.72543388606759-5.47603824679249i
21+0i,26+0i,4.1781328619674-17.4894427683745i
21+0i,27+0i,2.95605159028748+8.38426187688647i
21+0i,28+0i,14.135387726012+12.1244282646443i
21+0i,29+0i,2.98531267958775+8.04333001063591i
21+0i,30+0i,-6.18544361844188+8.35455834559795i
21+0i,31+0i,1.19849634413715+2.87454765476035i
21+0i,32+0i,4.77471276105708+0.71812627929345i
21+0i,33+0i,-8.06281992160062-6.0300886480046i
21+0i,34+0i,-5.29967926194833+1.82282280888776i
21+0i,35+0i,8.72720036731392-0.02457199164242i
21+0i,36+0i,-0.61188873050548-2.46594895627335i
21+0i,37+0i,-8.72674674780846+6.47622582255296i
21+0i,38+0i,-6.34592154228693+4.11411287376099i
21+0i,39+0i,4.77128536687977-1.44361100776293i
21+0i,40+0i,1.9577952461327-12.1183531356614i
21+0i,41+0i,-1.82652564595597-0.14394064997272i
21+0i,42+0i,4.95962293528823+1.09764133424663i
21+0i,43+0i,-12.0330551646939-6.5519588075824i
21+0i,44+0i,4.95062842043899+2.63792191330713i
21+0i,45+0i,13.1622857122891-11.6262413219345i
21+0i,46+0i,-6.70941058121257+0.12230026377914i
21+0i,47+0i,9.95219286514451+7.64058927967085i
21+0i,48+0i,7.07766694805827-0.21465193669716i
21+0i,49+0i,6.11625809014487+3.97017731930444i
21+0i,50+0i,5.38984148771554-3.41322942772749i
22+0i,-49+0i,-5.09916617180664-3.33213384290153i
22+0i,-48+0i,-0.30720224738603-7.01806422574335i
22+0i,-47+0i,0.94392294864908-6.03258940106254i
22+0i,-46+0i,-0.85881530577615+1.14742945152383i
22+0i,-45+0i,-1.88949427874199+1.84066531696098i
22+0i,-44+0i,0.22505219941614+8.51152000322212i
22+0i,-43+0i,-0.23014178921876+4.63605202695242i
22+0i,-42+0i,-1.39976840887543-2.05486438122493i
22+0i,-41+0i,5.16909671776655+4.57595432501675i
22+0i,-40+0i,2.19124212616042+6.036753124232i
22+0i,-39+0i,-1.67458606191692-2.11683064045974i
22+0i,-38+0i,-2.86028386991413-6.8932825543724i
22+0i,-37+0i,0.98972696386266-6.38292493049619i
22+0i,-36+0i,-0.73005299854556-5.86908140227993i
22+0i,-35+0i,-5.10533393368003+4.66777658601481i
22+0i,-34+0i,-0.27382183388233+1.37453692151977i
22+0i,-33+0i,-7.1091890299641-10.903646713037i
22+0i,-32+0i,-2.67887627068169+0.45039934771264i
22+0i,-31+0i,5.67584859683329+7.17721628592885i
22+0i,-30+0i,3.10946710789666-0.75525470149143i
22+0i,-29+0i,5.4863754985658-2.78293347264738i
22+0i,-28+0i,-1.43292378076191-5.68809423936536i
22+0i,-27+0i,-5.63172400328387-8.01442646194512i
22+0i,-26+0i,-8.33302370444622+0.25994575396148i
22+0i,-25+0i,-11.6676071743708+0.5109774847597i
22+0i,-24+0i,1.92512512956289-5.92173498293309i
22+0i,-23+0i,-0.30350190845572-6.05641635730435i
22+0i,-22+0i,-12.0449680477204-2.4565812733461i
22+0i,-21+0i,-0.42885272480619-3.28377723270646i
22+0i,-20+0i,1.92494284165674+0.11606412817644i
22+0i,-19+0i,5.2318360242251+11.9416285085248i
22+0i,-18+0i,10.8745710268904-2.4777613519261i
22+0i,-17+0i,-0.6955610100816+5.40120874139112i
22+0i,-16+0i,7.1135090466142+20.5789104575845i
22+0i,-15+0i,2.53585119559197+3.19816805188993i
22+0i,-14+0i,-5.4500861865834+15.3054425156212i
22+0i,-13+0i,-3.86091622599721-7.95716223194667i
22+0i,-12+0i,-20.2317884725418+0.2977650776912i
22+0i,-11+0i,-11.2881029017899+35.2656881277655i
22+0i,-10+0i,-12.2025435310246-26.9404207368454i
22+0i,-9+0i,8.38420584859746-5.15833305664767i
22+0i,-8+0i,23.2297017975498+30.1517348697981i
22+0i,-7+0i,-19.1196238018139-5.1718458767186i
22+0i,-6+0i,4.07355673158288+8.80841396237446i
22+0i,-5+0i,-6.37508025609+0.5596152334976i
22+0i,-4+0i,-22.2711113786895+2.7872032723398i
22+0i,-3+0i,27.8674245224974-3.2176738336385i
22+0i,-2+0i,21.121554079355+5.0750835288772i
22+0i,-1+0i,25.8784208531996+39.9426165740428i
22+0i,0+0i,-18.0738548298118-32.112775184541i
22+0i,1+0i,-22.2464526924405-59.583341009775i
22+0i,2+0i,73.0828252970753+3.6102344438648i
22+0i,3+0i,10.4533181871674+45.4150356802615i
22+0i,4+0i,-51.636194767868+21.8297560140153i
22+0i,5+0i,-0.7041057787861-49.4323576871571i
22+0i,6+0i,11.0405815868528-22.8551878892239i
22+0i,7+0i,8.7507473891872+20.6165101125495i
22+0i,8+0i,3.2663699370189-11.3592036510621i
22+0i,9+0i,-16.3930245269083-6.1716064807198i
22+0i,10+0i,0.10373363905021+9.41749181667205i
22+0i,11+0i,31.3106408829173-10.5103359511687i
22+0i,12+0i,4.914079239007-5.02072801620207i
22+0i,13+0i,-20.1526357757473-7.0454647118355i
22+0i,14+0i,-13.0031392177479-20.8445654859307i
22+0i,15+0i,-9.22650412376206-7.70884493214717i
22+0i,16+0i,-1.6120519947254-18.7135951139667i
22+0i,17+0i,2.77417379452307-7.99710400272121i
22+0i,18+0i,13.1531068034133+16.3219329242793i
22+0i,19+0i,-0.159603415265564+0.803937144183242i
22+0i,20+0i,-15.3430775304777-3.3860330408356i
22+0i,21+0i,-3.24924479999953-3.02016416445425i
22+0i,22+0i,1.48937819913271-1.51372380841198i
22+0i,23+0i,1.94382914749498-8.79446598282182i
22+0i,24+0i,-8.70705308099363-8.00066152066009i
22+0i,25+0i,-1.63564658546983+2.63730434267481i
22+0i,26+0i,12.3045953301049-6.2470313562223i
22+0i,27+0i,-0.7942819103992+5.0243086789228i
22+0i,28+0i,-1.31095811358622+7.13546071137306i
22+0i,29+0i,9.15926587299248-0.34764597518527i
22+0i,30+0i,1.06521311050799+2.43399497908855i
22+0i,31+0i,-5.93091387911351+2.21164114930061i
22+0i,32+0i,8.20553083344351+3.0209168424763i
22+0i,33+0i,3.377165180405-12.5576961648771i
22+0i,34+0i,-1.07635271855998-5.33141638324714i
22+0i,35+0i,10.0995736067772+10.1583601245163i
22+0i,36+0i,-2.17402096687646+5.25071856701127i
22+0i,37+0i,-3.92298913449842+4.33308624344542i
22+0i,38+0i,-5.16986749477884-1.23994396987513i
22+0i,39+0i,-6.95705362087562-5.54227236691806i
22+0i,40+0i,0.1406869267741-11.2180981128739i
22+0i,41+0i,-4.90826533711825-0.92628305531519i
22+0i,42+0i,5.42318199424939-4.76245920702844i
22+0i,43+0i,1.397383466177-21.8205068024911i
22+0i,44+0i,1.045253677268+3.90133440753214i
22+0i,45+0i,17.4260806968931+2.5215183109013i
22+0i,46+0i,3.7163300910155-8.38885524258714i
22+0i,47+0i,-3.60216047761156+7.58498384391402i
22+0i,48+0i,-0.21505235840402+4.06148498693763i
22+0i,49+0i,4.90266256663008+1.59009203732412i
22+0i,50+0i,4.05308699000185-0.06954868404642i
23+0i,-49+0i,-2.1137368834824-3.15847935410858i
23+0i,-48+0i,-0.17429081898974-4.8190738195964i
23+0i,-47+0i,-3.08840607535229-8.95486285443438i
23+0i,-46+0i,-3.96448971978763-6.10012378794971i
23+0i,-45+0i,-1.61975456010419-0.54306842361831i
23+0i,-44+0i,0.86319590205025+4.51046316892369i
23+0i,-43+0i,0.80821468670229+4.73950366371196i
23+0i,-42+0i,-2.46649812800464+1.46343859523129i
23+0i,-41+0i,5.0074836819917+4.75524790032299i
23+0i,-40+0i,2.03732456101437-5.9715166290941i
23+0i,-39+0i,-8.93279430742879-5.19134774215745i
23+0i,-38+0i,2.82284939660582+2.99308498071501i
23+0i,-37+0i,0.9666361938558-12.8745657209826i
23+0i,-36+0i,-3.97269787335011-6.7480177367323i
23+0i,-35+0i,0.25686949496482+5.59612759355247i
23+0i,-34+0i,-6.8288519487629-0.85347750917683i
23+0i,-33+0i,-4.1914397062907-10.2441411481904i
23+0i,-32+0i,-2.61680344444684-2.5559098046893i
23+0i,-31+0i,4.9487522665299+15.4370697937088i
23+0i,-30+0i,4.85641779449813+3.24769036553611i
23+0i,-29+0i,-11.0386415546133+0.194919524042i
23+0i,-28+0i,-6.9235186643475-3.90879764000323i
23+0i,-27+0i,2.5703333572913-15.6580717108997i
23+0i,-26+0i,5.52201107631011+3.19830602241708i
23+0i,-25+0i,-14.0239676355659+5.8271433379338i
23+0i,-24+0i,-18.7723552884914+0.9260460728498i
23+0i,-23+0i,-3.67949957869568-4.75345231450346i
23+0i,-22+0i,-15.9556673429506-7.6563487341037i
23+0i,-21+0i,-3.46984615428136+4.22188535982028i
23+0i,-20+0i,7.00135303165306-6.0652080024708i
23+0i,-19+0i,-2.68521142788301-4.70613733801526i
23+0i,-18+0i,12.2367833135541-0.9462805932284i
23+0i,-17+0i,20.210923312151-3.9359478919958i
23+0i,-16+0i,13.4117706130181+19.8061875282486i
23+0i,-15+0i,-7.6330234895421+21.801488959178i
23+0i,-14+0i,-18.2465528987217-5.2010049777905i
23+0i,-13+0i,-8.3332991962709-24.0371017339373i
23+0i,-12+0i,14.4101553477656-8.3729763354585i
23+0i,-11+0i,36.3836777117188+22.5355665787362i
23+0i,-10+0i,6.993250107616+27.1236229025763i
23+0i,-9+0i,-16.9168967573003+16.0890370425149i
23+0i,-8+0i,-12.298815283712-5.217879791374i
23+0i,-7+0i,8.61605949613505-8.09738560642857i
23+0i,-6+0i,6.479951434577+22.1396812436824i
23+0i,-5+0i,-52.5879188227631+49.7613318980985i
23+0i,-4+0i,-16.7350245014228+24.1916779971346i
23+0i,-3+0i,-3.5742162881184-29.6176760174003i
23+0i,-2+0i,-64.0647166692003-22.373327840178i
23+0i,-1+0i,16.2288251969056-25.9336982762533i
23+0i,0+0i,44.8942109306145-51.5883247522687i
23+0i,1+0i,6.2027508817577-10.8932448422723i
23+0i,2+0i,67.0235803315016+29.3215774009678i
23+0i,3+0i,45.7896647768136+27.211321741475i
23+0i,4+0i,-38.812377167871+8.1168619148772i
23+0i,5+0i,-20.2159906815783-7.9462081120683i
23+0i,6+0i,10.5809082765112-12.4438772303971i
23+0i,7+0i,-14.2910119550177+6.3430878947222i
23+0i,8+0i,-3.609890089707+18.3352812410423i
23+0i,9+0i,7.29311506774135-3.55001004356177i
23+0i,10+0i,-2.18509928630391-2.14518725856023i
23+0i,11+0i,7.6860971095497+0.71232039981667i
23+0i,12+0i,-5.69810946705111+4.3789745884689i
23+0i,13+0i,5.02276773138482+3.04812553519963i
23+0i,14+0i,-4.42358711461148-3.81280999789597i
23+0i,15+0i,-40.6195935634264+19.8109203308088i
23+0i,16+0i,-12.6520110194993-10.5234285104051i
23+0i,17+0i,0.8793065203233-27.3724080479041i
23+0i,18+0i,-0.812607140819299-0.700718972297465i
23+0i,19+0i,11.9625855365369-2.5179038526015i
23+0i,20+0i,5.0449870862955+12.6618117420483i
23+0i,21+0i,-9.49577193241747+6.31437591966733i
23+0i,22+0i,-7.93762506125592-3.94970514600706i
23+0i,23+0i,5.3494511968707+2.55342070985317i
23+0i,24+0i,2.60162645236818-3.16098973455002i
23+0i,25+0i,0.07407133323002+3.35862720514859i
23+0i,26+0i,-2.44162062509724+4.89513659524682i
23+0i,27+0i,-4.96569626286593-0.24244830742902i
23+0i,28+0i,-3.73005396187229-2.79492240091586i
23+0i,29+0i,-1.06627862553707+4.62394358377013i
23+0i,30+0i,5.57891433900205-2.5700908580179i
23+0i,31+0i,2.8375193560692-11.7708848640289i
23+0i,32+0i,13.246865823196+5.8821175756622i
23+0i,33+0i,11.9849266996721+4.3517813717925i
23+0i,34+0i,-5.30906470894246+3.30192370664483i
23+0i,35+0i,-9.7830104329306+6.52111030577756i
23+0i,36+0i,-12.7831584833921-5.5825238887652i
23+0i,37+0i,-4.26343066704255-6.84903962497166i
23+0i,38+0i,-0.97543887070416-1.80442563310153i
23+0i,39+0i,2.8230198433116-4.07698885710361i
23+0i,40+0i,0.0553519433318-12.97616387193i
23+0i,41+0i,-15.5265223747005-5.4006187653437i
23+0i,42+0i,4.23411642192227+3.56122330866383i
23+0i,43+0i,16.5746304450841-10.4284322257683i
23+0i,44+0i,-4.8295790639493-12.7659834694579i
23+0i,45+0i,-3.49806903959112+1.3846095675179i
23+0i,46+0i,11.3528005411347+4.3472886944217i
23+0i,47+0i,3.21716538345409+0.50201162497646i
23+0i,48+0i,-4.93041368396522+3.4790610219145i
23+0i,49+0i,1.09786314081888+5.64955540325344i
23+0i,50+0i,0.081176050762751+0.318047828563252i
24+0i,-49+0i,2.21830742554883-7.04889460513624i
24+0i,-48+0i,0.7004209891619+3.22295373017301i
24+0i,-47+0i,8.79066956375014-4.89910392075923i
24+0i,-46+0i,-6.54056601395161-7.38184492560926i
24+0i,-45+0i,-4.59890264825552+5.06495276055454i
24+0i,-44+0i,0.1128415545356-1.98706148350009i
24+0i,-43+0i,-0.05571335180842+6.28507931801921i
24+0i,-42+0i,-5.55488531647506+1.69125364495108i
24+0i,-41+0i,-7.87148712442217+2.33428817193025i
24+0i,-40+0i,13.1684957903111-2.067461992994i
24+0i,-39+0i,0.520734869367-12.8279311072092i
24+0i,-38+0i,-1.75835268982914+9.26120819392627i
24+0i,-37+0i,9.55719107167041+4.30549797431077i
24+0i,-36+0i,-8.95361336831979-5.15416210702041i
24+0i,-35+0i,-12.7689390693243+2.0660967985297i
24+0i,-34+0i,-0.80297727318955-3.2142203363643i
24+0i,-33+0i,-3.31450495519521-2.69587884183739i
24+0i,-32+0i,-12.1918849892858+11.7242816206107i
24+0i,-31+0i,-3.12468149518856+7.78028594379561i
24+0i,-30+0i,-8.08755106837841-9.31625512371692i
24+0i,-29+0i,-1.03167275006677-8.385507797212i
24+0i,-28+0i,15.8566830383254-12.774161965778i
24+0i,-27+0i,8.01791935558805-6.19031757509076i
24+0i,-26+0i,6.30778608856101+3.55985850299544i
24+0i,-25+0i,-10.9234599475635+3.639593220543i
24+0i,-24+0i,-10.9186970407643+3.1033029587404i
24+0i,-23+0i,-1.13507172567073+3.44889019010249i
24+0i,-22+0i,-8.41831004753619+9.2674072672755i
24+0i,-21+0i,-11.5229205670061-6.0643826546536i
24+0i,-20+0i,-6.92109640657646-2.2391098896964i
24+0i,-19+0i,9.32031800311358-4.87402460481204i
24+0i,-18+0i,-5.3198457525262-14.8048092160212i
24+0i,-17+0i,3.38488702690421+1.69747025332149i
24+0i,-16+0i,16.1840054206229-5.7133089925992i
24+0i,-15+0i,-4.11811452338171-2.73255459743673i
24+0i,-14+0i,7.39432146601246-6.12908015569517i
24+0i,-13+0i,8.16616869125501-6.79003280474019i
24+0i,-12+0i,20.3427542938563+1.9860297326025i
24+0i,-11+0i,22.73029466064+7.8446458535626i
24+0i,-10+0i,-12.3845899071877+41.4863701124935i
24+0i,-9+0i,-14.709354449721+14.3532022023448i
24+0i,-8+0i,-20.3111432055844-7.5102098301756i
24+0i,-7+0i,-22.7038528809473+11.4384167170913i
24+0i,-6+0i,-2.6730683111391-11.5879434403885i
24+0i,-5+0i,-7.65626449438-12.917277540079i
24+0i,-4+0i,-24.3973287604139+2.646505132257i
24+0i,-3+0i,-21.730117531969+10.0788377186817i
24+0i,-2+0i,-10.4981022263711-5.8747531362771i
24+0i,-1+0i,15.0674224066851-18.9583287705628i
24+0i,0+0i,25.0638427631799+28.7362664747378i
24+0i,1+0i,-2.514780599198+39.8739487460642i
24+0i,2+0i,22.4337372292377-13.792440972157i
24+0i,3+0i,27.6432713988121-19.3833751653954i
24+0i,4+0i,-43.7159290001474+31.3655671598992i
24+0i,5+0i,-28.2664353917484+20.2447791362137i
24+0i,6+0i,33.0554459194399-27.812085750732i
24+0i,7+0i,21.8818383705538-10.3252075500581i
24+0i,8+0i,-7.50541898372672+1.88230439914349i
24+0i,9+0i,-3.69996497326619+1.46038403083067i
24+0i,10+0i,18.1936074674596+14.9969440584661i
24+0i,11+0i,17.0629673200447-5.3349100697557i
24+0i,12+0i,-0.068522343943764-0.452946080842892i
24+0i,13+0i,0.6311186581431+18.8435734526657i
24+0i,14+0i,12.4150932238019-3.2782678627843i
24+0i,15+0i,9.61385054024664-0.9427294511446i
24+0i,16+0i,0.7608360515692+17.5848782013681i
24+0i,17+0i,-2.65354836620631+4.07394345716104i
24+0i,18+0i,-11.1252575052537-8.1070954998305i
24+0i,19+0i,-0.91415767305083+0.630194598508973i
24+0i,20+0i,8.04393964241582+8.46742862911329i
24+0i,21+0i,-6.59196377660498+5.6866615005048i
24+0i,22+0i,1.63287857746759+2.82730024629424i
24+0i,23+0i,6.94681708503192-4.16350098224445i
24+0i,24+0i,-2.75872173343949-5.48903025193085i
24+0i,25+0i,3.56526339491489+1.70621567551063i
24+0i,26+0i,-0.899681914474986+0.94646482311098i
24+0i,27+0i,-4.88114434201939+0.88685307138554i
24+0i,28+0i,-5.62236765150053-3.34201207126325i
24+0i,29+0i,-2.82753252516795-2.48582738261055i
24+0i,30+0i,16.2846550434666+2.6949653676891i
24+0i,31+0i,11.1504807078158+1.078837849985i
24+0i,32+0i,5.71409675097731+6.82239950353464i
24+0i,33+0i,3.1637672482218-1.95564918993839i
24+0i,34+0i,-12.1557027776825-4.0453712212808i
24+0i,35+0i,-1.5716852727244+11.4744322108412i
24+0i,36+0i,-1.89283786123364+4.07488506687505i
24+0i,37+0i,-9.71028232554344-6.19664261590907i
24+0i,38+0i,-2.11845648786523-9.41394521181577i
24+0i,39+0i,-1.50028585428658-2.98344102975301i
24+0i,40+0i,11.0720649906516+1.0245897358456i
24+0i,41+0i,5.67437388323819-8.93355532062982i
24+0i,42+0i,-8.9389176985917+4.79374416643094i
24+0i,43+0i,1.77704650820021+7.91153943332825i
24+0i,44+0i,-0.64490083553738-2.7382033146755i
24+0i,45+0i,0.0308973581627+1.01977419141908i
24+0i,46+0i,0.38164148692916-5.86119367167104i
24+0i,47+0i,-4.37898980303663+0.60930053839148i
24+0i,48+0i,2.4746769090419+1.90190319872915i
24+0i,49+0i,-2.4276600903547-2.38376313057051i
24+0i,50+0i,3.29701951375805+0.38302088561604i
25+0i,-49+0i,11.8726439351791-8.449394598864i
25+0i,-48+0i,3.80349299428266+3.4744724156844i
25+0i,-47+0i,8.45359497869163+4.8626824788382i
25+0i,-46+0i,3.02371047759066-5.81541887629284i
25+0i,-45+0i,-8.14266172463078-6.97189855278329i
25+0i,-44+0i,-2.69856998736245+3.30349445449875i
25+0i,-43+0i,7.48586666538496+8.93926233475992i
25+0i,-42+0i,-6.21266923900882-0.02137052443529i
25+0i,-41+0i,-1.13920357901424+3.78396841011101i
25+0i,-40+0i,12.1474379254529+6.7522875823969i
25+0i,-39+0i,-0.82024407435804-2.91830515034143i
25+0i,-38+0i,2.48957102703944-4.87862592503903i
25+0i,-37+0i,-0.83897070953001+8.06576372788225i
25+0i,-36+0i,-2.51368693333109+1.16471633098437i
25+0i,-35+0i,-4.4699033507689-11.6036848762116i
25+0i,-34+0i,-3.9888694491814+12.0071572794553i
25+0i,-33+0i,2.99240554813736-1.95062802259191i
25+0i,-32+0i,-18.3078758391807-3.3917712673231i
25+0i,-31+0i,-2.0045616955347+15.4817346745673i
25+0i,-30+0i,4.0098138068207-17.6349101799627i
25+0i,-29+0i,-3.4540528493766-13.2220811545603i
25+0i,-28+0i,15.6139319826072-3.819021208777i
25+0i,-27+0i,3.5465099053774-11.4455671831277i
25+0i,-26+0i,9.12560171912994-1.0230570670243i
25+0i,-25+0i,4.0078431372543+3.05098039215686i
25+0i,-24+0i,-11.2648885935008+2.2626017840112i
25+0i,-23+0i,-1.61025855174869-5.39512512530888i
25+0i,-22+0i,-13.7912281169183+1.7780995019766i
25+0i,-21+0i,-14.5168770325254+5.4927044329496i
25+0i,-20+0i,5.1990269957871-2.72861972588035i
25+0i,-19+0i,1.4048855392889-11.8227474222125i
25+0i,-18+0i,-14.2625193418039-8.8499023500664i
25+0i,-17+0i,-1.63468734094322+0.69730636803347i
25+0i,-16+0i,13.485322153566-2.7363480459503i
25+0i,-15+0i,4.83734531481276-4.92695288535672i
25+0i,-14+0i,-8.749811363661-12.0396077319704i
25+0i,-13+0i,0.786803000919184-0.888148266952024i
25+0i,-12+0i,5.3686407932642+1.51529882067789i
25+0i,-11+0i,-5.48415920657135-0.84593437265369i
25+0i,-10+0i,12.1421900956435+11.7406207746104i
25+0i,-9+0i,3.60245450835791+8.4333218620195i
25+0i,-8+0i,-9.4030853052433+12.1622422227337i
25+0i,-7+0i,-9.44093549718125-2.22355563266187i
25+0i,-6+0i,-16.2492966985921-11.9830431768175i
25+0i,-5+0i,-10.0860249759405-15.1993750756473i
25+0i,-4+0i,-17.2174225384645-10.3380128756505i
25+0i,-3+0i,17.1267992155299+29.7588181424086i
25+0i,-2+0i,10.0045734074621+26.8204645336785i
25+0i,-1+0i,-39.1236698021187+20.9933464044296i
25+0i,0+0i,-14.0039215686292+28.5607843137256i
25+0i,1+0i,-15.5433635980141-15.3431317019459i
25+0i,2+0i,-7.9185882749149-40.1418303293765i
25+0i,3+0i,29.4698062356177+19.0128677391413i
25+0i,4+0i,9.1365404395833+47.0555778356079i
25+0i,5+0i,-11.2549926820442-18.2112889774679i
25+0i,6+0i,13.4803099284718-37.1306342584787i
25+0i,7+0i,20.7500502898097-3.5231480429662i
25+0i,8+0i,2.612101844859+11.2751268667962i
25+0i,9+0i,19.0687708132854+1.4862174092752i
25+0i,10+0i,14.123600628027-0.8804136013169i
25+0i,11+0i,8.3831130359242+22.1807000391353i
25+0i,12+0i,9.66613340428339+7.12703539984551i
25+0i,13+0i,-21.9319723885575-3.9384518645097i
25+0i,14+0i,4.19015510894414-3.35608372932912i
25+0i,15+0i,18.9313111845791-9.2447487960298i
25+0i,16+0i,-3.28546406846264-1.44780488333081i
25+0i,17+0i,5.63927601804394-9.97909637352379i
25+0i,18+0i,3.60205462710972+0.54641106131838i
25+0i,19+0i,1.63646880154093+3.86193507288348i
25+0i,20+0i,2.3513357460118+4.22935451333159i
25+0i,21+0i,-5.27311039562932+9.28036827680092i
25+0i,22+0i,-7.0966970521515-10.7765746657517i
25+0i,23+0i,3.89183502346532-3.9758637254998i
25+0i,24+0i,8.02051753529125-3.40749245646186i
25+0i,25+0i,4.39215686274473-5.35686274509808i
25+0i,26+0i,-0.52236318126686+7.14996011177938i
25+0i,27+0i,-12.195116040786+2.1284065335509i
25+0i,28+0i,-0.01018417948058-7.58296995605993i
25+0i,29+0i,9.57016235947859-1.86204664897247i
25+0i,30+0i,13.3204739008811+13.8335265360809i
25+0i,31+0i,5.42574584224144+4.67860638223996i
25+0i,32+0i,-8.47560167768587+6.78599739551754i
25+0i,33+0i,4.7383925287906+0.22942881322236i
25+0i,34+0i,-1.306734141488-14.9048947212718i
25+0i,35+0i,1.30914022187523+6.36504203230349i
25+0i,36+0i,2.08505835621318+5.42467417078073i
25+0i,37+0i,-4.95631861685715+1.75391030865211i
25+0i,38+0i,11.8549976261567-1.2451774070889i
25+0i,39+0i,-0.04252880268239-9.71866499659536i
25+0i,40+0i,-3.69387909862364+3.16658547328904i
25+0i,41+0i,3.38269461437957+2.77705971759233i
25+0i,42+0i,0.91409747202828-2.53980236644198i
25+0i,43+0i,7.34182013502787-6.78204689944044i
25+0i,44+0i,0.488661613966365+0.387581931735962i
25+0i,45+0i,4.4757860121184+10.0987894841341i
25+0i,46+0i,7.41370546505049-3.51763798627433i
25+0i,47+0i,-4.12960882669817-3.8189512649061i
25+0i,48+0i,-9.10362199520718+0.70616969213155i
25+0i,49+0i,-6.4304599863513-3.79552068085875i
25+0i,50+0i,10.4039215686297-7.0392156862746i
26+0i,-49+0i,7.19978249887491+5.92455430318554i
26+0i,-48+0i,5.32828447073647+0.40787972969011i
26+0i,-47+0i,-7.9229871985868-0.94614286555904i
26+0i,-46+0i,-4.22378180408124-5.81526460568565i
26+0i,-45+0i,1.9181379811624-19.1417816897063i
26+0i,-44+0i,2.73007779884243-2.21800810753171i
26+0i,-43+0i,11.3023551573197+3.4742763970691i
26+0i,-42+0i,1.19973976149108-4.41872073647498i
26+0i,-41+0i,1.79452057737965+7.75998372720752i
26+0i,-40+0i,13.5375593609299+3.2185447976948i
26+0i,-39+0i,0.05102280710142-3.47723863643745i
26+0i,-38+0i,1.20529778892047+4.45129367128561i
26+0i,-37+0i,2.06297727333979+0.44835256554942i
26+0i,-36+0i,2.98928057535987-4.69748171906705i
26+0i,-35+0i,5.63274855461956-5.89492760849337i
26+0i,-34+0i,-10.4245861189218+7.4232367121616i
26+0i,-33+0i,0.597838593312945+0.92884288835057i
26+0i,-32+0i,-6.1468605051664-7.68350427036744i
26+0i,-31+0i,-6.33848790115455+6.87524324784555i
26+0i,-30+0i,12.8466685610758-11.3219481497117i
26+0i,-29+0i,-3.68620943511703-1.61690910846458i
26+0i,-28+0i,-1.6363296867087+10.4331465822363i
26+0i,-27+0i,-1.687060038121-11.357522946018i
26+0i,-26+0i,-0.72985090048314-8.03136955442104i
26+0i,-25+0i,1.4217155255401-13.9032654448622i
26+0i,-24+0i,-16.719857421985-12.5110002363625i
26+0i,-23+0i,-6.7661416597032+3.74225425037331i
26+0i,-22+0i,-2.13847119498465+2.18983997050313i
26+0i,-21+0i,-9.58168789994948-7.49812625437477i
26+0i,-20+0i,-0.96758982281348-9.13087469395215i
26+0i,-19+0i,2.8810835493692-4.40387060160532i
26+0i,-18+0i,2.69396197679168-3.00085406531396i
26+0i,-17+0i,5.65045852397452+7.63061477879513i
26+0i,-16+0i,5.4095251044948+11.840213948404i
26+0i,-15+0i,-8.88136535706721-2.65755648885477i
26+0i,-14+0i,-21.5597773535004-6.652749191342i
26+0i,-13+0i,3.11184112565222+7.6061193682402i
26+0i,-12+0i,11.7706627766844+1.8878856724774i
26+0i,-11+0i,-8.72632381708562-9.79190328381336i
26+0i,-10+0i,5.23730598538843+3.79915679137604i
26+0i,-9+0i,11.3344263947967+4.4942294551804i
26+0i,-8+0i,5.98754427396166-6.41559531752101i
26+0i,-7+0i,0.90185091913113+9.00863643839117i
26+0i,-6+0i,-11.1683512505653+24.8938854918535i
26+0i,-5+0i,-6.35250873472718+7.98579884362204i
26+0i,-4+0i,-22.9628205640673-7.8098133710185i
26+0i,-3+0i,-32.0202714386597-11.6548356529552i
26+0i,-2+0i,-12.0592572948887-21.0845626382933i
26+0i,-1+0i,-9.8431219479731-20.5785029935828i
26+0i,0+0i,7.90794645132345+8.26765048211116i
26+0i,1+0i,33.6072479138415+17.782555648734i
26+0i,2+0i,-0.81677840250002+4.69252035877044i
26+0i,3+0i,-10.012425308057+36.8831114647218i
26+0i,4+0i,20.0843761446482+20.2777006982836i
26+0i,5+0i,-21.0298168438857-22.7090028453714i
26+0i,6+0i,-26.1552089654838-3.9751137182917i
26+0i,7+0i,12.7855202179707-6.820945599093i
26+0i,8+0i,12.1882838953869+0.2241950907912i
26+0i,9+0i,20.138217357656+3.8218011362828i
26+0i,10+0i,4.5174050838532-1.00881188434751i
26+0i,11+0i,-14.4717222093589+6.3291666609177i
26+0i,12+0i,-9.6694041190658-11.9110807275335i
26+0i,13+0i,6.04512174255676+3.66232403986477i
26+0i,14+0i,12.2349285700754+5.2910373613248i
26+0i,15+0i,-10.4596686134492-1.4088277679777i
26+0i,16+0i,-4.30465252592045+4.73909926086495i
26+0i,17+0i,1.4633279608919-17.4534375747451i
26+0i,18+0i,2.3524013178254-10.008743930123i
26+0i,19+0i,8.98149430598738-3.01326367492347i
26+0i,20+0i,0.11454612748165+8.92159676683211i
26+0i,21+0i,-2.5882911441259+13.0414297735905i
26+0i,22+0i,-7.49797077525143-6.04858334177126i
26+0i,23+0i,9.16939109357825+5.0254076832107i
26+0i,24+0i,6.78044588734827+6.06340796073197i
26+0i,25+0i,-7.84201483634862+8.69013241892947i
26+0i,26+0i,-3.1327033094883+1.09058935362743i
26+0i,27+0i,-11.5739515571206-14.1029712575166i
26+0i,28+0i,3.80538851001984-2.57572767271774i
26+0i,29+0i,3.4571693746167+11.234198205413i
26+0i,30+0i,3.5097183513109+15.3037615562166i
26+0i,31+0i,10.6806424684371-5.9662451912371i
26+0i,32+0i,-2.92440297498852-1.24631978259427i
26+0i,33+0i,9.6036323970996+6.84698720188162i
26+0i,34+0i,-0.73602589230676-5.65699304980595i
26+0i,35+0i,-6.05443953512059+2.86265770345501i
26+0i,36+0i,8.19294621550977-3.52065502476869i
26+0i,37+0i,-0.40942988238574-7.10653425924781i
26+0i,38+0i,0.70120278059795+6.43102536908456i
26+0i,39+0i,6.21356670656536+5.30387111381551i
26+0i,40+0i,1.8897149569387-10.6254605490929i
26+0i,41+0i,-5.46257648380802-9.8511307803337i
26+0i,42+0i,3.19108192068713+1.97150326016141i
26+0i,43+0i,8.94820189666529-0.61965659601577i
26+0i,44+0i,1.18534863429596-5.1826984776873i
26+0i,45+0i,-2.70036393586473-6.87567700830656i
26+0i,46+0i,5.53774170396314+2.23638900803969i
26+0i,47+0i,11.4511326404721+1.6860427460275i
26+0i,48+0i,-5.87305168940963-3.6792126328682i
26+0i,49+0i,-5.4939128718774-4.02985088278875i
26+0i,50+0i,5.21899449501005-3.65594739748767i
27+0i,-49+0i,-3.04203574932451+7.02526802355435i
27+0i,-48+0i,1.34762695004413+7.49716616832061i
27+0i,-47+0i,-4.28946333369918-2.69827023722787i
27+0i,-46+0i,-1.6700374975369-10.5270179525512i
27+0i,-45+0i,6.27632701204461-8.57118794785885i
27+0i,-44+0i,4.68087757491304-3.1527648412833i
27+0i,-43+0i,2.3273323254088-1.14238559015547i
27+0i,-42+0i,1.62572492583794+1.18478431054245i
27+0i,-41+0i,-4.78095148172061-3.51495990678928i
27+0i,-40+0i,8.20197927469985+2.05970245672596i
27+0i,-39+0i,10.9052856477762+5.655578908203i
27+0i,-38+0i,-5.20428917918649-2.3407168791235i
27+0i,-37+0i,2.51779106467051-3.62424141802224i
27+0i,-36+0i,5.08367907683201-2.17568225234497i
27+0i,-35+0i,-3.72784675395-9.63249840247587i
27+0i,-34+0i,-6.43477362319142+2.6619907835038i
27+0i,-33+0i,4.6924251915467+12.8666445685965i
27+0i,-32+0i,-3.92057376679082-6.06289960660163i
27+0i,-31+0i,-13.3432167221533-4.9233700709719i
27+0i,-30+0i,4.67844712069483-4.55368435971666i
27+0i,-29+0i,3.74334085561947+0.38773109082733i
27+0i,-28+0i,5.00993827313489+7.01887859835332i
27+0i,-27+0i,-2.77365389743414-5.85524881981246i
27+0i,-26+0i,-15.9615106335837-8.6508531353838i
27+0i,-25+0i,-2.5035369136793-12.3256155514372i
27+0i,-24+0i,5.50289048883563-7.77291877503447i
27+0i,-23+0i,0.27475224677101+4.06878313774625i
27+0i,-22+0i,-0.61968952747575+8.5463753890851i
27+0i,-21+0i,-4.92449515908317-6.19793648358378i
27+0i,-20+0i,-12.5195764793204-9.2590251682562i
27+0i,-19+0i,4.25571309468814+6.38118594845261i
27+0i,-18+0i,9.64759344217249+5.98601666813525i
27+0i,-17+0i,-1.54631865939585+7.4741015529904i
27+0i,-16+0i,-8.14743897125785-3.83721101309704i
27+0i,-15+0i,-7.13821996861149-2.17359573689136i
27+0i,-14+0i,5.05304332643598+3.80511080119653i
27+0i,-13+0i,8.79830014061468+1.03310353623851i
27+0i,-12+0i,17.1706214144683+11.963323903433i
27+0i,-11+0i,-11.1048512413801-6.0996243727236i
27+0i,-10+0i,-23.6006900408426-6.1701168219539i
27+0i,-9+0i,20.4368738979883+5.2004895762476i
27+0i,-8+0i,8.49630225976196-8.0107169887235i
27+0i,-7+0i,-2.9164761954165+0.68396563057198i
27+0i,-6+0i,20.2256399302028+5.5295511353768i
27+0i,-5+0i,1.76673577886927+0.59773180032968i
27+0i,-4+0i,-26.0991222027464-7.6082817563063i
27+0i,-3+0i,-19.1448390782784-17.9812323314555i
27+0i,-2+0i,0.18983967424407-7.93019965182521i
27+0i,-1+0i,-5.11820453930854-8.77075649958883i
27+0i,0+0i,3.38426104377808-3.88169309424156i
27+0i,1+0i,20.2219202812233+20.7089365799046i
27+0i,2+0i,-8.1576554637524+17.2398162004515i
27+0i,3+0i,-19.1458305096355+5.3069235375194i
27+0i,4+0i,-11.5760113818165+10.0903956622943i
27+0i,5+0i,-18.8331872986872+13.7777518823809i
27+0i,6+0i,-5.8391950461762-7.32519066890151i
27+0i,7+0i,4.4971623926532-16.0491405116894i
27+0i,8+0i,9.15316824737654+9.75717745178664i
27+0i,9+0i,0.80509514989361+4.60294905581492i
27+0i,10+0i,-15.8514046460554-5.2532433129647i
27+0i,11+0i,-5.66704038314728-1.50566432355717i
27+0i,12+0i,-1.03255626315249-6.96804457463337i
27+0i,13+0i,-0.18404205401812+2.71693758217731i
27+0i,14+0i,5.80002066936983+3.96330367381444i
27+0i,15+0i,12.0820311988623+3.1077547225646i
27+0i,16+0i,6.12758159075414+6.29399541093395i
27+0i,17+0i,-10.3471799189328+1.3579145173161i
27+0i,18+0i,4.01941164789894+1.81079267923805i
27+0i,19+0i,2.82463298341307-4.02866400818801i
27+0i,20+0i,-6.40972668268474+4.27712707513119i
27+0i,21+0i,4.7343762540906+13.6661144687697i
27+0i,22+0i,-5.55893627067544+3.45765023460913i
27+0i,23+0i,0.94965514628083+6.26771252316154i
27+0i,24+0i,5.62604761841446+2.81930025279535i
27+0i,25+0i,-4.38023379984319-9.8276322360182i
27+0i,26+0i,2.83682441767453-3.08677971803758i
27+0i,27+0i,-2.39571790917477+8.22506721811672i
27+0i,28+0i,-3.48747048707806+1.95341468512967i
27+0i,29+0i,-1.37961057060057-0.82907778371319i
27+0i,30+0i,6.97282975258298+5.27802762223763i
27+0i,31+0i,17.3385902211234+1.7990899550368i
27+0i,32+0i,4.60289111761437+8.91628104324872i
27+0i,33+0i,-2.21071304508664+5.33762328013194i
27+0i,34+0i,-7.0655988511163-11.0782088186527i
27+0i,35+0i,-3.06890927015421-3.33537364393912i
27+0i,36+0i,13.5498762944942+9.8419399936084i
27+0i,37+0i,8.90013779836242+4.79513229654473i
27+0i,38+0i,-14.5235493294202+0.3156789545784i
27+0i,39+0i,-10.2289870410511+4.6139275239729i
27+0i,40+0i,10.5220316429683-7.8319540666383i
27+0i,41+0i,6.1815825976501-5.63421832408651i
27+0i,42+0i,-1.07880231201824+2.55818616300352i
27+0i,43+0i,-12.8737164015696+2.3120037315967i
27+0i,44+0i,-9.38128492612277+8.42968383550168i
27+0i,45+0i,4.6874785715718-7.57159789075515i
27+0i,46+0i,1.6430507098807-10.7444899504065i
27+0i,47+0i,-0.01143436597267-6.78130158965501i
27+0i,48+0i,0.86851167140759-5.55186800580728i
27+0i,49+0i,9.91084357471835+1.37107757527089i
27+0i,50+0i,4.16685459003384-1.21420319710843i
28+0i,-49+0i,5.2013579687969-5.40126158032255i
28+0i,-48+0i,-0.414157017004241-0.019695160230015i
28+0i,-47+0i,6.1892413073564+1.08092211364415i
28+0i,-46+0i,10.8962522739716+1.3613789976263i
28+0i,-45+0i,3.68886109159292+0.1578760955742i
28+0i,-44+0i,1.67567111537007+2.18278518529823i
28+0i,-43+0i,-1.78716070417645+7.53778384861811i
28+0i,-42+0i,-4.42840913531265+3.85922228934023i
28+0i,-41+0i,-4.21654373435955-4.00296373199011i
28+0i,-40+0i,2.24775816471147+3.06284523472492i
28+0i,-39+0i,-0.09015969930004+1.44653243959634i
28+0i,-38+0i,-6.88556443423516-4.55171453298572i
28+0i,-37+0i,3.06598211178289-7.73920344643093i
28+0i,-36+0i,-2.32391153593092-6.7245266357988i
28+0i,-35+0i,8.28192190665932-3.50158938065495i
28+0i,-34+0i,8.28107231195386+0.21380187374168i
28+0i,-33+0i,-5.751919651855+14.7865458561943i
28+0i,-32+0i,6.6418316229016+0.92043702580799i
28+0i,-31+0i,-5.26390501438275-4.14816000566271i
28+0i,-30+0i,-3.56219566731803+5.52517025795963i
28+0i,-29+0i,9.13909248420182-1.32673533136513i
28+0i,-28+0i,-3.87402399037892+1.7890433269822i
28+0i,-27+0i,-6.03784676453257-3.4462181103562i
28+0i,-26+0i,1.72507092223796-8.13208606819366i
28+0i,-25+0i,6.57348707404716-3.59379700366427i
28+0i,-24+0i,8.1568063989978+0.37556381146553i
28+0i,-23+0i,1.66056165056238+1.69046342855483i
28+0i,-22+0i,-6.23683303263204-1.89283044853983i
28+0i,-21+0i,-4.21672712241988-5.53058212121074i
28+0i,-20+0i,3.30356838174511+2.02741036741763i
28+0i,-19+0i,5.304270784406+11.3327270170366i
28+0i,-18+0i,-11.9055708262023-0.2811312329021i
28+0i,-17+0i,-12.5198587823252-9.6095657438046i
28+0i,-16+0i,7.0693063917885-11.2098174953478i
28+0i,-15+0i,7.26668325752357-1.99199024788197i
28+0i,-14+0i,2.78560287810113+5.58040421309776i
28+0i,-13+0i,5.30686304660573-4.79931256375619i
28+0i,-12+0i,9.33274297180699+0.1696908443089i
28+0i,-11+0i,-0.42167247610841+8.15560611227858i
28+0i,-10+0i,0.17335615616849+1.61352207331311i
28+0i,-9+0i,5.29082926530606+1.3283672270277i
28+0i,-8+0i,-14.8638759772984-6.8571754964351i
28+0i,-7+0i,-7.3979094533435-15.9046860604215i
28+0i,-6+0i,20.968838794742-11.4027764202154i
28+0i,-5+0i,8.5154779660949-20.0228918821707i
28+0i,-4+0i,-0.9483314600971+5.70809322108501i
28+0i,-3+0i,21.1119148173932+27.7271493240022i
28+0i,-2+0i,-8.87900441202457-9.35244514338982i
28+0i,-1+0i,-34.864974359369-12.6196824705319i
28+0i,0+0i,-0.66750972740633-8.45665080421664i
28+0i,1+0i,-2.2025762777893-12.0609584140497i
28+0i,2+0i,-11.4584751607698+9.5729703545948i
28+0i,3+0i,2.3135852332673+13.9323928102275i
28+0i,4+0i,1.72642756835127+4.04603859013227i
28+0i,5+0i,-2.51138835383244-4.91503869621433i
28+0i,6+0i,-4.02092984704633+6.2605452715842i
28+0i,7+0i,-0.6139416617458+13.0440239368432i
28+0i,8+0i,-5.2684944547846-1.01021997233976i
28+0i,9+0i,-7.222805971166-3.36654086018006i
28+0i,10+0i,10.7046478059217-0.5001055274524i
28+0i,11+0i,4.4263642485973+15.7384618840844i
28+0i,12+0i,-16.2066831333469+17.1284830372384i
28+0i,13+0i,-10.1836810825936-9.8838995032329i
28+0i,14+0i,-5.59792724824319-6.77505349704791i
28+0i,15+0i,1.39765547431864+2.71537284497345i
28+0i,16+0i,11.0430225552984-1.6168941329113i
28+0i,17+0i,-0.06774547795226+4.47309669165916i
28+0i,18+0i,-3.76953620972579+2.72123944174179i
28+0i,19+0i,-0.37481137880988-3.6693203383379i
28+0i,20+0i,-3.67749039429421-2.60592459453424i
28+0i,21+0i,-1.27524013046843+5.55852650470552i
28+0i,22+0i,-1.52650446999755+2.94564397358775i
28+0i,23+0i,-9.23796284288452-8.68472432231637i
28+0i,24+0i,-2.48027113740079-6.01261690226265i
28+0i,25+0i,16.3415237697996-12.7906417533609i
28+0i,26+0i,9.89985136359559-6.46985476132651i
28+0i,27+0i,-4.4289116529453+13.9467368184496i
28+0i,28+0i,0.43053919222357+4.86067848757021i
28+0i,29+0i,3.191426942544+8.3417927230426i
28+0i,30+0i,5.58487196174374+7.9377608279557i
28+0i,31+0i,-1.07437232398455-4.3445901968322i
28+0i,32+0i,-7.26951621817216+9.51309032654726i
28+0i,33+0i,1.07515885176976+3.61972033220467i
28+0i,34+0i,6.37519064157604-2.97424317856034i
28+0i,35+0i,4.77135873493513-3.7910811761865i
28+0i,36+0i,-7.11147122116185+1.14917804065594i
28+0i,37+0i,5.2147698562456+15.7872286589507i
28+0i,38+0i,8.52709883182753-1.21103909639376i
28+0i,39+0i,-0.24216742341387+7.02102019070053i
28+0i,40+0i,6.10034152467759+9.90467594651086i
28+0i,41+0i,-17.5188720497165+0.7941726454236i
28+0i,42+0i,-6.6377260580031+8.29823717925217i
28+0i,43+0i,7.57792213975817-6.7023359639038i
28+0i,44+0i,-5.74375346086459+3.55034966943443i
28+0i,45+0i,1.80529250511341+4.10450567396009i
28+0i,46+0i,-6.50107278192231-4.04096822176401i
28+0i,47+0i,1.08872444473592-1.19589226805587i
28+0i,48+0i,6.67453536896098-9.37208895392895i
28+0i,49+0i,-3.90373732417681+3.16462113503678i
28+0i,50+0i,4.30826903271556+1.6335815476968i
29+0i,-49+0i,0.008786016556789+0.931690963652252i
29+0i,-48+0i,1.2340072836636-11.6133535468566i
29+0i,-47+0i,5.17258317906611+0.46437551926719i
29+0i,-46+0i,7.14603074710496+0.82542412128163i
29+0i,-45+0i,0.01981097729556+2.90224748029542i
29+0i,-44+0i,15.7496088621966+5.9585967324588i
29+0i,-43+0i,-1.45397654956788-1.79121304258218i
29+0i,-42+0i,-4.68400382416588+7.42103420080968i
29+0i,-41+0i,3.92491066351454-0.43679206225802i
29+0i,-40+0i,-9.10691445239395+0.76480877724496i
29+0i,-39+0i,4.26325623200012-0.82646968380776i
29+0i,-38+0i,-2.29847525555414-2.99434140355955i
29+0i,-37+0i,3.81298819732059-0.93203333558869i
29+0i,-36+0i,8.6118798407673-10.701328931675i
29+0i,-35+0i,1.03370095462343+6.38308033000671i
29+0i,-34+0i,10.769212396637+3.7648638797825i
29+0i,-33+0i,2.46919950496025-3.73569754709686i
29+0i,-32+0i,0.40036782451098+8.80859072337535i
29+0i,-31+0i,2.0387907701557+10.7134369605233i
29+0i,-30+0i,2.72623556216057-4.56547306032057i
29+0i,-29+0i,2.24906370210098-4.77515870195173i
29+0i,-28+0i,2.76204000035358+5.88910123583394i
29+0i,-27+0i,-2.99830007648327-7.80508009465348i
29+0i,-26+0i,-3.1876642624972+3.83858462256817i
29+0i,-25+0i,3.49013250525875-6.77608246939718i
29+0i,-24+0i,-6.7272369317051-19.3246890214325i
29+0i,-23+0i,8.06607631707066+3.32562159281826i
29+0i,-22+0i,8.72943199371709-6.45691149728337i
29+0i,-21+0i,2.1137130757809-6.3154646334484i
29+0i,-20+0i,7.49662567114681+0.54359976229353i
29+0i,-19+0i,-9.62173460658191+5.36897754222177i
29+0i,-18+0i,-4.70409385406685+0.00224497196923i
29+0i,-17+0i,-2.2646452321209-13.9804552337347i
29+0i,-16+0i,-9.24538567546213+0.36055955031484i
29+0i,-15+0i,-0.802569118974319+0.358886343087414i
29+0i,-14+0i,4.34522369784339+0.17084786771539i
29+0i,-13+0i,6.39705106547109+3.43665274433211i
29+0i,-12+0i,5.0297496698322+5.03237793818196i
29+0i,-11+0i,0.0427947301422+19.2484179527676i
29+0i,-10+0i,-15.6562577630778+1.4422808358627i
29+0i,-9+0i,-10.9462962101092-14.334063466028i
29+0i,-8+0i,-1.71793937754711-8.5599366055227i
29+0i,-7+0i,-20.7591971084487-5.9174322090469i
29+0i,-6+0i,-2.11218656039987-7.78496462485048i
29+0i,-5+0i,20.0687979160107-13.900055905491i
29+0i,-4+0i,12.8907873572966+3.4067419926927i
29+0i,-3+0i,7.48192292534683-7.2445351086341i
29+0i,-2+0i,-12.8566662275407-21.2539700148672i
29+0i,-1+0i,0.32640033609167+3.7885471312719i
29+0i,0+0i,16.1051533954843-8.0506187778537i
29+0i,1+0i,-0.37257692099128-6.25376398503326i
29+0i,2+0i,2.4916956060552+21.8077386562836i
29+0i,3+0i,1.8140590920166+17.0071031664543i
29+0i,4+0i,-10.3138216262879-6.0361663975447i
29+0i,5+0i,-11.2170874601233-15.9260773807577i
29+0i,6+0i,0.6666029248964+5.15975397848189i
29+0i,7+0i,-1.6523946278461+10.9985745797314i
29+0i,8+0i,-3.57878333559154-7.736288849831i
29+0i,9+0i,7.0504588234272-7.65049204633583i
29+0i,10+0i,8.3387281293459+4.56408436328032i
29+0i,11+0i,3.15841344786906+1.65437484187708i
29+0i,12+0i,-9.21456668974571+6.46012665357444i
29+0i,13+0i,-1.82165567473217+8.01671279521906i
29+0i,14+0i,-6.76641415862314-5.6151824692239i
29+0i,15+0i,-9.48506528718909+1.99116825952587i
29+0i,16+0i,12.6394963671813+6.2973420198762i
29+0i,17+0i,-3.75321776379173+6.09728431991916i
29+0i,18+0i,-11.5792069533984+1.146456138745i
29+0i,19+0i,-4.67433312418094-4.29068697161215i
29+0i,20+0i,-8.86717168096281+0.79213811877375i
29+0i,21+0i,-5.40371002648885-4.75744304785084i
29+0i,22+0i,-8.42979578494201+1.06842606911158i
29+0i,23+0i,-2.84713303874097-1.97162793748057i
29+0i,24+0i,4.28174782460952-7.71829510801166i
29+0i,25+0i,-0.646963995611762-0.494765650054716i
29+0i,26+0i,-5.70603216792893+0.19490017564592i
29+0i,27+0i,-1.49786945133347+5.22222008673309i
29+0i,28+0i,-0.72513695782572-3.59953754120555i
29+0i,29+0i,-7.75805879064357+6.50413628981612i
29+0i,30+0i,-1.2787176544594+14.9698445576709i
29+0i,31+0i,-4.47474401630156-7.83263213305101i
29+0i,32+0i,-0.05364728288968-2.22139743621699i
29+0i,33+0i,11.1526186317499-5.9024450181321i
29+0i,34+0i,0.59972746869501-1.42796286834351i
29+0i,35+0i,9.0970382691348+13.1523319557349i
29+0i,36+0i,5.15250534034279-5.22300448463303i
29+0i,37+0i,0.1197470674714+1.36941775150554i
29+0i,38+0i,12.9729834592483+10.467694678514i
29+0i,39+0i,4.5866689246555+16.2260140200691i
29+0i,40+0i,3.5809656692677+10.9856221730438i
29+0i,41+0i,-8.12303900267148-5.36948791419055i
29+0i,42+0i,-7.76494350094311+6.72617066945176i
29+0i,43+0i,7.93198560185002+0.07932503597002i
29+0i,44+0i,-3.10267926999542-1.69937999463424i
29+0i,45+0i,-1.25836885594586+1.64286530486577i
29+0i,46+0i,4.34677908213795-7.84409541952869i
29+0i,47+0i,1.94502610743523+6.67009905542849i
29+0i,48+0i,7.29392785841916+9.57600650626292i
29+0i,49+0i,1.36289837034406-6.22486261767267i
29+0i,50+0i,-9.31781631906648+0.08967990949541i
30+0i,-49+0i,-3.93477776809536+3.39206158414905i
30+0i,-48+0i,-2.18895461279199-5.8187995060512i
30+0i,-47+0i,-2.88032522915693+4.47522806770935i
30+0i,-46+0i,8.70156206028363-0.51676662406225i
30+0i,-45+0i,-0.28916769197189+1.73128574781612i
30+0i,-44+0i,2.7864494765495+9.88721717508914i
30+0i,-43+0i,-0.26035825112325-1.49657533896249i
30+0i,-42+0i,-8.03542989893043-2.03122328856859i
30+0i,-41+0i,1.10259365689223-1.17255707371896i
30+0i,-40+0i,3.56990503850056-4.91305698463569i
30+0i,-39+0i,0.35817368133694-3.64752954962921i
30+0i,-38+0i,3.8558682823273+5.40009955697983i
30+0i,-37+0i,10.6442457379982-7.0622144771369i
30+0i,-36+0i,-1.92397689173585-4.04926044423607i
30+0i,-35+0i,0.03757673908813+9.44478371216666i
30+0i,-34+0i,-2.48412274028185-3.68874218054805i
30+0i,-33+0i,-0.82704698497157+7.0691051333159i
30+0i,-32+0i,6.18265751827373-9.29836411774619i
30+0i,-31+0i,-9.14183067754018-6.75253385026384i
30+0i,-30+0i,12.5169971843319+2.450884900402i
30+0i,-29+0i,10.2128397422016-16.5717117191865i
30+0i,-28+0i,4.49404821788176+4.57479869091684i
30+0i,-27+0i,7.2639951864938-10.3851418081231i
30+0i,-26+0i,-11.4663299433755+0.856599424715i
30+0i,-25+0i,1.9680135231485+15.6247422791544i
30+0i,-24+0i,-1.9108820909626-14.0550599041947i
30+0i,-23+0i,7.9269860979462+0.01541086331446i
30+0i,-22+0i,12.7227634084213-2.0950302178241i
30+0i,-21+0i,-9.53668077877717-5.0778830380257i
30+0i,-20+0i,-3.47214293288854+7.25338496609887i
30+0i,-19+0i,-3.55878839819337+2.64327389336924i
30+0i,-18+0i,-7.28484264671431-5.47280659053408i
30+0i,-17+0i,-11.3872962055895-4.9521377213625i
30+0i,-16+0i,-9.21624663542238+2.65367248245956i
30+0i,-15+0i,-2.93975678335027-0.14217297446937i
30+0i,-14+0i,1.43000070810741+6.16511165365511i
30+0i,-13+0i,8.1389414094087+4.60348045212298i
30+0i,-12+0i,4.58999465992691+4.17482840777594i
30+0i,-11+0i,-3.6547936944243+20.8393550821994i
30+0i,-10+0i,-16.8865152929051+10.910740628508i
30+0i,-9+0i,-8.20480602922941-9.46703291159273i
30+0i,-8+0i,-0.77518361459145-9.83918946481943i
30+0i,-7+0i,-6.31364795334524-4.41049533064987i
30+0i,-6+0i,11.7360001213677-3.8198102641964i
30+0i,-5+0i,3.64978656850336+2.1801102083266i
30+0i,-4+0i,-8.68101711959662+5.07436965283736i
30+0i,-3+0i,12.075021880087-10.866969938723i
30+0i,-2+0i,11.3313718655296-5.4293926352433i
30+0i,-1+0i,2.9152056968066+11.7972529870304i
30+0i,0+0i,-3.51967600538187-0.47736240988753i
30+0i,1+0i,-3.63243876060148-5.50633314611183i
30+0i,2+0i,8.6852858760894-5.81290780663829i
30+0i,3+0i,-1.90794842659245-3.90424815464209i
30+0i,4+0i,-10.7623560205772+7.9530798128416i
30+0i,5+0i,-1.53158267259183-3.5575468120751i
30+0i,6+0i,4.2766273789325-12.5329124581315i
30+0i,7+0i,2.40337651925764-4.77790104509848i
30+0i,8+0i,2.58308217768493-4.79608958064798i
30+0i,9+0i,-4.88735378952694-0.08457732235216i
30+0i,10+0i,-8.4778516964206-2.37460163324407i
30+0i,11+0i,5.4444070756976-17.200469055551i
30+0i,12+0i,-1.80991645750943-2.37298577210344i
30+0i,13+0i,0.542006784387762+0.887746656000542i
30+0i,14+0i,14.813510149015-9.978623468274i
30+0i,15+0i,5.92043156270516+9.42203061583973i
30+0i,16+0i,1.7209643752985+10.1012580736864i
30+0i,17+0i,-3.34585654454216+6.56081957395764i
30+0i,18+0i,-8.33081127626114+7.85884932872189i
30+0i,19+0i,1.77015922792377-0.91826092377237i
30+0i,20+0i,-1.0627995637439+3.90755319078663i
30+0i,21+0i,-8.5966118654624+11.5227505569847i
30+0i,22+0i,2.91781761250751+9.46037215433586i
30+0i,23+0i,-6.45629291702435+5.14319664494114i
30+0i,24+0i,-13.5768749567725+6.2390976293585i
30+0i,25+0i,-3.2996060512217-10.1853203545159i
30+0i,26+0i,-13.5597846896949-6.5006766055991i
30+0i,27+0i,-9.2635775126081+15.7706152219636i
30+0i,28+0i,-3.16133149104128-2.91950923720291i
30+0i,29+0i,-8.12133786023313-6.16941444723172i
30+0i,30+0i,1.53525956754998-2.35881512750988i
30+0i,31+0i,5.1013641013697-15.3230995166264i
30+0i,32+0i,8.78459042838358+9.17176210756534i
30+0i,33+0i,13.6018107068685+6.039779042284i
30+0i,34+0i,-4.7310857592946-19.6912161095089i
30+0i,35+0i,-3.81901429756581+7.70728709105609i
30+0i,36+0i,21.3210719882058+10.2195926307019i
30+0i,37+0i,14.3622696270784+2.9958628130533i
30+0i,38+0i,-5.2745173851286+20.0630333409339i
30+0i,39+0i,-12.3489324897881+4.8817289526064i
30+0i,40+0i,-0.85416142323433-7.69605901973467i
30+0i,41+0i,2.81063822097208-2.0719944974108i
30+0i,42+0i,-5.83776673683222+6.97102483097074i
30+0i,43+0i,2.61481186595193-0.74607915682553i
30+0i,44+0i,-12.311822910998-10.9786369137013i
30+0i,45+0i,-7.96719072799354+0.0702332133459i
30+0i,46+0i,22.9466640609342-10.089424468248i
30+0i,47+0i,3.15905415321587-8.56717066567454i
30+0i,48+0i,-1.0079262059657+10.9713738913805i
30+0i,49+0i,13.1816111586675+3.4240849227658i
30+0i,50+0i,-5.79986459455351+4.51347278811348i
31+0i,-49+0i,0.67702934446285-7.21905274272731i
31+0i,-48+0i,2.17190864941091+2.92037076813139i
31+0i,-47+0i,8.71994647748954+4.00129470561963i
31+0i,-46+0i,-0.81984151826191+6.76379913718528i
31+0i,-45+0i,-3.6428718504946+10.4659393447616i
31+0i,-44+0i,-6.72964300577268+0.23318028714778i
31+0i,-43+0i,-0.2182401066812+12.0065287130491i
31+0i,-42+0i,2.55334413776323-1.24502040139979i
31+0i,-41+0i,-13.0338340618644-7.4762507890721i
31+0i,-40+0i,4.34393784289796+4.65110926694406i
31+0i,-39+0i,5.9427470493089-19.1522724584106i
31+0i,-38+0i,-8.13148542799358+1.66363599704162i
31+0i,-37+0i,8.3397112384768+12.2686936654431i
31+0i,-36+0i,-5.82379817290695-8.03855225630003i
31+0i,-35+0i,-4.40446785590461+9.20974700560131i
31+0i,-34+0i,0.94943681749141-5.6444420464398i
31+0i,-33+0i,-15.6180219075259-4.0477450597689i
31+0i,-32+0i,2.36908597152756+0.63427218250842i
31+0i,-31+0i,2.1180114490318-11.4090456049852i
31+0i,-30+0i,7.13720546373133-1.3603614251289i
31+0i,-29+0i,9.4368838366625-12.7996259641348i
31+0i,-28+0i,-5.24904106338713-1.36805386073294i
31+0i,-27+0i,2.91446558095949-0.61311059941427i
31+0i,-26+0i,5.82038314286353-5.60714652342667i
31+0i,-25+0i,9.508314899341+10.991864184984i
31+0i,-24+0i,1.66927508308786+3.78270370687688i
31+0i,-23+0i,0.701197281229+12.3442967778097i
31+0i,-22+0i,-6.12353281532659+7.82985389318157i
31+0i,-21+0i,-18.8616848278782-10.3504977208455i
31+0i,-20+0i,11.0175588775804-6.3738964219436i
31+0i,-19+0i,13.7550631256573-3.4505115454723i
31+0i,-18+0i,-9.75495421761926+0.01658488907341i
31+0i,-17+0i,-11.8326804741109+3.8017633465102i
31+0i,-16+0i,-6.6974898140517+9.90269251987935i
31+0i,-15+0i,2.91204633400352-0.59216791189918i
31+0i,-14+0i,-3.566996316926-11.901988214959i
31+0i,-13+0i,-3.75707551864876+7.92139335699615i
31+0i,-12+0i,13.5234666838249+8.7154590296719i
31+0i,-11+0i,14.6863108528667+10.3845613484444i
31+0i,-10+0i,9.2324715783173+18.4028973884297i
31+0i,-9+0i,-7.29183540888264-1.6068381815052i
31+0i,-8+0i,-5.98888612034747-0.33676713290862i
31+0i,-7+0i,3.22551352491068-0.39829629730683i
31+0i,-6+0i,-5.2928936136099+0.04451733806495i
31+0i,-5+0i,4.35221769809232+3.15057970625798i
31+0i,-4+0i,-4.51354280665413+0.22561746008573i
31+0i,-3+0i,2.53933163402655+9.19732838287178i
31+0i,-2+0i,14.6134954047785-8.399769321248i
31+0i,-1+0i,-2.39093616565077-4.35638796629849i
31+0i,0+0i,1.19827308875757-2.29789741718479i
31+0i,1+0i,-3.86780390644874-3.60583487447049i
31+0i,2+0i,5.4792168467465+13.6804063577507i
31+0i,3+0i,4.63212412896253-9.4619742279051i
31+0i,4+0i,-3.4453710079892-2.1964170993655i
31+0i,5+0i,12.2893319325907+2.3995222142643i
31+0i,6+0i,1.5300434062864-11.1201907144526i
31+0i,7+0i,2.12228526388903+8.77454654076005i
31+0i,8+0i,-5.51650609486953-0.16593024305728i
31+0i,9+0i,-18.1640199978218-11.1180777164641i
31+0i,10+0i,-4.18000642462482-2.72086714403135i
31+0i,11+0i,-2.36291545687955+0.24762421051587i
31+0i,12+0i,-1.66586699424448-8.35204189523716i
31+0i,13+0i,-1.9504833005138-20.9764221827264i
31+0i,14+0i,3.31597230500692-7.66853861107559i
31+0i,15+0i,4.26905405356462-1.53038455614926i
31+0i,16+0i,0.56438036283114-4.93430794006387i
31+0i,17+0i,11.2218500102673+2.9433541206599i
31+0i,18+0i,-3.09291389724967-2.28332542427406i
31+0i,19+0i,-1.27057388973288+1.42367718640369i
31+0i,20+0i,14.5146045446796+3.9529766070833i
31+0i,21+0i,0.89378242330197-0.422977912160706i
31+0i,22+0i,14.3983573255442+10.5109347492663i
31+0i,23+0i,4.80614855262647+9.43896613670872i
31+0i,24+0i,-20.3862612387424+6.0798263985712i
31+0i,25+0i,-6.85345673239178-2.53619189774411i
31+0i,26+0i,-15.1408351721224-8.05002060165i
31+0i,27+0i,-4.81310067699576+2.65557540484203i
31+0i,28+0i,11.6754378185727-9.4194390846103i
31+0i,29+0i,-10.584994633987-2.1882123914673i
31+0i,30+0i,4.3930314047544+15.0072486752151i
31+0i,31+0i,12.2297183991242-17.4534994725656i
31+0i,32+0i,-16.1962440649412-7.9602640035612i
31+0i,33+0i,5.2529471069216+17.7016326020698i
31+0i,34+0i,14.0980326432193-11.0337984025234i
31+0i,35+0i,-6.67109226735097-1.15562028826876i
31+0i,36+0i,0.2593006853915+12.6569781873528i
31+0i,37+0i,-0.7768396368716+5.83483955407958i
31+0i,38+0i,-1.42758346883885+1.75728286238349i
31+0i,39+0i,-6.19924792001917-4.27996355336193i
31+0i,40+0i,-1.30212316825943+6.87467228880652i
31+0i,41+0i,-8.64363880197963-6.87757845837152i
31+0i,42+0i,-20.0498999502882+2.778193874715i
31+0i,43+0i,15.2169281015758+4.0280026766915i
31+0i,44+0i,3.9285219362231-21.5087884458258i
31+0i,45+0i,-10.7576944218449-2.6888370419125i
31+0i,46+0i,7.90371950695035-0.68782016860029i
31+0i,47+0i,5.42235288023893+0.53461367799373i
31+0i,48+0i,4.58843677391286+6.671080709725i
31+0i,49+0i,-2.92371458253943+5.52866655956296i
31+0i,50+0i,-0.85909315056562+4.4069842324011i
32+0i,-49+0i,3.79266384507795-9.17220289080366i
32+0i,-48+0i,0.68259455252346-3.47580256942767i
32+0i,-47+0i,4.71108855825425+5.69108224831731i
32+0i,-46+0i,5.57194051883582+2.23140491617728i
32+0i,-45+0i,-3.91617256884264-1.6547563417501i
32+0i,-44+0i,0.83958333832926+8.12785751321157i
32+0i,-43+0i,15.2724249366351+5.5223878623457i
32+0i,-42+0i,0.01848258808235+4.14842769812734i
32+0i,-41+0i,-3.34051781983017+2.42012725596654i
32+0i,-40+0i,-1.915572630661+3.27592506547123i
32+0i,-39+0i,-1.16666076416081+3.99064796494673i
32+0i,-38+0i,-1.77930445695192-6.02620509915495i
32+0i,-37+0i,-3.35576341996217+9.9287267844227i
32+0i,-36+0i,1.02398727620073+6.58334245675155i
32+0i,-35+0i,-11.2792084526968-0.1573759100828i
32+0i,-34+0i,-7.56180224886233+0.69488200899522i
32+0i,-33+0i,-2.0351657089996-10.5407638583086i
32+0i,-32+0i,-2.20546097397463+2.42835846713171i
32+0i,-31+0i,4.20877583684764+7.222333911231i
32+0i,-30+0i,5.11652665241419+1.1113157803455i
32+0i,-29+0i,3.28092842756289-8.76599690804978i
32+0i,-28+0i,-2.82579048389132-4.13624263352772i
32+0i,-27+0i,-2.32034394775261+7.50782928629186i
32+0i,-26+0i,1.38173102311799-2.99228796523692i
32+0i,-25+0i,1.85915149890263-3.79448565027474i
32+0i,-24+0i,-8.2096514994711-2.07433843295021i
32+0i,-23+0i,-0.2044337171649+2.27538274780459i
32+0i,-22+0i,14.4971164526575+3.3771696650717i
32+0i,-21+0i,4.2823745526537-9.20289189583079i
32+0i,-20+0i,13.2546564378622-10.8239790517411i
32+0i,-19+0i,15.3675772559629-3.6986469653357i
32+0i,-18+0i,-2.46138302785179+7.3801463728557i
32+0i,-17+0i,-6.545394996021+16.2838802609792i
32+0i,-16+0i,-12.7310886748616+9.2579302273239i
32+0i,-15+0i,-13.8690874837875-11.5804921415018i
32+0i,-14+0i,-6.1412285460312-15.3257798224878i
32+0i,-13+0i,7.91327699278879+2.34368147254153i
32+0i,-12+0i,13.1954270705022+4.6082196993189i
32+0i,-11+0i,3.8957023225532+12.2069531154252i
32+0i,-10+0i,6.49830838045058+6.5857980590562i
32+0i,-9+0i,-5.204059516564-13.7060157105935i
32+0i,-8+0i,-2.87325916915804+8.72961779794856i
32+0i,-7+0i,5.46631827462712+3.97751455929841i
32+0i,-6+0i,-15.4254632785091-9.5632927670374i
32+0i,-5+0i,1.19519747830029-0.43587482371052i
32+0i,-4+0i,9.9448317316621-17.3434040485537i
32+0i,-3+0i,1.1016796877004-10.7109622479251i
32+0i,-2+0i,7.11657938929639+4.89395849096897i
32+0i,-1+0i,5.49328214848559+5.30161947924431i
32+0i,0+0i,12.0347988016342+1.2171886162172i
32+0i,1+0i,9.4561828747156+5.36451388826903i
32+0i,2+0i,0.580272647172+15.3235186521225i
32+0i,3+0i,-5.7923849337363+12.2814147722405i
32+0i,4+0i,4.18747730786032+6.32193320401837i
32+0i,5+0i,2.78798227558737-7.85244154778672i
32+0i,6+0i,-4.58249198572423-3.14624104516492i
32+0i,7+0i,5.67433628126124+1.48081106214848i
32+0i,8+0i,-7.34779144573696-2.23790281112685i
32+0i,9+0i,-0.176078643066132-0.214042763939157i
32+0i,10+0i,0.09994977646718-2.93878544041462i
32+0i,11+0i,-7.22047925855225-2.08536332040997i
32+0i,12+0i,3.67503700453314-7.00730922525434i
32+0i,13+0i,-11.3040521987331-0.2330940955196i
32+0i,14+0i,-5.97585687942037-8.09072486495497i
32+0i,15+0i,4.3093897030228-15.9445927660139i
32+0i,16+0i,1.20935033839554-0.99367988147275i
32+0i,17+0i,4.43205018439904-1.03739700682779i
32+0i,18+0i,-8.24329107174139+1.08201445681957i
32+0i,19+0i,-9.47339519014742-3.34872932222628i
32+0i,20+0i,5.49688616876765-7.33660779994078i
32+0i,21+0i,2.30862573932238+0.49042552113539i
32+0i,22+0i,4.5718787659698-1.45433048742588i
32+0i,23+0i,6.93076699859297-6.87095919119128i
32+0i,24+0i,-7.71612538824999-1.22732217667467i
32+0i,25+0i,0.389412592443597+0.715063746999068i
32+0i,26+0i,-4.12131253046388-4.62178604057683i
32+0i,27+0i,-16.3796174261254+8.7304658974067i
32+0i,28+0i,0.43714464561063-5.29260267711932i
32+0i,29+0i,-6.5285053972335-20.0857594303317i
32+0i,30+0i,-4.8572160068423+16.8418805616119i
32+0i,31+0i,13.8352794119932+5.6003732553338i
32+0i,32+0i,-3.0258794919125-18.9236610588879i
32+0i,33+0i,-5.47440153770052+4.64668971920168i
32+0i,34+0i,5.40057681977126-0.7292166265407i
32+0i,35+0i,-1.94610833231706+4.44308674201238i
32+0i,36+0i,-4.7489263582485+18.8742145161434i
32+0i,37+0i,-4.04684792334346-2.69719701441134i
32+0i,38+0i,-1.34980783309352-9.7502000827085i
32+0i,39+0i,-7.15683161486192+4.73741389211799i
32+0i,40+0i,-0.85214953634987+9.73826294953082i
32+0i,41+0i,5.09025399902112-4.14506223881239i
32+0i,42+0i,-7.21695459071158+0.12785206227327i
32+0i,43+0i,2.45699234077881+4.49362718968565i
32+0i,44+0i,4.2016335896972-4.2759978258688i
32+0i,45+0i,-5.22783951638651+2.54703621602116i
32+0i,46+0i,0.36478208409623+2.81548967616525i
32+0i,47+0i,5.30699096086693+0.64392083132265i
32+0i,48+0i,-6.97018689525535-0.27273696560458i
32+0i,49+0i,-9.12322944032272+2.26861544712948i
32+0i,50+0i,7.46856701218655-0.5357504255994i
33+0i,-49+0i,6.8386703995095+10.3313438523729i
33+0i,-48+0i,4.81888205956747-3.3855978986639i
33+0i,-47+0i,-9.44182055675396-5.46889283344213i
33+0i,-46+0i,1.00308084961077+6.96865904057316i
33+0i,-45+0i,9.46065060170187-6.28588180081318i
33+0i,-44+0i,-8.46582804233776+1.51098574138578i
33+0i,-43+0i,4.47176193478192+8.68393419240624i
33+0i,-42+0i,3.8909541451707-2.15368592234711i
33+0i,-41+0i,-0.197046995523503-0.387566556500159i
33+0i,-40+0i,4.59429162927137+4.50699070416372i
33+0i,-39+0i,-1.22173489491125+3.85844323566851i
33+0i,-38+0i,-0.83940640972981-7.34948815744411i
33+0i,-37+0i,1.38386189286929+6.21219524112569i
33+0i,-36+0i,-0.16572408926938+2.25373614218035i
33+0i,-35+0i,-7.68377740441488-6.96241203776474i
33+0i,-34+0i,-0.00098652117057+5.55394489783469i
33+0i,-33+0i,3.59600159919809-1.59401566641071i
33+0i,-32+0i,10.4062667927746+5.5192277558035i
33+0i,-31+0i,11.3715419493764-0.7273908239762i
33+0i,-30+0i,-8.43720945247032-1.0161703472127i
33+0i,-29+0i,7.1612916594197+15.753147129423i
33+0i,-28+0i,10.404845401175-0.4735023726136i
33+0i,-27+0i,-14.9161499385661-2.0471062280279i
33+0i,-26+0i,-11.9387605795599+2.1891814299978i
33+0i,-25+0i,-9.56060362766548-5.32092374052295i
33+0i,-24+0i,-9.97813557961718-8.83118898708322i
33+0i,-23+0i,13.9395024219806-18.4484127634298i
33+0i,-22+0i,25.050255350033-6.4020914894937i
33+0i,-21+0i,10.4500002780678+3.713706979632i
33+0i,-20+0i,2.72861510253396-1.76769803756467i
33+0i,-19+0i,2.52233216057893+9.33618694226958i
33+0i,-18+0i,-8.93476824329476+2.36812251657617i
33+0i,-17+0i,-14.3152081623364-7.1737989134548i
33+0i,-16+0i,-4.94237799677769-3.41040210768287i
33+0i,-15+0i,-8.46423873467744-9.07557226097327i
33+0i,-14+0i,-9.4632501860755-4.8217921236548i
33+0i,-13+0i,1.26941250337908+4.99233426283009i
33+0i,-12+0i,5.20475354226806+1.3662051296735i
33+0i,-11+0i,-7.38379939426878-4.70391116823242i
33+0i,-10+0i,-8.76823436286637+9.54015177781543i
33+0i,-9+0i,5.70023632505961+6.80481472955946i
33+0i,-8+0i,-4.31224362672037-3.79068544086042i
33+0i,-7+0i,-3.99735055598895-0.89509327388494i
33+0i,-6+0i,-2.1445169573163-14.5073082887989i
33+0i,-5+0i,-4.48104136804269-8.2591065666153i
33+0i,-4+0i,13.6149432295391+0.3259357206529i
33+0i,-3+0i,0.43451958367108+0.545049494468695i
33+0i,-2+0i,-10.6359845494901+11.5362746828277i
33+0i,-1+0i,7.04195363490813-0.68834416565599i
33+0i,0+0i,-4.35049933938107-4.02379036745272i
33+0i,1+0i,-6.84387463960794+8.65769389453872i
33+0i,2+0i,11.4234554558745+2.2990423603101i
33+0i,3+0i,-2.46425717746217+7.58128311176436i
33+0i,4+0i,0.10080969783285+5.38414336945802i
33+0i,5+0i,11.2497218593971-5.2536611731167i
33+0i,6+0i,4.63983187793167+5.11248119525631i
33+0i,7+0i,5.92671233534352-5.18168860833832i
33+0i,8+0i,2.53891059719156+0.53557451378176i
33+0i,9+0i,6.04285145524956+2.75162635488904i
33+0i,10+0i,-2.859950504125-13.7800174863214i
33+0i,11+0i,0.73937822921794+5.74101529380124i
33+0i,12+0i,10.087410687523+4.3746300703023i
33+0i,13+0i,-9.57556083961107-2.75453164821572i
33+0i,14+0i,2.46285911286812-0.94719770830453i
33+0i,15+0i,12.9084753204517-5.63431810739i
33+0i,16+0i,-5.26291094183585+0.82222139222i
33+0i,17+0i,-8.09703651367852+3.83474947978428i
33+0i,18+0i,-9.99537744156854+4.88584392148621i
33+0i,19+0i,-9.42647357588358-1.87173007654609i
33+0i,20+0i,7.25133355511126-1.35960351654401i
33+0i,21+0i,-2.31140352260203+9.3783430532272i
33+0i,22+0i,-4.6732756343114+10.6768810899228i
33+0i,23+0i,5.72353873433533-2.58428370428657i
33+0i,24+0i,-18.2190284865836-10.0847163839031i
33+0i,25+0i,-4.31734261874672-5.83647650005904i
33+0i,26+0i,5.92789042234723-2.86523983545124i
33+0i,27+0i,-20.0271057258023+5.6523398877044i
33+0i,28+0i,-8.64459216827753+3.20907679035785i
33+0i,29+0i,1.33188278709487-3.65228550314781i
33+0i,30+0i,-4.52956803939579-3.37170828554927i
33+0i,31+0i,9.56428120043846-4.75923697319692i
33+0i,32+0i,17.6324887993962-7.3738672976149i
33+0i,33+0i,-1.48633812511167+6.96553966308061i
33+0i,34+0i,-2.0356576046733+17.4822776530982i
33+0i,35+0i,-2.43001387855254+0.41587620862019i
33+0i,36+0i,-11.9417326389764+3.5504981897256i
33+0i,37+0i,11.7488797614175+7.5817974786326i
33+0i,38+0i,9.89410086660739-2.474407161966i
33+0i,39+0i,-13.0345358378498+2.3481723274454i
33+0i,40+0i,-2.5338973870238+4.59030752151389i
33+0i,41+0i,4.67083801686113+3.30976013492423i
33+0i,42+0i,-1.90795952782612-0.17983306288046i
33+0i,43+0i,-3.41014514084073+0.79578359522061i
33+0i,44+0i,0.71190660892806+7.38532473766482i
33+0i,45+0i,0.88374144183693-2.92951841664525i
33+0i,46+0i,-5.38572842458256-7.72154457124863i
33+0i,47+0i,1.22056736036166-5.51038824847919i
33+0i,48+0i,0.5917164717537-14.2290332512338i
33+0i,49+0i,-0.35778048626323-6.95488169503195i
33+0i,50+0i,8.59596821129783+6.65655884653643i
34+0i,-49+0i,0.72174717549353+4.65898611494928i
34+0i,-48+0i,3.19452409226547+5.47841401058583i
34+0i,-47+0i,4.7084637381535+2.93756244207164i
34+0i,-46+0i,-7.98900276838467+2.75105714125518i
34+0i,-45+0i,-5.80395049584794+2.21513806735945i
34+0i,-44+0i,-7.91078777034573-0.00184216019311i
34+0i,-43+0i,-3.14942475370617+1.22369720799433i
34+0i,-42+0i,5.79529905523117+1.78424269733923i
34+0i,-41+0i,-4.29244751956687-4.59036856286008i
34+0i,-40+0i,-5.2933453968184-10.1052018167074i
34+0i,-39+0i,11.1937197210691-3.3584681359018i
34+0i,-38+0i,4.0885855576073-11.0136608447825i
34+0i,-37+0i,-10.0449059430077+2.9249990854007i
34+0i,-36+0i,7.53947108155207+5.92843637750713i
34+0i,-35+0i,5.4516580685025-15.9035409362027i
34+0i,-34+0i,4.82123241782176-1.19221456565652i
34+0i,-33+0i,15.3427267764244+1.944895353861i
34+0i,-32+0i,6.43773116727502+9.68590159504048i
34+0i,-31+0i,3.6286934213753+11.5249239603044i
34+0i,-30+0i,-3.10877404753595-7.06952432924359i
34+0i,-29+0i,-4.38534120154508+4.9802035156288i
34+0i,-28+0i,-0.4943926162647+5.61617034981693i
34+0i,-27+0i,-5.86334979925732-1.28247622384844i
34+0i,-26+0i,-10.6530952308018-0.7459317893636i
34+0i,-25+0i,-9.4396988483555-14.2462404965216i
34+0i,-24+0i,0.1619648758586-15.0000597526855i
34+0i,-23+0i,9.22901640738603+0.11693755668317i
34+0i,-22+0i,12.3638271917935+7.4515881318451i
34+0i,-21+0i,-3.08053828488755+1.88407626550021i
34+0i,-20+0i,-10.4589442143198-0.813453715485i
34+0i,-19+0i,1.33573766259031-8.09856129608586i
34+0i,-18+0i,-8.5410952879462-17.6971946844734i
34+0i,-17+0i,-0.41921202481268-3.66677461817763i
34+0i,-16+0i,11.5542808277491+1.7687830728079i
34+0i,-15+0i,-8.95998761141509+0.88006761287135i
34+0i,-14+0i,-7.50597818955074+7.26992541046432i
34+0i,-13+0i,-8.9624439136295+10.199609490927i
34+0i,-12+0i,-7.52518073883701+8.0129935027688i
34+0i,-11+0i,-1.04899128378991-6.2013019328116i
34+0i,-10+0i,-8.08711192958453+4.5262349374878i
34+0i,-9+0i,3.14696266425334+8.11973947622042i
34+0i,-8+0i,-2.26461841801014+7.79248591046472i
34+0i,-7+0i,-6.193231173594+14.9876516459065i
34+0i,-6+0i,-2.2283460010632-11.7925938244053i
34+0i,-5+0i,-2.09217107527607-6.30885766590619i
34+0i,-4+0i,3.47520216429409+7.87129026353117i
34+0i,-3+0i,-0.3983978037567-3.32154310512445i
34+0i,-2+0i,3.67331458589549+0.56028748778149i
34+0i,-1+0i,-2.45957520623968+7.18594619668454i
34+0i,0+0i,-14.570366056909+5.2843651239679i
34+0i,1+0i,-12.7440088688391+3.7451459371496i
34+0i,2+0i,0.25592542609143+8.96440400206095i
34+0i,3+0i,0.697262764984913+0.289096311480787i
34+0i,4+0i,-4.4012785562108-13.7012277518176i
34+0i,5+0i,10.1964933016796-8.5109324680067i
34+0i,6+0i,17.2413481934155+9.5520123794602i
34+0i,7+0i,18.7780161382216+4.1211460089296i
34+0i,8+0i,2.37481538845963-4.54434882138372i
34+0i,9+0i,-8.15218887255109+3.97115497436019i
34+0i,10+0i,2.03484217930428+0.48938643930632i
34+0i,11+0i,1.36924844834023+4.24970092707277i
34+0i,12+0i,7.20878924914756-1.94708284612276i
34+0i,13+0i,5.52857862616528-6.28724333324062i
34+0i,14+0i,-2.73839829257599+2.16732874359478i
34+0i,15+0i,0.7992408654531-4.26456226937262i
34+0i,16+0i,-5.41083895205703-3.19679436032026i
34+0i,17+0i,-5.94981407199281-3.62540689875005i
34+0i,18+0i,6.0250559358265-11.8918199408873i
34+0i,19+0i,-3.83804620558714-2.14151997308514i
34+0i,20+0i,5.7570951777175+12.5293031983046i
34+0i,21+0i,21.855109221015+5.0973650602732i
34+0i,22+0i,7.85630771342571+4.17935656525687i
34+0i,23+0i,5.6409078405547+11.1191232281779i
34+0i,24+0i,-6.0927219746688+12.054665252219i
34+0i,25+0i,-10.9851236855505+6.7448319106215i
34+0i,26+0i,-8.38830870787125-9.17075000902767i
34+0i,27+0i,-10.1797466487383-8.0446402616128i
34+0i,28+0i,3.37823864860992-0.50425135586438i
34+0i,29+0i,5.69831703100546+4.61474859261987i
34+0i,30+0i,7.66591484445355+0.83922039895954i
34+0i,31+0i,6.6911498314819-2.36521229545705i
34+0i,32+0i,5.66634884365424+2.78467035250439i
34+0i,33+0i,-0.45702237802993+3.57208762832915i
34+0i,34+0i,-8.7501346831809+15.3187782841736i
34+0i,35+0i,2.69496735965396-0.4740260159439i
34+0i,36+0i,-2.7574741289675-17.4733980892177i
34+0i,37+0i,-0.90891711196819+1.42685584923672i
34+0i,38+0i,16.3321822193704-0.8352312780601i
34+0i,39+0i,8.15271072785465-2.32262932563764i
34+0i,40+0i,0.8835852380905+13.0563136980428i
34+0i,41+0i,-7.46800317828952+8.71115924108156i
34+0i,42+0i,-13.0101277383812+2.2405241498656i
34+0i,43+0i,-2.2780139410214-1.47003008216814i
34+0i,44+0i,-1.89268186510942-1.70647604595605i
34+0i,45+0i,7.42458222771502-6.18965814766634i
34+0i,46+0i,1.1547487415888-18.6809868002231i
34+0i,47+0i,-10.3179809133865-3.2952097232562i
34+0i,48+0i,7.86203392511395+0.24431020377107i
34+0i,49+0i,6.06979753141845-7.26274262648019i
34+0i,50+0i,1.75291355992843+3.09649836926971i
35+0i,-49+0i,1.8331571110968-2.64546923141774i
35+0i,-48+0i,6.76721827189188+0.98226918810753i
35+0i,-47+0i,-1.66923085018012+3.2027304111524i
35+0i,-46+0i,-0.64963039428593+8.67820225650555i
35+0i,-45+0i,4.00294550456391-0.86560392599311i
35+0i,-44+0i,-0.96082336132431-0.48319266515635i
35+0i,-43+0i,2.69569726810653+1.58501112979368i
35+0i,-42+0i,-0.56478048819328+2.84113173775009i
35+0i,-41+0i,-2.71320574584734+1.10216495938378i
35+0i,-40+0i,1.98698130247748-8.21033788771157i
35+0i,-39+0i,1.21471999122285+7.48034410327629i
35+0i,-38+0i,-5.49147893055792+0.0589228785341i
35+0i,-37+0i,-5.3948026085476-12.8482206482423i
35+0i,-36+0i,0.17245632387476-3.92067245384313i
35+0i,-35+0i,0.99852444473271-7.56965263751226i
35+0i,-34+0i,16.1315649520044-4.5496486401477i
35+0i,-33+0i,10.2572489340233+5.7411030271008i
35+0i,-32+0i,0.7154095545171+11.828555009514i
35+0i,-31+0i,-3.80083669817613+3.31480374205185i
35+0i,-30+0i,-14.9453730756871+1.7551916303767i
35+0i,-29+0i,5.891916263029-5.22651586139123i
35+0i,-28+0i,1.1904597576782-14.0172645096917i
35+0i,-27+0i,-5.70043908437733+5.51500505841381i
35+0i,-26+0i,3.05311414965319+4.27070949848042i
35+0i,-25+0i,-7.95457745836785-2.32935609071613i
35+0i,-24+0i,-3.10534150336514+1.02333470759287i
35+0i,-23+0i,-2.0864750509208-0.23694877698113i
35+0i,-22+0i,3.41512580276783+4.48082336021961i
35+0i,-21+0i,4.23742447059896-0.41973175503827i
35+0i,-20+0i,-11.5991411977392-8.7531512000931i
35+0i,-19+0i,-2.277386323217-13.4930576747007i
35+0i,-18+0i,5.7441314112848-10.6273067308619i
35+0i,-17+0i,7.69621677540082-1.20901607230339i
35+0i,-16+0i,7.00608645697154+1.49231474220453i
35+0i,-15+0i,-3.83284471352064+9.78661919517454i
35+0i,-14+0i,-1.6835475983049+13.1473274496406i
35+0i,-13+0i,-7.69402584011894+3.55255897473787i
35+0i,-12+0i,-11.1004197690995-4.9432494401424i
35+0i,-11+0i,-4.77445916785366-7.3424777017019i
35+0i,-10+0i,-1.78859736804897+3.22619735742636i
35+0i,-9+0i,10.3833410722682+0.7310710579268i
35+0i,-8+0i,5.69513928977665+6.34417518598673i
35+0i,-7+0i,1.2117605124305+20.5058516066903i
35+0i,-6+0i,5.62498013182614+3.91468359414486i
35+0i,-5+0i,0.23009144379108-1.37895861388275i
35+0i,-4+0i,-2.48836234033068-4.79415857720232i
35+0i,-3+0i,6.05551321808181-8.76990494107896i
35+0i,-2+0i,7.9682702622983+6.43651639911261i
35+0i,-1+0i,-7.47961865291872+6.92306449657407i
35+0i,0+0i,-3.09459665506233-0.27563166990871i
35+0i,1+0i,-1.21717185535348+9.72872228074403i
35+0i,2+0i,-4.4512314762323+12.8803770609735i
35+0i,3+0i,-3.33286981155679+2.15131424570501i
35+0i,4+0i,-12.2348522784057+3.2593294298506i
35+0i,5+0i,0.47837484607627-1.40078829322393i
35+0i,6+0i,13.3539269181897-2.4509083040579i
35+0i,7+0i,0.84646620412481-9.74603732527522i
35+0i,8+0i,-8.0170635811542-7.1109897467125i
35+0i,9+0i,13.3746079915374+13.8128073071132i
35+0i,10+0i,12.376417267057-1.7967283584138i
35+0i,11+0i,-4.7038218722861-3.18320425509729i
35+0i,12+0i,5.46790730499183-0.32522870760884i
35+0i,13+0i,-2.67927897264437-3.16848033331391i
35+0i,14+0i,-4.84098600606699+8.32388792057167i
35+0i,15+0i,6.58257134173354-3.84486175553825i
35+0i,16+0i,-4.8164008301036-12.5619307860594i
35+0i,17+0i,-15.4001713987691-11.0508069584457i
35+0i,18+0i,-0.33929943717398-6.41277435982282i
35+0i,19+0i,6.97712577180416-3.44639402389308i
35+0i,20+0i,1.66453268954804-4.87763723793946i
35+0i,21+0i,4.62947911178758+1.5020789433738i
35+0i,22+0i,4.33942522239246+4.45451300144352i
35+0i,23+0i,9.33745630202705-3.14676300981088i
35+0i,24+0i,-0.80590438726458-2.82392661872434i
35+0i,25+0i,0.23595850098321-4.02511922564947i
35+0i,26+0i,13.3620767007505-8.535779922616i
35+0i,27+0i,-2.38889744667425+2.38227292683194i
35+0i,28+0i,-12.9102478334571-1.1278474802641i
35+0i,29+0i,0.45991329774249+1.20611578757452i
35+0i,30+0i,14.2281749835875-1.7127446220394i
35+0i,31+0i,0.84689999275572-4.74158874719489i
35+0i,32+0i,1.9142446983387+12.647443062416i
35+0i,33+0i,1.30827555011066-2.05774856641235i
35+0i,34+0i,-14.6929712564842-4.9724905022359i
35+0i,35+0i,-1.71848713706584-1.22497138616711i
35+0i,36+0i,3.28016303413894-9.95034758828751i
35+0i,37+0i,7.91131848233603-5.66783891024223i
35+0i,38+0i,10.8911099216143-1.5760939484232i
35+0i,39+0i,1.2802619174645+11.1627045593944i
35+0i,40+0i,1.02714259903074+9.39692953263924i
35+0i,41+0i,-5.86417174194415+1.28373296841672i
35+0i,42+0i,-8.26403112588172+3.82977027022722i
35+0i,43+0i,-0.55777538672355+2.60885318466814i
35+0i,44+0i,-4.26060108296514+2.41795156896963i
35+0i,45+0i,-4.16004334810799+2.91917716990041i
35+0i,46+0i,7.40090192672223-0.79569675055376i
35+0i,47+0i,0.97495402203328-8.95220255955751i
35+0i,48+0i,-8.860097098931-4.01881981722697i
35+0i,49+0i,-2.44965308067228+3.00101183812835i
35+0i,50+0i,-0.70920576124325-4.8585986235984i
36+0i,-49+0i,1.44474426776462+8.22507843748676i
36+0i,-48+0i,1.10024351141249+3.0391246623343i
36+0i,-47+0i,3.82263271384346+0.05996290244254i
36+0i,-46+0i,1.71400475489342-0.69863846921976i
36+0i,-45+0i,-4.27238847601799+8.0332457669927i
36+0i,-44+0i,9.96629890195821+1.12860165348054i
36+0i,-43+0i,-9.43559017784722-9.12025667868356i
36+0i,-42+0i,-4.70002247999579+4.93591338738246i
36+0i,-41+0i,15.3429253591775-3.2256835695326i
36+0i,-40+0i,-4.77332769086433+0.21169943856089i
36+0i,-39+0i,3.14716555797135+4.04134772780405i
36+0i,-38+0i,-3.27637344039308-9.91534904569348i
36+0i,-37+0i,-6.13303888109949+0.71563179556438i
36+0i,-36+0i,6.74147789301538-8.4656986287481i
36+0i,-35+0i,-5.24732539601581-6.5263542740097i
36+0i,-34+0i,14.6321181662113+9.5681056101151i
36+0i,-33+0i,11.3607033181307+3.0181449397274i
36+0i,-32+0i,2.3661526552911+10.6857980355883i
36+0i,-31+0i,6.16990906480748-1.41627008366596i
36+0i,-30+0i,-17.2654017426282-9.4615914112675i
36+0i,-29+0i,8.1056471849068+4.59443713607371i
36+0i,-28+0i,20.4549941713831+0.7717842176165i
36+0i,-27+0i,-7.28015260121304+3.33808582416308i
36+0i,-26+0i,-8.7250471130131+17.3605480294914i
36+0i,-25+0i,-10.5995812364275+13.1915904376484i
36+0i,-24+0i,-8.67508327720276-7.96384635093493i
36+0i,-23+0i,7.95422021490889-7.2258929673545i
36+0i,-22+0i,9.94863294547577-4.13253183077466i
36+0i,-21+0i,-7.364878873624-5.8528818558473i
36+0i,-20+0i,-5.56386604712819+2.82067943021776i
36+0i,-19+0i,7.58516169877934-5.41986090221797i
36+0i,-18+0i,-0.46150744415142-9.49336039182969i
36+0i,-17+0i,-2.11795120876227-5.85889092104295i
36+0i,-16+0i,2.4076764619417-10.4091743048799i
36+0i,-15+0i,-6.03640551519653-1.54880490268833i
36+0i,-14+0i,2.04214929702788+0.48550997743193i
36+0i,-13+0i,6.4490060719785-10.9025400303557i
36+0i,-12+0i,-3.33171473962806-6.38546317836866i
36+0i,-11+0i,-1.9683490261488-5.27130956316264i
36+0i,-10+0i,-4.18330373438573+1.46898508407965i
36+0i,-9+0i,3.56884788277397+5.1145418546266i
36+0i,-8+0i,8.28902261266519-3.12150454357514i
36+0i,-7+0i,0.81375602982696+4.45419068101283i
36+0i,-6+0i,-4.13578569356128-0.12379370617658i
36+0i,-5+0i,6.24576099976636+5.23701695072184i
36+0i,-4+0i,15.1478002647705+8.2762340141509i
36+0i,-3+0i,-9.34627517656673-6.3407124701966i
36+0i,-2+0i,-9.15435588777407-6.76496263792084i
36+0i,-1+0i,-0.8543204814896-12.6633389413202i
36+0i,0+0i,0.78996839651144-3.27625173702449i
36+0i,1+0i,13.5003179581465+11.2447851349471i
36+0i,2+0i,-2.77522891743188+7.65215587519769i
36+0i,3+0i,-6.61604807630159+9.19692243191629i
36+0i,4+0i,6.42572739331887+9.57616024879216i
36+0i,5+0i,-3.97770260925652+2.09765996119482i
36+0i,6+0i,-13.0975486361753+6.2277335642376i
36+0i,7+0i,-6.42058386774554-2.38047874018019i
36+0i,8+0i,-3.8599608416837-15.7498988448962i
36+0i,9+0i,8.27593530307275-2.29516560017925i
36+0i,10+0i,17.4937220405361-13.8675573416751i
36+0i,11+0i,2.1727692855212-9.60787858791385i
36+0i,12+0i,7.5172594774959+19.429609690709i
36+0i,13+0i,15.7144557227643+10.6444500488133i
36+0i,14+0i,-3.2326049862047+2.65713927863439i
36+0i,15+0i,-10.1643676521558-2.3600594434262i
36+0i,16+0i,-0.49123947340845-6.43641492132758i
36+0i,17+0i,-5.53595666470782-0.04352180448279i
36+0i,18+0i,-10.2449440630388-3.4056868105882i
36+0i,19+0i,-5.81461098786646+3.04582476747066i
36+0i,20+0i,-6.52443968635218+8.90573551668113i
36+0i,21+0i,-10.1767673765964-2.4638096066347i
36+0i,22+0i,-14.5360776378407+3.6658823564913i
36+0i,23+0i,-10.8365104969394+3.3209813405237i
36+0i,24+0i,-6.7631318975735-17.4134653962161i
36+0i,25+0i,-1.200884383569-28.6454064369437i
36+0i,26+0i,-0.2773861952536-15.4465235929292i
36+0i,27+0i,3.40309271060388+3.66572927588848i
36+0i,28+0i,7.79342875015136-0.77276422864655i
36+0i,29+0i,1.9553715741683+12.3082275353954i
36+0i,30+0i,-4.73144957014356+5.5680252172745i
36+0i,31+0i,-16.7707200483079-10.8677828254122i
36+0i,32+0i,-0.124075004647705-0.470397844735946i
36+0i,33+0i,6.814718554496-10.7713682157622i
36+0i,34+0i,-1.24249360178811+3.58354698200216i
36+0i,35+0i,3.6299863797379+10.2542366229362i
36+0i,36+0i,-2.94093672771756-2.20444129407471i
36+0i,37+0i,5.16292445898553+3.33394588982657i
36+0i,38+0i,4.88311783100741+9.90722234146763i
36+0i,39+0i,-1.51745723010613+8.74412356937207i
36+0i,40+0i,-9.38316576246251-3.39015264252085i
36+0i,41+0i,-10.2513799397562+1.9175206287634i
36+0i,42+0i,-0.98133065588028-4.08731674113259i
36+0i,43+0i,-0.36944153196769+4.57493193056739i
36+0i,44+0i,13.0123026914243+17.8967985879698i
36+0i,45+0i,1.06212014998232-0.13443173775303i
36+0i,46+0i,-4.26683858662392+1.60572526725979i
36+0i,47+0i,3.80609013850813-0.93342025246082i
36+0i,48+0i,-2.25126427149832-5.25216544448181i
36+0i,49+0i,1.65186362881963-5.97278926503971i
36+0i,50+0i,-1.90475409622265-2.1960632119132i
37+0i,-49+0i,0.56284355616009+5.21552954420727i
37+0i,-48+0i,-13.5097195392741-2.2893154683022i
37+0i,-47+0i,-4.0125529281563+15.4028401835044i
37+0i,-46+0i,7.29714765154898-1.95112648461179i
37+0i,-45+0i,-11.857965910127-2.7856650705654i
37+0i,-44+0i,-6.06704249877417+8.70671408476001i
37+0i,-43+0i,-3.771264730774-3.93434961130372i
37+0i,-42+0i,-1.26768452650476-7.35930693036601i
37+0i,-41+0i,4.39896049141095-6.02093469105481i
37+0i,-40+0i,-3.3136455652747-10.0934033323464i
37+0i,-39+0i,6.99362100354082-9.65420615969542i
37+0i,-38+0i,9.48577598782181-2.23207551983624i
37+0i,-37+0i,-0.992554262100841-0.647429270927745i
37+0i,-36+0i,9.14181409679214+7.26578725682501i
37+0i,-35+0i,9.0420451996731+10.2198547872104i
37+0i,-34+0i,-1.27919957158313-0.59205621982158i
37+0i,-33+0i,3.89570494486476+0.66619797685089i
37+0i,-32+0i,5.98066392445653+1.0974036658481i
37+0i,-31+0i,8.59174495177141-2.08934135890879i
37+0i,-30+0i,10.5038312987706-2.3079783552999i
37+0i,-29+0i,7.58605269321205+0.05229975321792i
37+0i,-28+0i,2.7020701375361+8.85548966901009i
37+0i,-27+0i,-9.29099035898252+8.78228662508593i
37+0i,-26+0i,-4.06134679521829+7.51057437720581i
37+0i,-25+0i,3.27329801860562-0.8066953905673i
37+0i,-24+0i,-4.7756233121931-12.9777113204606i
37+0i,-23+0i,5.08496812764774+1.84773079082322i
37+0i,-22+0i,9.97238144517523+5.89328677033973i
37+0i,-21+0i,-1.86027450443388-6.46231750536124i
37+0i,-20+0i,-1.71946057785784-1.35889947075555i
37+0i,-19+0i,3.36554349580798-4.23035865480745i
37+0i,-18+0i,1.4552073156085-15.314833372901i
37+0i,-17+0i,-5.24074178327613-1.05232256142651i
37+0i,-16+0i,-6.48924203418626+8.07416633473439i
37+0i,-15+0i,-12.5657013117184-9.7492902667777i
37+0i,-14+0i,-6.4501154412717-19.6690671942411i
37+0i,-13+0i,7.0648700590316-12.529786293892i
37+0i,-12+0i,3.62941606824306+1.08914706348386i
37+0i,-11+0i,2.0384454062598-3.09309462797106i
37+0i,-10+0i,-7.26977828697005-0.24799934665701i
37+0i,-9+0i,-13.69432797289+5.073394228999i
37+0i,-8+0i,-13.5713120089835-7.8952668914586i
37+0i,-7+0i,-3.65283246485576-0.07800060430218i
37+0i,-6+0i,5.81202189460358-0.65005514524228i
37+0i,-5+0i,6.16413056495442+2.37742763678696i
37+0i,-4+0i,4.29535657493543+5.94423985942602i
37+0i,-3+0i,-10.9659382229402-5.564993531548i
37+0i,-2+0i,3.5245647371706-1.88707891290583i
37+0i,-1+0i,-5.69456439286278-0.50011703758174i
37+0i,0+0i,-24.1216147784039+2.9009733677187i
37+0i,1+0i,4.70730257356772-1.76397103798121i
37+0i,2+0i,4.04219343586162-8.98992081201469i
37+0i,3+0i,4.05638576245741-9.87520147270045i
37+0i,4+0i,16.9411583226434+11.6618418336998i
37+0i,5+0i,8.5525337448896+28.9403508570776i
37+0i,6+0i,-10.0128213405552+7.5714188953024i
37+0i,7+0i,-14.6454095170868+1.3286360516838i
37+0i,8+0i,-7.2725920722932-10.0928923455033i
37+0i,9+0i,-6.2541061094213-15.0762273367445i
37+0i,10+0i,8.60520277372061-6.96516097963463i
37+0i,11+0i,16.8419614933062-5.5317193813234i
37+0i,12+0i,14.400276231072+11.3385419792695i
37+0i,13+0i,6.5665824071951+10.0661491210333i
37+0i,14+0i,-6.69567616447522-2.89813537668783i
37+0i,15+0i,-5.9683985076401-13.0051093931082i
37+0i,16+0i,2.87953122038132-7.44280569972613i
37+0i,17+0i,7.06153456349605+9.10691382856611i
37+0i,18+0i,1.83603458559603-2.54525372193159i
37+0i,19+0i,-4.0669921220124-5.05857534651937i
37+0i,20+0i,-3.8193651793061+14.3533665920165i
37+0i,21+0i,3.559985453279+13.4302661837407i
37+0i,22+0i,-0.10557233404292+7.13155040350769i
37+0i,23+0i,-11.3952121619858+11.5684825278074i
37+0i,24+0i,-12.2052616918992+12.6918856209827i
37+0i,25+0i,-14.9284012565349+1.4546475356186i
37+0i,26+0i,-16.903764099354-7.4718829167362i
37+0i,27+0i,-4.76512154835489-3.807093623022i
37+0i,28+0i,0.71175097301553-8.69152028528793i
37+0i,29+0i,2.47198020301858+3.84087669734813i
37+0i,30+0i,5.65890710790072+5.65903895679048i
37+0i,31+0i,-15.0433511712851-7.0952616333462i
37+0i,32+0i,-11.9647820190105+11.5763819745399i
37+0i,33+0i,2.92217990233309+0.76320063683305i
37+0i,34+0i,-0.3342682145238-13.0418310625661i
37+0i,35+0i,9.50483906834669+1.52967670257968i
37+0i,36+0i,9.33049838430474+8.61313218638991i
37+0i,37+0i,2.7595073384711+10.0330554747502i
37+0i,38+0i,-3.18476998456376+6.64059736117383i
37+0i,39+0i,-3.01754001388594-0.80275450182724i
37+0i,40+0i,1.6364322626265-7.26757036847438i
37+0i,41+0i,-0.41998901860227+5.42243852852275i
37+0i,42+0i,-4.10728088333453+9.8252704391817i
37+0i,43+0i,-2.08702998738882+2.36515799985735i
37+0i,44+0i,6.69247933440623+2.18078628204632i
37+0i,45+0i,5.20439569792925-2.77988425981515i
37+0i,46+0i,7.77083975903209-3.69995648557954i
37+0i,47+0i,1.36139373679248+8.84360809803407i
37+0i,48+0i,1.9276180800348+5.72746744392678i
37+0i,49+0i,8.1900983722151-10.8435410514872i
37+0i,50+0i,-0.09958611049348+7.11682169673917i
38+0i,-49+0i,-1.45118322302302+1.32027037035738i
38+0i,-48+0i,-6.38616944682572+1.67440715057125i
38+0i,-47+0i,-10.9957929128735+1.6632729302142i
38+0i,-46+0i,-4.57795566760372+4.40137840642055i
38+0i,-45+0i,8.91994193645573+6.17922126338084i
38+0i,-44+0i,-0.357698599670387+0.405952825035338i
38+0i,-43+0i,-1.01002708856007+7.9464358294072i
38+0i,-42+0i,-3.97095413315109-1.15317608059516i
38+0i,-41+0i,-5.42624839398411-5.30320364588873i
38+0i,-40+0i,8.58837906464904-3.98094195047194i
38+0i,-39+0i,-1.59319985464475-0.93593892509069i
38+0i,-38+0i,2.33341125588534+7.65772996090801i
38+0i,-37+0i,4.18801983307013-5.15210105539186i
38+0i,-36+0i,-1.1056079793269+1.95653734289458i
38+0i,-35+0i,2.82653546661719+8.59982053760574i
38+0i,-34+0i,-5.22405348625475+3.20324222410515i
38+0i,-33+0i,1.44850969367994-1.49824444189154i
38+0i,-32+0i,-2.3644707227101-12.7097942391014i
38+0i,-31+0i,11.0267347575613-2.9175290515233i
38+0i,-30+0i,24.4110835300602-4.3181022545551i
38+0i,-29+0i,-0.818541449897-3.22341633780906i
38+0i,-28+0i,0.88511201000061+3.28270061716329i
38+0i,-27+0i,-6.3228614824719-12.2889958965234i
38+0i,-26+0i,0.904315305762467+0.106674094201799i
38+0i,-25+0i,24.5277238489649+12.3664408279535i
38+0i,-24+0i,-5.21064241643049+5.41587971785869i
38+0i,-23+0i,-5.90546447803962+8.12167153401301i
38+0i,-22+0i,4.22909908587049-0.93093855757261i
38+0i,-21+0i,-4.1306802743511-7.7083985007231i
38+0i,-20+0i,11.4667946757299-8.8268774353877i
38+0i,-19+0i,2.63909142682915-6.37859545940368i
38+0i,-18+0i,-4.16314633174316+2.02303545954262i
38+0i,-17+0i,-1.13413162154303+6.57370507064465i
38+0i,-16+0i,-9.53074131011091+6.18415264380778i
38+0i,-15+0i,-8.05958299665161-7.96330437419963i
38+0i,-14+0i,-2.57643119664706-6.51646596630533i
38+0i,-13+0i,-0.04338098384245-7.83609676009438i
38+0i,-12+0i,-10.770041368885-12.324951525122i
38+0i,-11+0i,1.58268721742724+1.36816844001169i
38+0i,-10+0i,8.4092605374598-2.46638497716507i
38+0i,-9+0i,-12.1490105447604+1.5612293560043i
38+0i,-8+0i,-2.64816279520656+3.91977641295438i
38+0i,-7+0i,-1.39023060960634+1.35960603124158i
38+0i,-6+0i,-9.3288434770944+14.5264710505901i
38+0i,-5+0i,10.7345703548717-0.4047014234462i
38+0i,-4+0i,2.80057731040228-5.73415722916226i
38+0i,-3+0i,-17.6714340098088+22.3718338559818i
38+0i,-2+0i,-1.89820642124459+5.48744603054388i
38+0i,-1+0i,-16.0322015184648-13.8061000186902i
38+0i,0+0i,-22.9801843383347-1.3736699221447i
38+0i,1+0i,14.2823994416519-19.6326660846159i
38+0i,2+0i,12.9010325763681-7.5779437464131i
38+0i,3+0i,7.4154210265309+19.4861357714378i
38+0i,4+0i,22.1923265208019+14.8890509037536i
38+0i,5+0i,13.0202001062039+23.5428566866547i
38+0i,6+0i,-16.3264135806138+18.1359904042228i
38+0i,7+0i,-28.549965600882-2.774564482233i
38+0i,8+0i,-15.4055121662319-13.1712504051444i
38+0i,9+0i,6.62170837674954-4.92610754610623i
38+0i,10+0i,18.8766366816657-3.3695190818348i
38+0i,11+0i,5.17277049281415-5.32179104663891i
38+0i,12+0i,-2.11646436300847+4.81474723020086i
38+0i,13+0i,-1.87585040881785-6.20190370880436i
38+0i,14+0i,-2.1985158543647-10.0154604857238i
38+0i,15+0i,4.66092050795864-5.3263191719556i
38+0i,16+0i,12.9270678158034-14.4683493491911i
38+0i,17+0i,6.30862287653521-8.51754924455198i
38+0i,18+0i,-6.00445883690767+0.09462491417953i
38+0i,19+0i,11.0422727900988-8.1264506686089i
38+0i,20+0i,17.0674159759684-3.5055828657182i
38+0i,21+0i,2.32281087289983+2.36611286747908i
38+0i,22+0i,4.1833402545432+8.22326607010861i
38+0i,23+0i,10.7016392287347+21.5665602354515i
38+0i,24+0i,-0.31520207065009+9.45289770920185i
38+0i,25+0i,-7.84511396156811-1.0451492821248i
38+0i,26+0i,-4.7023192890079+10.826971854188i
38+0i,27+0i,-1.2643170954304+17.1511653661198i
38+0i,28+0i,-3.6821778604171-12.9047654764496i
38+0i,29+0i,-17.6395316482218-11.9435619810302i
38+0i,30+0i,3.69550993990429+8.697352270914i
38+0i,31+0i,9.4134266105004-14.424653520676i
38+0i,32+0i,-4.17740745824717+6.78697611990039i
38+0i,33+0i,2.83368048282516+7.08429495714879i
38+0i,34+0i,-9.3034575942078-13.2531492163718i
38+0i,35+0i,3.84249510641325+5.11314515749747i
38+0i,36+0i,7.09652854019032-2.8696384603637i
38+0i,37+0i,1.42490740183393+2.56469407581569i
38+0i,38+0i,7.81227420963692+2.21390366595563i
38+0i,39+0i,-4.92988441696934-5.78053261323602i
38+0i,40+0i,4.49774514778318-1.60363588777498i
38+0i,41+0i,0.5890859011459+1.61746862234173i
38+0i,42+0i,-3.7691569060467+10.2485266726211i
38+0i,43+0i,3.2735170508303-4.38026860471092i
38+0i,44+0i,-6.96654704985755+0.57496064645636i
38+0i,45+0i,-1.59032726556441+9.67774857771822i
38+0i,46+0i,2.02401444748725-0.004920328068i
38+0i,47+0i,4.34182893972881+5.56087170877483i
38+0i,48+0i,6.65751322939524-7.06342501858522i
38+0i,49+0i,-1.55691168028419-6.53026647077815i
38+0i,50+0i,-0.12284716588742+9.75276781743451i
39+0i,-49+0i,-7.36790084899026+4.01278420831925i
39+0i,-48+0i,-1.52274199163757-2.85627857232929i
39+0i,-47+0i,-0.83769566026574-4.78625071274703i
39+0i,-46+0i,0.37935998182648+4.76517319905134i
39+0i,-45+0i,2.36897577032735+4.65329392518417i
39+0i,-44+0i,-3.87790157357103+6.30869905874051i
39+0i,-43+0i,6.66847701626353+6.98028512518495i
39+0i,-42+0i,2.66828984498997-1.90120954698292i
39+0i,-41+0i,0.20112232514702+5.21639645855229i
39+0i,-40+0i,5.83383777022941+3.80649423477147i
39+0i,-39+0i,-10.3072035836889-3.1030383071574i
39+0i,-38+0i,3.08071819343464+1.58649256016644i
39+0i,-37+0i,4.18337326271615-3.21140848166674i
39+0i,-36+0i,-8.1129429872969+5.66493375079679i
39+0i,-35+0i,4.26846036652129+5.99462523249427i
39+0i,-34+0i,-11.0824587025575-2.1540847093786i
39+0i,-33+0i,0.89321927884918+4.91073196059732i
39+0i,-32+0i,18.7287848461499-5.6454725960217i
39+0i,-31+0i,2.37021578601009-3.11665289521128i
39+0i,-30+0i,7.23618881693225+4.0873691305764i
39+0i,-29+0i,-2.39738566660884-6.68890421436402i
39+0i,-28+0i,-3.18153584664512+1.5159220871296i
39+0i,-27+0i,6.97979414074231+1.81055416345313i
39+0i,-26+0i,-8.96689490738547-0.4330438544103i
39+0i,-25+0i,-3.45155091859883+9.91797947486032i
39+0i,-24+0i,1.47512589078166+1.67316652738628i
39+0i,-23+0i,5.46118382205267-3.25560695808911i
39+0i,-22+0i,9.26248429508724+2.83965196158247i
39+0i,-21+0i,-5.35864286921314+1.28295425732538i
39+0i,-20+0i,-1.54598571720719-6.70942260175525i
39+0i,-19+0i,0.73908891726509-2.04016379040089i
39+0i,-18+0i,6.74719976525489-1.69319467805578i
39+0i,-17+0i,6.04729380747793-6.15365366085378i
39+0i,-16+0i,-2.45830951144343+7.2503324408262i
39+0i,-15+0i,1.24824907257521-6.20503379190846i
39+0i,-14+0i,-3.74407336070941-8.40830395549176i
39+0i,-13+0i,9.26348827136845-1.55198268814405i
39+0i,-12+0i,5.73819135584819-4.65189151033242i
39+0i,-11+0i,-1.6884573420784+13.7766521462159i
39+0i,-10+0i,3.90294583750645-9.87935042021928i
39+0i,-9+0i,-3.49538843677068-9.25510454770639i
39+0i,-8+0i,9.9243438520427+18.9064548752977i
39+0i,-7+0i,-5.25548331021487-3.09981706328788i
39+0i,-6+0i,-18.9017205911712-2.4799490951447i
39+0i,-5+0i,13.7927313048032+8.8691233578978i
39+0i,-4+0i,9.31580063228919+1.86341654045519i
39+0i,-3+0i,-18.052164811388-0.4389077277182i
39+0i,-2+0i,-5.3851950428625-11.4586051192995i
39+0i,-1+0i,0.19776203742811-8.95005723949355i
39+0i,0+0i,-7.83253448621855+4.97373287360034i
39+0i,1+0i,16.4959831812434-7.8409794196122i
39+0i,2+0i,9.00673142514928+8.45360351472561i
39+0i,3+0i,-13.2890501667053+30.734971306789i
39+0i,4+0i,16.5385653322211-2.7688876240012i
39+0i,5+0i,22.3201140205997-1.735479299177i
39+0i,6+0i,-22.6023947846751+24.7821445974785i
39+0i,7+0i,-27.8923177179232+14.318791041172i
39+0i,8+0i,15.063315055146-8.3575582712732i
39+0i,9+0i,19.1078603964367-17.2927714522976i
39+0i,10+0i,-9.36126741166862-0.15872025603754i
39+0i,11+0i,-5.33960214373487+7.61498862567084i
39+0i,12+0i,11.3945112378614-1.451803227182i
39+0i,13+0i,11.3030215414968+0.2438168519395i
39+0i,14+0i,5.72862088122681-1.86779936030364i
39+0i,15+0i,-9.03078630670093-3.12342997357088i
39+0i,16+0i,-8.56225708136729-3.29136265112589i
39+0i,17+0i,1.7991125190336-11.9495349636056i
39+0i,18+0i,-1.6658750789569-11.3107607690998i
39+0i,19+0i,2.197571781295-16.4330671710641i
39+0i,20+0i,0.00820315125483-7.73437279708024i
39+0i,21+0i,1.5893353953422+4.57972734859092i
39+0i,22+0i,4.01804666971589-9.86830602534619i
39+0i,23+0i,-5.7415323684311-10.7759926490017i
39+0i,24+0i,-0.49485935442225-7.00460323016429i
39+0i,25+0i,10.6563230766196-9.5565825864259i
39+0i,26+0i,-0.07797585101634-6.24165360902417i
39+0i,27+0i,-1.06430026539263+8.17529739257461i
39+0i,28+0i,18.4616851963312-1.4862842276703i
39+0i,29+0i,5.52734205033415-8.83566757628875i
39+0i,30+0i,-4.3124075879385+13.5234119715467i
39+0i,31+0i,-11.7017855093409-2.101120693808i
39+0i,32+0i,-11.7385160611363-10.8442463978909i
39+0i,33+0i,7.1305807003397-10.3930080435612i
39+0i,34+0i,-6.59865842730626-4.00510846043012i
39+0i,35+0i,-2.7756294930739+15.9721351236231i
39+0i,36+0i,-0.94876429283225+2.78058044489644i
39+0i,37+0i,-5.12813655688722-7.13059162852508i
39+0i,38+0i,0.9436267865163-10.9740868671059i
39+0i,39+0i,-3.14551353751049-0.34072421826263i
39+0i,40+0i,0.74970061285468-1.51528159769926i
39+0i,41+0i,-12.7805929277073-8.0992097878139i
39+0i,42+0i,-0.23471932708024+3.2158751304433i
39+0i,43+0i,9.9475331411179-6.49766141403822i
39+0i,44+0i,-2.2113889932666+11.357200424854i
39+0i,45+0i,2.061982361196+17.8582842476005i
39+0i,46+0i,-10.6000753103702-4.340974172693i
39+0i,47+0i,-3.56191466717376+1.88111174243695i
39+0i,48+0i,6.90937499282084+2.32127274445069i
39+0i,49+0i,-0.30282409018024-2.79790893843633i
39+0i,50+0i,-2.23986199670511+1.86088023101424i
40+0i,-49+0i,-3.76360120785826-5.22270646714234i
40+0i,-48+0i,-6.7827772552137-10.6747525268679i
40+0i,-47+0i,-1.90152093546708-2.41869596672897i
40+0i,-46+0i,-4.92744232782869+1.20758758103482i
40+0i,-45+0i,2.3008830278531+2.62789870527397i
40+0i,-44+0i,-6.12234295817555-0.20296848162524i
40+0i,-43+0i,-2.49839735305792+6.58157579837883i
40+0i,-42+0i,16.4412167970863-0.9843644593024i
40+0i,-41+0i,-6.0068981494441-10.1169046774058i
40+0i,-40+0i,-2.99200386765207+2.75226433614857i
40+0i,-39+0i,5.47190302994302-6.05564003487582i
40+0i,-38+0i,-5.05009172670785-4.89496735682279i
40+0i,-37+0i,10.0383748435703+4.4416340457976i
40+0i,-36+0i,4.42339971685376+5.68971775710628i
40+0i,-35+0i,1.4062325492278+15.5705235560432i
40+0i,-34+0i,-0.39635617297488+1.37423357943525i
40+0i,-33+0i,-10.1503343478976-1.5661933077161i
40+0i,-32+0i,10.6235062299968+10.0990669520304i
40+0i,-31+0i,11.6806884302105+0.7841348647045i
40+0i,-30+0i,-1.31610652673926+7.75667698389127i
40+0i,-29+0i,1.4378391411135+10.670351144693i
40+0i,-28+0i,-6.25481879858887-1.30062504935775i
40+0i,-27+0i,-13.5274532962371+8.2459030130772i
40+0i,-26+0i,-5.22170912819191-0.07369400968151i
40+0i,-25+0i,-0.2497504248274-17.3142373004668i
40+0i,-24+0i,-5.35712022898354+0.06624533667186i
40+0i,-23+0i,11.4211871344925+3.2977766813469i
40+0i,-22+0i,21.0789456380206-0.5907546608051i
40+0i,-21+0i,2.2592756285001+16.3696880489164i
40+0i,-20+0i,1.59751079086833+2.62544248348446i
40+0i,-19+0i,-3.9555965058096-9.19759371776719i
40+0i,-18+0i,-3.87857660263259-1.81169734867476i
40+0i,-17+0i,14.2879575695588-7.142467561434i
40+0i,-16+0i,8.92155274679355+5.78412883887578i
40+0i,-15+0i,-7.39913400402361+0.26345701870337i
40+0i,-14+0i,-6.66724214434146-8.88473065802719i
40+0i,-13+0i,13.1832073725062-1.1277956367233i
40+0i,-12+0i,4.92765334691652-8.44211022210382i
40+0i,-11+0i,-1.68532701507159+0.84081079764076i
40+0i,-10+0i,7.36273812014973-3.89550636374165i
40+0i,-9+0i,-12.3397372043239-3.0492462162804i
40+0i,-8+0i,-12.1926347508898+4.3481576057652i
40+0i,-7+0i,0.9970070380547-18.6992256527332i
40+0i,-6+0i,9.2098509916285-12.1257644019711i
40+0i,-5+0i,11.6078954173956-4.3179416843271i
40+0i,-4+0i,2.7506204132193-13.2799641885626i
40+0i,-3+0i,7.70020745255649+1.59956239105659i
40+0i,-2+0i,0.13595345923851+8.50156561030757i
40+0i,-1+0i,-13.5491141574072+3.6805433916346i
40+0i,0+0i,-8.10037728671103+1.633861840014i
40+0i,1+0i,-10.8833431578387-10.2788944262181i
40+0i,2+0i,-11.0766863739916+3.9835594937512i
40+0i,3+0i,2.15398683024029+7.84300531213443i
40+0i,4+0i,1.9353811833433-22.7131562920741i
40+0i,5+0i,13.3094838191261+3.3962954358233i
40+0i,6+0i,17.8807348458564+33.5723409207356i
40+0i,7+0i,-2.50592303689533+9.18240781671649i
40+0i,8+0i,-1.40370177566299-9.61861428568966i
40+0i,9+0i,-1.94488999827056+0.18597175781416i
40+0i,10+0i,-3.8703621667888+12.8445474181628i
40+0i,11+0i,13.3548939398231+3.9697878554688i
40+0i,12+0i,17.4719893875588-0.7288881539117i
40+0i,13+0i,2.99964891737585+4.4594620114724i
40+0i,14+0i,-1.51119320492061+0.87069299056637i
40+0i,15+0i,-6.16021374451467+3.84908602146563i
40+0i,16+0i,-9.11599146531258+5.15888492707736i
40+0i,17+0i,0.5753717993513-10.5119069551235i
40+0i,18+0i,-11.354675490781-8.2855158931376i
40+0i,19+0i,-6.4986107019927-9.03073216304465i
40+0i,20+0i,11.1978235492119-16.5141505943836i
40+0i,21+0i,-2.05837922226+5.13185740935466i
40+0i,22+0i,-5.1451924704134-1.26554651401022i
40+0i,23+0i,-2.1836338620057-19.8969191315623i
40+0i,24+0i,-11.0225125472476-6.5152919277991i
40+0i,25+0i,-5.1758049783335+4.67482454233105i
40+0i,26+0i,4.29843650672255+6.28658847539136i
40+0i,27+0i,-3.15289116672548+2.84394318763454i
40+0i,28+0i,-7.6309992562474-13.1519002326918i
40+0i,29+0i,-1.55813390192346-8.18518205160149i
40+0i,30+0i,9.0324165410596+10.0497626255741i
40+0i,31+0i,-5.70139612763274-7.72658194666636i
40+0i,32+0i,-18.9100975036715-3.8601500990821i
40+0i,33+0i,-9.06845710968258+7.81199175982504i
40+0i,34+0i,-13.1278785054928-5.949501023364i
40+0i,35+0i,0.85670294630934-8.15003098290303i
40+0i,36+0i,0.6248325378237-6.48884292928842i
40+0i,37+0i,1.95943918777389+3.92285295664825i
40+0i,38+0i,12.9570684610057-1.5558199217532i
40+0i,39+0i,-14.1703424031285-1.8439999785593i
40+0i,40+0i,-5.21881626401678+3.07841952163083i
40+0i,41+0i,6.05545130359258-2.45426274877912i
40+0i,42+0i,-0.653249860433+10.0495428748605i
40+0i,43+0i,1.25981809459202+2.35852432083513i
40+0i,44+0i,-8.66629330742654+0.86881753153799i
40+0i,45+0i,-0.79622129445915+6.21652199153021i
40+0i,46+0i,0.88964692493304-3.42942862790609i
40+0i,47+0i,-2.1286147946036+10.8732968132546i
40+0i,48+0i,0.0446927029431+11.1626838615937i
40+0i,49+0i,-5.30373537146842-1.91738060162429i
40+0i,50+0i,0.16127907689277+2.94306611688325i
41+0i,-49+0i,3.11664470940083-2.10460527966412i
41+0i,-48+0i,-2.61348024207083-6.06689562691397i
41+0i,-47+0i,-5.80303312213078-2.08147137019999i
41+0i,-46+0i,-10.1545174178535-0.0877369147741i
41+0i,-45+0i,-4.55371600518474+1.84804356336165i
41+0i,-44+0i,0.55274423118926+3.32096256736189i
41+0i,-43+0i,-2.32252101396751-2.50755154657884i
41+0i,-42+0i,-3.62186705562607+0.47548412092919i
41+0i,-41+0i,-4.59434705025044-1.25700428248572i
41+0i,-40+0i,-3.40372671024686-6.28480987480685i
41+0i,-39+0i,1.05082200528202+3.48579409397828i
41+0i,-38+0i,2.17483615888097-2.65848648204067i
41+0i,-37+0i,-0.25878604452649-1.06233315143694i
41+0i,-36+0i,1.08734667345811+6.84701857535726i
41+0i,-35+0i,-1.52507667377275-0.22819859622474i
41+0i,-34+0i,-1.72598307190976+9.31903669203155i
41+0i,-33+0i,2.93917990303477+2.7430483993382i
41+0i,-32+0i,1.10891422542475-0.24438172792449i
41+0i,-31+0i,4.131048315503+11.6572349804253i
41+0i,-30+0i,2.45461223888695+2.14310562914068i
41+0i,-29+0i,-0.67743806562164+2.58556390269707i
41+0i,-28+0i,0.51212695708308-6.87027061005296i
41+0i,-27+0i,2.8707348523169-11.9140361469563i
41+0i,-26+0i,11.5132409105173+8.176750591705i
41+0i,-25+0i,4.2813803405149+14.3296675502898i
41+0i,-24+0i,-11.0302937350342+12.5834783912528i
41+0i,-23+0i,-4.95641397793583+2.21228758273572i
41+0i,-22+0i,8.950871503968-10.5560850236249i
41+0i,-21+0i,3.05438197191229-4.01933283062072i
41+0i,-20+0i,7.74534594313262+3.61323832693163i
41+0i,-19+0i,10.0354898807148+0.6434840837898i
41+0i,-18+0i,-9.50320089755233+3.01277742455515i
41+0i,-17+0i,3.87826489569246+1.12460767236372i
41+0i,-16+0i,10.9421045837255+2.4209632794358i
41+0i,-15+0i,-2.18478753925542+3.74882216916145i
41+0i,-14+0i,-0.51594117518685-1.12529588964663i
41+0i,-13+0i,-9.18592612658193+2.23006018935999i
41+0i,-12+0i,-16.1751666596259-17.6024992740145i
41+0i,-11+0i,0.5936912190191-16.929077313024i
41+0i,-10+0i,11.5447603771994+7.7689742627659i
41+0i,-9+0i,-0.16268036065318-6.34772033314501i
41+0i,-8+0i,2.57441797938685-4.80351115293594i
41+0i,-7+0i,3.4918785079158+16.415058749114i
41+0i,-6+0i,-9.80933782237236-3.90834607931633i
41+0i,-5+0i,-3.1319924679112-31.561433709946i
41+0i,-4+0i,9.36170628805259-2.77605180980714i
41+0i,-3+0i,7.132206970446+25.7262343032694i
41+0i,-2+0i,-17.7898038447794-7.3576876185196i
41+0i,-1+0i,-21.2108453368879-22.910954124667i
41+0i,0+0i,2.2471975778992-8.5578197488568i
41+0i,1+0i,-12.1855317540596-13.0106103096173i
41+0i,2+0i,-4.64233260519163+8.00677760809781i
41+0i,3+0i,16.3312889506577+19.2361574447374i
41+0i,4+0i,-20.5549041609344-6.2223265128233i
41+0i,5+0i,-2.62429311335832+0.69560335959472i
41+0i,6+0i,25.3820317205413+13.9386477132052i
41+0i,7+0i,-18.454751789277+14.4833052751295i
41+0i,8+0i,-16.4836958326386+2.3472408515076i
41+0i,9+0i,5.0619774874885-9.18749435432165i
41+0i,10+0i,9.9688886794458+11.136209290445i
41+0i,11+0i,23.4654353203696+4.9603334393772i
41+0i,12+0i,9.203756623665-12.8745159095475i
41+0i,13+0i,-8.02476175941518+8.56644846411373i
41+0i,14+0i,3.5225945873944+14.8749152732718i
41+0i,15+0i,11.3971717908658-3.9165126946526i
41+0i,16+0i,3.67681871575053-0.9138156165924i
41+0i,17+0i,3.15166253360603+3.46184153775466i
41+0i,18+0i,-5.6486540170422-0.07370859995666i
41+0i,19+0i,-9.21447343732421+3.96990719788799i
41+0i,20+0i,7.0354187204039-4.31579594540484i
41+0i,21+0i,4.9511904017377-17.0697707132926i
41+0i,22+0i,0.98555564079537-9.16353036093978i
41+0i,23+0i,9.6413470243579+10.0919560180243i
41+0i,24+0i,0.54421452966439+8.83248601986821i
41+0i,25+0i,-2.11366175034472+4.28158700426357i
41+0i,26+0i,1.5881322088149+11.8117664389314i
41+0i,27+0i,-8.955822587719+15.1881331613862i
41+0i,28+0i,-7.95644760771321+4.38036400889784i
41+0i,29+0i,-17.2871556324675-2.702561959975i
41+0i,30+0i,-5.87056075928093-0.8375285277766i
41+0i,31+0i,10.5646096035278-19.4621229416205i
41+0i,32+0i,-0.53286861524914-6.04817748582393i
41+0i,33+0i,5.84670131895926+6.02293659440957i
41+0i,34+0i,-13.7740268956992-0.5852314254829i
41+0i,35+0i,-7.539104255478+11.6134247177329i
41+0i,36+0i,12.1482703056577-13.5850402487003i
41+0i,37+0i,1.69771279092138-9.87924308176791i
41+0i,38+0i,10.9209812068229+9.8267514356595i
41+0i,39+0i,0.60809077825803+1.47574385680065i
41+0i,40+0i,5.96679400761025+3.40264799933317i
41+0i,41+0i,3.15857719752997+3.45772480995052i
41+0i,42+0i,-9.2251002849215+11.989336207544i
41+0i,43+0i,0.4052109679914-3.22446388481596i
41+0i,44+0i,-13.9687820354653-7.9791925483691i
41+0i,45+0i,1.53552747421957+5.3680103655714i
41+0i,46+0i,10.6431770880746-3.2216927748954i
41+0i,47+0i,-5.19589823111347+5.79613073542403i
41+0i,48+0i,-1.54571266467396+5.62558897285806i
41+0i,49+0i,-6.11634292799535-4.16003121325338i
41+0i,50+0i,-1.6975893833735+0.74853349223252i
42+0i,-49+0i,-6.53128671379678+1.15177504433568i
42+0i,-48+0i,9.71284516070722-0.60187092711219i
42+0i,-47+0i,-3.53013685128738-8.44241891397055i
42+0i,-46+0i,-11.1542212260533+9.6738391249786i
42+0i,-45+0i,-3.31709734867952-4.73934248645816i
42+0i,-44+0i,-9.26094256235037-0.94798892351779i
42+0i,-43+0i,-0.46957694120053+1.59919769686311i
42+0i,-42+0i,2.64191203826502-0.84938393426358i
42+0i,-41+0i,-0.1262719815667+11.2875734551816i
42+0i,-40+0i,-4.75769869458957-5.40769765561716i
42+0i,-39+0i,-2.59887082857681-3.38946548867403i
42+0i,-38+0i,1.53321903585258+2.46461620941162i
42+0i,-37+0i,-3.49855116739599-2.30170548314633i
42+0i,-36+0i,-1.63560604105676+6.49785735911378i
42+0i,-35+0i,-2.16005317042374+3.91876419040244i
42+0i,-34+0i,1.55318024435853-0.90237793344862i
42+0i,-33+0i,2.71610261509479+1.37649582867746i
42+0i,-32+0i,6.56731259598928+8.51085305507867i
42+0i,-31+0i,3.06443759823257+1.88884410724888i
42+0i,-30+0i,-18.5727290460219-0.8103402715494i
42+0i,-29+0i,-3.47061336477906+1.8192052145322i
42+0i,-28+0i,12.0296351895205-17.9221809668706i
42+0i,-27+0i,13.6824661649121-5.7740555119633i
42+0i,-26+0i,12.4772103728175+19.7051694041761i
42+0i,-25+0i,-10.9319807855031+16.9039061345921i
42+0i,-24+0i,-13.1292659620045+5.544476807252i
42+0i,-23+0i,-11.4877288345636-7.2898476801545i
42+0i,-22+0i,-0.8897131928648-16.5184106465373i
42+0i,-21+0i,8.4547213824088-13.8289639941658i
42+0i,-20+0i,3.2165456408386+7.84735325733722i
42+0i,-19+0i,12.6227576604816+7.500635781337i
42+0i,-18+0i,-1.30736849994784+2.89809440654338i
42+0i,-17+0i,1.87532945101341+3.6277069958193i
42+0i,-16+0i,10.2808491272585-8.9063604863552i
42+0i,-15+0i,-3.00458770805388+7.38927779368596i
42+0i,-14+0i,10.3767660386823+9.9723638665586i
42+0i,-13+0i,-1.81494356292849+0.65716561779897i
42+0i,-12+0i,-21.1211680688361+8.2641029321619i
42+0i,-11+0i,-1.94791863090195-5.54719464875176i
42+0i,-10+0i,2.2664054436932-13.5826838664186i
42+0i,-9+0i,5.59919119955188-1.9017542276679i
42+0i,-8+0i,17.3688617712934+12.0491640969081i
42+0i,-7+0i,-5.6750395418094+22.3002882932546i
42+0i,-6+0i,-12.8161327459858+2.2245105728283i
42+0i,-5+0i,1.7276528692506-10.0717567948158i
42+0i,-4+0i,-5.24284296349979+9.8928822918846i
42+0i,-3+0i,-0.6924714585687-16.6739673497124i
42+0i,-2+0i,1.6693450495391-38.6724006568431i
42+0i,-1+0i,1.14869365870271+3.05746656355897i
42+0i,0+0i,10.6070523992615+11.9027139287227i
42+0i,1+0i,-8.06640926556979-8.97954874788286i
42+0i,2+0i,-15.5373504927199+7.5488307434545i
42+0i,3+0i,8.0165422305608+17.2296485782043i
42+0i,4+0i,-13.5107612350327-10.1607430028281i
42+0i,5+0i,-24.5342532477156-2.8777234748489i
42+0i,6+0i,10.6705057398804+22.9853025006369i
42+0i,7+0i,-11.5728357137992+14.4018209415707i
42+0i,8+0i,-21.4561848201764+2.2743628377186i
42+0i,9+0i,15.8854309235096-10.8512365448812i
42+0i,10+0i,4.5186539273119-7.67774435647511i
42+0i,11+0i,-2.32464143527454+7.74625549744784i
42+0i,12+0i,20.4491952357898+4.4694993354403i
42+0i,13+0i,11.3238643659031+7.7318921455932i
42+0i,14+0i,1.48700153441088+6.61024623251156i
42+0i,15+0i,13.9359288373664-6.5518524672726i
42+0i,16+0i,4.81774366818253+2.77743654443582i
42+0i,17+0i,-3.2985436114427+11.7915667573287i
42+0i,18+0i,5.85230621710283+8.35442480326094i
42+0i,19+0i,-6.72409648768757+1.56849547646671i
42+0i,20+0i,-15.1965843343993-14.9811805515122i
42+0i,21+0i,8.4446603497012-13.5558751882614i
42+0i,22+0i,21.4779087443892-7.9773871851305i
42+0i,23+0i,7.70968546638257-7.83474442956088i
42+0i,24+0i,-0.06350299319115+2.48213106735065i
42+0i,25+0i,5.04696836231672-2.05606605119331i
42+0i,26+0i,7.17652938854576-6.33478970677285i
42+0i,27+0i,6.93134515898118+9.0674370024649i
42+0i,28+0i,7.0648954229596+12.5998173026077i
42+0i,29+0i,3.6443840208955+5.36494962164457i
42+0i,30+0i,10.2245237612565+1.0149027681982i
42+0i,31+0i,1.34982013679014-9.20352820183227i
42+0i,32+0i,-10.5705942323433-6.3058202682773i
42+0i,33+0i,8.71507049554725-2.39012301865361i
42+0i,34+0i,5.28817906682658-1.88235086755458i
42+0i,35+0i,-1.35918948730178+7.42849780197324i
42+0i,36+0i,2.78453512554754+8.37802795850726i
42+0i,37+0i,-2.34275068569829-0.16870696787742i
42+0i,38+0i,-5.7478358722414-13.8731491237514i
42+0i,39+0i,-5.90148571272336-7.61417840407656i
42+0i,40+0i,7.49658652854642-7.68164407062134i
42+0i,41+0i,2.80481377485725-9.56878151827704i
42+0i,42+0i,0.28091024326389+1.21161122842172i
42+0i,43+0i,3.95895367365961-4.40569747495067i
42+0i,44+0i,2.53689455254034+2.81308595832299i
42+0i,45+0i,10.0506914312073-2.107603531468i
42+0i,46+0i,3.81628507525581-3.93365758584104i
42+0i,47+0i,-2.8111422161099+5.88088172646032i
42+0i,48+0i,-13.4884038485744+7.5376667818032i
42+0i,49+0i,-4.93200132296437+8.40237236082291i
42+0i,50+0i,0.80014624301283-9.60919836157871i
43+0i,-49+0i,2.04629563337403-8.99968357252677i
43+0i,-48+0i,-1.50353591218827-6.71418511839419i
43+0i,-47+0i,3.81064018295088-0.14765682342052i
43+0i,-46+0i,0.54869399031069-5.90228792457192i
43+0i,-45+0i,-5.78711286530359-0.66580614366147i
43+0i,-44+0i,5.77662813234132-1.6652697152217i
43+0i,-43+0i,-0.86498623244528-3.05347247114377i
43+0i,-42+0i,5.7830432193122+5.20302554753637i
43+0i,-41+0i,2.46545620308184-3.13120973780168i
43+0i,-40+0i,-9.05398569841752-0.91820050928281i
43+0i,-39+0i,9.08413577410764-2.76238588558583i
43+0i,-38+0i,-4.61299168846871-3.82637471618337i
43+0i,-37+0i,-2.99926910314392+7.87648552589089i
43+0i,-36+0i,8.16325550280081+4.13216028458961i
43+0i,-35+0i,-3.76629268444126+4.58694492343831i
43+0i,-34+0i,6.47596123227753-0.46005720576064i
43+0i,-33+0i,-3.60938643712112-2.09916152530992i
43+0i,-32+0i,-8.65230049802464+3.85848048116953i
43+0i,-31+0i,3.02163132519204-0.96811627735712i
43+0i,-30+0i,-3.51601477485847+3.29438656885015i
43+0i,-29+0i,1.98046632751844+4.71421591075738i
43+0i,-28+0i,-3.35169261303669+5.78775306795685i
43+0i,-27+0i,-13.027503247999+4.5799884221309i
43+0i,-26+0i,-6.41989199164322-7.21167440583506i
43+0i,-25+0i,-4.00558344514664-6.10767326861346i
43+0i,-24+0i,-1.99457672333756-9.91839251627786i
43+0i,-23+0i,-3.15320033726024-8.97122042823946i
43+0i,-22+0i,12.5484640337454-0.3987915731608i
43+0i,-21+0i,14.2509128564626-1.7563386353479i
43+0i,-20+0i,-3.5101564319523+14.8765042623661i
43+0i,-19+0i,6.2808671757899+13.415204461198i
43+0i,-18+0i,-8.30641947284527+1.44928023198507i
43+0i,-17+0i,-18.0301984698892+6.6085487468865i
43+0i,-16+0i,4.3705456001345-6.13792542417423i
43+0i,-15+0i,3.03931050192518-8.95510134485877i
43+0i,-14+0i,9.81696242026286-1.88271499014767i
43+0i,-13+0i,17.3016891147142+8.6551551950431i
43+0i,-12+0i,-3.0041194493387+10.7849638353237i
43+0i,-11+0i,-8.0899948538892-13.5889814726922i
43+0i,-10+0i,1.11233031071978+1.13012870896049i
43+0i,-9+0i,-7.945673161038+23.6459989374476i
43+0i,-8+0i,-8.59087448206577-5.91977773287234i
43+0i,-7+0i,13.6210348521112-15.1524503670035i
43+0i,-6+0i,19.3131085859714+6.9687849842584i
43+0i,-5+0i,5.39381507758869+9.12186791754945i
43+0i,-4+0i,5.79029469266554-4.66658098824909i
43+0i,-3+0i,11.8314737966804-11.669416348288i
43+0i,-2+0i,5.750293350681+11.4657167844927i
43+0i,-1+0i,-3.7993942005994+11.2136095094059i
43+0i,0+0i,-13.2994495934744-20.5585794759576i
43+0i,1+0i,-5.3744849743907-15.8010304169052i
43+0i,2+0i,6.1034879085534-13.5688456307951i
43+0i,3+0i,6.2631698329671-12.7214077176991i
43+0i,4+0i,0.1499773542253+11.2125360628761i
43+0i,5+0i,-11.2692506817763+21.3160577705623i
43+0i,6+0i,-2.8774844021327+18.4808821131231i
43+0i,7+0i,-6.21062147377829+3.04057680009317i
43+0i,8+0i,-26.1879518654382-8.5198499304382i
43+0i,9+0i,-12.7169417950657+6.6536619466653i
43+0i,10+0i,9.2850684478063+15.2759708207505i
43+0i,11+0i,5.56755959102947+0.8985495612771i
43+0i,12+0i,-0.60319284197326-6.30933010314926i
43+0i,13+0i,5.86377317647471-1.29151977323385i
43+0i,14+0i,11.3623736576963-0.7197317657171i
43+0i,15+0i,10.8124966424378-3.8066251914434i
43+0i,16+0i,5.79093967599569+9.73019880358892i
43+0i,17+0i,3.1467670912423+15.7255766382671i
43+0i,18+0i,-7.51598537032428-0.53270685326419i
43+0i,19+0i,-9.38302151948873-4.04517984874436i
43+0i,20+0i,8.82095951905171-8.27097927393473i
43+0i,21+0i,9.54431162229218-6.511240936436i
43+0i,22+0i,0.59604767667866-3.25844474145493i
43+0i,23+0i,-4.79328211398379-4.95403798201165i
43+0i,24+0i,-5.70961245695112-0.38995312807287i
43+0i,25+0i,-1.0269916754839-15.9434977538566i
43+0i,26+0i,1.79030451469732-9.82607824408318i
43+0i,27+0i,0.66405301454662+6.26345309342396i
43+0i,28+0i,1.944900361546-11.2838959801404i
43+0i,29+0i,10.272076138598-11.9037010902238i
43+0i,30+0i,13.3780245866624+1.390425570608i
43+0i,31+0i,9.97223197191842-3.54364285511601i
43+0i,32+0i,-3.34711918995318-0.79267881582255i
43+0i,33+0i,-6.83927170897555+9.65788539487523i
43+0i,34+0i,3.23521464830566+0.10165751196697i
43+0i,35+0i,-0.64771102420496-7.15223032897431i
43+0i,36+0i,-7.6092663719681-2.34406802760016i
43+0i,37+0i,-4.70123934382089-2.9092316516376i
43+0i,38+0i,1.00591495460355-2.28892315135639i
43+0i,39+0i,-5.78946118765355-4.42589836531539i
43+0i,40+0i,-8.1374186722315-14.5910713058067i
43+0i,41+0i,3.595693163268-10.5080873019225i
43+0i,42+0i,8.38332752924008+0.84922104384611i
43+0i,43+0i,9.54941935617503+1.61781048875458i
43+0i,44+0i,5.23390370642187+5.14638394185113i
43+0i,45+0i,-1.6899216402846-1.18507807106989i
43+0i,46+0i,-1.32959598695235-4.57843327229177i
43+0i,47+0i,-3.71923256447102+9.24038912401069i
43+0i,48+0i,-7.33148266934028+7.963895332163i
43+0i,49+0i,-8.33059481590045+0.80442575093851i
43+0i,50+0i,-4.25624759090559-0.74123090607135i
44+0i,-49+0i,6.87532806910509+2.38950683203695i
44+0i,-48+0i,-4.06102487091887-5.38896474284601i
44+0i,-47+0i,4.12337237860908+2.27151698820509i
44+0i,-46+0i,9.59111181526004-4.57208999997134i
44+0i,-45+0i,-1.49652024148125+0.11998687320553i
44+0i,-44+0i,1.29351209781074+0.1076618060617i
44+0i,-43+0i,-9.94453209092636-2.87754762891977i
44+0i,-42+0i,-6.25796116551765-6.21132611581737i
44+0i,-41+0i,2.40591139855988-9.6556019313181i
44+0i,-40+0i,-2.66880049410367-1.37619336161535i
44+0i,-39+0i,3.40667152383722-7.25661010789584i
44+0i,-38+0i,0.711201144057723+0.843128926798556i
44+0i,-37+0i,-1.9542861568519+5.31350781218356i
44+0i,-36+0i,-1.65895294624278-4.12981983682997i
44+0i,-35+0i,-2.71007633137482+1.56473401424503i
44+0i,-34+0i,0.64808974221178-2.4824635550956i
44+0i,-33+0i,1.85893963441418-1.17445948071296i
44+0i,-32+0i,2.1327950132304-1.75904398814544i
44+0i,-31+0i,0.48200321941626-1.51164849734551i
44+0i,-30+0i,1.6326454730856+11.7944853898814i
44+0i,-29+0i,0.54533163792837+7.01252326177808i
44+0i,-28+0i,-13.4850946274199-0.1604288219009i
44+0i,-27+0i,-14.6114004535357-1.2978760155823i
44+0i,-26+0i,6.6769772595576-2.36766436204221i
44+0i,-25+0i,4.3305460097075+4.44152507531902i
44+0i,-24+0i,-3.35619238172955+1.50924321057702i
44+0i,-23+0i,4.63458680902383-7.25798968885235i
44+0i,-22+0i,0.51689104170494-1.23775363585734i
44+0i,-21+0i,-0.05216451806988+5.1366773072296i
44+0i,-20+0i,0.67390745068265+7.69946642251165i
44+0i,-19+0i,-5.69117305499362+1.90961851191522i
44+0i,-18+0i,-11.80643098326+1.200749039162i
44+0i,-17+0i,-6.50037691462728+7.25656854466691i
44+0i,-16+0i,0.34921551532508-3.99525669388449i
44+0i,-15+0i,2.31736723881292-1.85867283631165i
44+0i,-14+0i,12.2981779333067-10.1307835409469i
44+0i,-13+0i,3.6476983627082-14.3638200599961i
44+0i,-12+0i,-2.82776951224339+9.44900243159551i
44+0i,-11+0i,7.61556435782641-1.70522396599095i
44+0i,-10+0i,6.19792354175972+3.84805972122288i
44+0i,-9+0i,-7.1560692936986+20.3017984294926i
44+0i,-8+0i,-13.9125762910561-3.2171828222733i
44+0i,-7+0i,1.64425611152108-1.99185260255417i
44+0i,-6+0i,-2.58938330322138+1.07129944116064i
44+0i,-5+0i,-7.8803056054936-16.1989969748591i
44+0i,-4+0i,24.1483458257642-4.0365801625401i
44+0i,-3+0i,20.4513766866566+12.3603434792477i
44+0i,-2+0i,-2.60358431481443+5.36454351496425i
44+0i,-1+0i,1.0559977754133-18.2547546953159i
44+0i,0+0i,-6.4897190137351-27.7589494176679i
44+0i,1+0i,6.32046692200012-3.6015971203797i
44+0i,2+0i,25.4644606343304-6.6209073876901i
44+0i,3+0i,8.25790569667-18.5968627064786i
44+0i,4+0i,0.9939338568659+17.1080956930091i
44+0i,5+0i,-5.0154007031653+33.7905316596907i
44+0i,6+0i,-22.485436084374-1.3399406472844i
44+0i,7+0i,-31.9220329530308-18.8396022309118i
44+0i,8+0i,-22.85897880612+6.0959349969165i
44+0i,9+0i,6.5404160876189+16.5462851144873i
44+0i,10+0i,9.38501149334167+1.67951634801091i
44+0i,11+0i,-11.9408190346556-6.2836028503948i
44+0i,12+0i,-8.26488504164778-9.41650945871972i
44+0i,13+0i,8.91431183375818-0.48209600133423i
44+0i,14+0i,10.6170877480945+8.2069031996446i
44+0i,15+0i,9.89293767119127-1.99109259101114i
44+0i,16+0i,13.6010123915513+3.9946056609982i
44+0i,17+0i,-2.7369223215411+13.292924755096i
44+0i,18+0i,-10.9793847615944+1.5520575920002i
44+0i,19+0i,10.6051023281157-2.2206273781366i
44+0i,20+0i,6.22588837008748+2.32798704623058i
44+0i,21+0i,-8.01989823955705+6.35752797246755i
44+0i,22+0i,-3.81844478053424+2.79477504872944i
44+0i,23+0i,-7.30299261512936+0.23610363128506i
44+0i,24+0i,-5.64271943927383+1.05728004469465i
44+0i,25+0i,-3.07720349793941-4.65392066088799i
44+0i,26+0i,-6.11485220484675-5.01156567531925i
44+0i,27+0i,-13.4920737692177-3.446183999855i
44+0i,28+0i,-4.83878348637877-0.69509953521077i
44+0i,29+0i,6.9169702227377-3.10226220497736i
44+0i,30+0i,-5.13444720132718-2.87868806128144i
44+0i,31+0i,3.4267085152578-3.9285947566865i
44+0i,32+0i,5.06258992956998-3.94561597680641i
44+0i,33+0i,3.75861536047543+5.64098485743915i
44+0i,34+0i,6.47100943404456+0.54787525894678i
44+0i,35+0i,-11.8333122765632+7.8072496694694i
44+0i,36+0i,-5.51235691510606+5.45896096849961i
44+0i,37+0i,1.40231974362203-8.73468994561017i
44+0i,38+0i,2.83030225290608+0.3422228452996i
44+0i,39+0i,2.57518487384897+5.07189218017731i
44+0i,40+0i,1.34030967752199+6.21419467737912i
44+0i,41+0i,1.53242749418129-1.18577568865118i
44+0i,42+0i,-14.042269289986+5.2415506938803i
44+0i,43+0i,1.41313088800171+7.84218955270521i
44+0i,44+0i,4.7512587563574-4.0492321958174i
44+0i,45+0i,-9.45409023977658+4.38438754416743i
44+0i,46+0i,1.43132166757717-7.53215072304607i
44+0i,47+0i,-3.44826209243034-7.59458039341542i
44+0i,48+0i,0.516008183842808-0.325155306787803i
44+0i,49+0i,2.884414250918-11.4359437165098i
44+0i,50+0i,-0.55498963645583+4.675663382838i
45+0i,-49+0i,-1.57048667470935+8.41389073837314i
45+0i,-48+0i,4.56234093866454+4.64488788981686i
45+0i,-47+0i,-2.60573865180078-0.74876816920959i
45+0i,-46+0i,-4.22796218330852+0.14606730421353i
45+0i,-45+0i,3.77154661940178-2.30811124971261i
45+0i,-44+0i,-6.21905284181106-0.90745121170588i
45+0i,-43+0i,-11.4734897649611-1.4363778791899i
45+0i,-42+0i,-6.84526553978094-8.65456263618598i
45+0i,-41+0i,4.52150530112459-9.78356858015905i
45+0i,-40+0i,4.36463896821843-9.18254380951117i
45+0i,-39+0i,1.23862230179682-0.8916379589179i
45+0i,-38+0i,0.24511371679127+6.85835424888323i
45+0i,-37+0i,-12.1268938737304+1.1841045884378i
45+0i,-36+0i,0.064224589614244-0.2570790048128i
45+0i,-35+0i,9.59396979187553+1.85403693550701i
45+0i,-34+0i,-0.54707778183322+1.93942074737025i
45+0i,-33+0i,3.08848304952853+6.04983045147757i
45+0i,-32+0i,-1.98987430279287+3.14268613970132i
45+0i,-31+0i,0.42832957591478-5.58126047682697i
45+0i,-30+0i,-0.33077377854428-4.95475520923904i
45+0i,-29+0i,-14.3001579067917+4.4291332941044i
45+0i,-28+0i,0.63098775461723+1.26932693941622i
45+0i,-27+0i,5.48765328356332-6.28790511095852i
45+0i,-26+0i,8.72693231098641+2.83859376354803i
45+0i,-25+0i,18.2575137835278+12.5373682378339i
45+0i,-24+0i,-1.9305466867988+13.3008327538851i
45+0i,-23+0i,-15.0609677669748+5.6160448205322i
45+0i,-22+0i,-12.9694093178695-5.6431871127774i
45+0i,-21+0i,-7.2489345796046-14.1820768545538i
45+0i,-20+0i,-0.62986501040071-8.29475254412503i
45+0i,-19+0i,-0.12244164941992-3.56191441808397i
45+0i,-18+0i,-0.46003986454981-8.11331060722951i
45+0i,-17+0i,8.06099443348745+1.9055933821423i
45+0i,-16+0i,11.7388548060365+1.4755994209911i
45+0i,-15+0i,0.0943821797319+2.90977595882632i
45+0i,-14+0i,0.6244679465011+9.22719662026412i
45+0i,-13+0i,-1.52398708945571+4.46261441632241i
45+0i,-12+0i,-13.376647379225+8.2769375267991i
45+0i,-11+0i,-7.3186666310688-15.5493233619463i
45+0i,-10+0i,13.8048399554863-26.9846313880485i
45+0i,-9+0i,18.9452815767785+19.8352068051785i
45+0i,-8+0i,-10.0086017737443+36.67873671116i
45+0i,-7+0i,-36.1944385620307+10.2198158394183i
45+0i,-6+0i,-31.6271054668012-1.3997589792198i
45+0i,-5+0i,-5.4365341668078-12.9554368538645i
45+0i,-4+0i,13.4881160619749-24.3238780673892i
45+0i,-3+0i,11.6474516331703-16.5368240861395i
45+0i,-2+0i,20.4504515429191-6.9029209689089i
45+0i,-1+0i,25.8703201115051+10.209828290028i
45+0i,0+0i,2.9398666136093+24.5238395392058i
45+0i,1+0i,-0.72968729448128+3.8243448604451i
45+0i,2+0i,-0.9853776193655-25.5934928818622i
45+0i,3+0i,-9.1593016104559-16.1774210397465i
45+0i,4+0i,19.9328063649582-0.2861651970938i
45+0i,5+0i,10.058036023169-3.887403450618i
45+0i,6+0i,-32.6307050768698+6.871304240341i
45+0i,7+0i,-19.9183882417498+12.4622766207721i
45+0i,8+0i,-0.74038898252631+2.64296801037722i
45+0i,9+0i,-5.88131227050338-7.88722474282352i
45+0i,10+0i,-14.599984806711-13.5367082039859i
45+0i,11+0i,-8.2044858948477+0.72425981190333i
45+0i,12+0i,9.0288408520893+13.2408139759252i
45+0i,13+0i,11.4787063497893+13.3703528529151i
45+0i,14+0i,3.40294560574996+4.25263200673991i
45+0i,15+0i,-9.49068637893017-7.68101178512576i
45+0i,16+0i,-4.56984947211137+3.56007655968766i
45+0i,17+0i,10.7027856137849+9.4055159080487i
45+0i,18+0i,1.27140083348775-3.05500391590055i
45+0i,19+0i,-1.90375190446492+0.9940321960407i
45+0i,20+0i,3.53314206509223+2.02656999332248i
45+0i,21+0i,-4.28883152047898+1.63582323960741i
45+0i,22+0i,-0.9541242574115+8.18071447346087i
45+0i,23+0i,4.43070071218032-0.87158091601224i
45+0i,24+0i,-1.61576900078093-3.98372480783122i
45+0i,25+0i,-6.64132387006523-5.41763855300418i
45+0i,26+0i,-0.52719817243836-3.99839283682863i
45+0i,27+0i,10.3026877792037+12.7921901375227i
45+0i,28+0i,7.98466452720297+9.29729048119522i
45+0i,29+0i,2.41365857392643+2.32008888877526i
45+0i,30+0i,-3.8202463003238+10.1218120337985i
45+0i,31+0i,-5.40323161111628+6.79930986236644i
45+0i,32+0i,1.84308973229578+2.6340827360486i
45+0i,33+0i,-2.93233392497434+0.86657426085128i
45+0i,34+0i,-2.05365444572603-1.49764174569872i
45+0i,35+0i,10.0756902313076-0.2317185816302i
45+0i,36+0i,5.48021762134272+4.21147180648408i
45+0i,37+0i,4.9714464415329+12.48724203778i
45+0i,38+0i,7.23220509586754+3.55296252669397i
45+0i,39+0i,-5.44824094988309-3.21343443965076i
45+0i,40+0i,-4.05846661389155+1.48084723344866i
45+0i,41+0i,2.59574677804542+3.76717838840088i
45+0i,42+0i,1.5896300631307+8.64414088984597i
45+0i,43+0i,-0.584641287586055+0.272905081111821i
45+0i,44+0i,0.18565352520886+2.24481614537066i
45+0i,45+0i,3.34896167737522-0.70518670063743i
45+0i,46+0i,0.9289078602614-14.0387714660265i
45+0i,47+0i,3.44756123496663-1.0249780682256i
45+0i,48+0i,-0.153923731276506-0.821406680250822i
45+0i,49+0i,1.79850612431891-6.91892840957334i
45+0i,50+0i,4.87915815890167+2.65476277474905i
46+0i,-49+0i,-4.46924863413234+1.67356892665846i
46+0i,-48+0i,4.27138038339177+0.1093475056162i
46+0i,-47+0i,-3.34685753288974+3.44222258891146i
46+0i,-46+0i,-1.26927673020558+1.08138590475965i
46+0i,-45+0i,3.26215835026504-6.15653500122939i
46+0i,-44+0i,2.68779766113722-1.41800451889415i
46+0i,-43+0i,9.98360818649875-0.02811041093988i
46+0i,-42+0i,7.14317160538579-0.87833428425446i
46+0i,-41+0i,1.88084876417049-3.64975858810716i
46+0i,-40+0i,-1.48397596370547+3.03201150569514i
46+0i,-39+0i,-5.57415499198497+8.35704982616044i
46+0i,-38+0i,-4.2141515207352+3.91594870024819i
46+0i,-37+0i,-3.0302658495449-1.12175659794055i
46+0i,-36+0i,0.11485529250374-3.21857134963354i
46+0i,-35+0i,12.5639822604212+5.2559483489455i
46+0i,-34+0i,5.70831345440584+3.16005347704878i
46+0i,-33+0i,-5.2012661758611+6.16199742554039i
46+0i,-32+0i,-1.73846807675627+0.60131102430489i
46+0i,-31+0i,-6.2823753107183-16.0486304978571i
46+0i,-30+0i,9.55597231630072-5.79643764059724i
46+0i,-29+0i,14.734494099851-1.1038533192768i
46+0i,-28+0i,-4.4710680909957+7.19186703195861i
46+0i,-27+0i,-3.875288286138+12.8206483940494i
46+0i,-26+0i,2.36490048825244-7.04184880851174i
46+0i,-25+0i,6.60348574625819-5.04919371749382i
46+0i,-24+0i,3.17565647816708+9.24051937862727i
46+0i,-23+0i,-1.72686998159578+4.70833014143241i
46+0i,-22+0i,-2.62938126420942-0.44777644858128i
46+0i,-21+0i,-2.16046524327004-7.86595525044348i
46+0i,-20+0i,0.030022240058-11.9676355189605i
46+0i,-19+0i,-6.28033278160174-2.25110572812611i
46+0i,-18+0i,-3.30260795828648-1.20774136984118i
46+0i,-17+0i,3.57609571852995+1.01888950319136i
46+0i,-16+0i,-7.02825597774565+0.17731058316606i
46+0i,-15+0i,-7.89737138921457-5.97452779230551i
46+0i,-14+0i,8.49446660496609+5.42837043113696i
46+0i,-13+0i,4.02026052367127+8.39637022581044i
46+0i,-12+0i,-9.19657000343154-4.55821883453954i
46+0i,-11+0i,-5.4946219809203-24.18052017587i
46+0i,-10+0i,5.1996320271541-22.7940121275447i
46+0i,-9+0i,21.601185731951+22.430346318779i
46+0i,-8+0i,16.3333586341274+35.341721675105i
46+0i,-7+0i,-22.167476726614+3.755374426087i
46+0i,-6+0i,-35.5634159958557+11.7533820783119i
46+0i,-5+0i,-6.4438993956317+10.2760245758209i
46+0i,-4+0i,-0.3125847831102-27.4530794808625i
46+0i,-3+0i,-8.35239824145792-5.70654816876995i
46+0i,-2+0i,16.5644687921922+21.3433842228724i
46+0i,-1+0i,15.4756735528335+7.1611778502946i
46+0i,0+0i,-8.86288010930622+6.45573873158041i
46+0i,1+0i,8.2375068909681-15.6150132483233i
46+0i,2+0i,17.4540379894312-24.0249217165357i
46+0i,3+0i,-0.58838740258244+7.6973135672471i
46+0i,4+0i,10.1662837594759-2.9757796973597i
46+0i,5+0i,25.1281886636345-9.064328275517i
46+0i,6+0i,-0.2042811855669+20.1935568327261i
46+0i,7+0i,-30.0350712654865+8.9570347690488i
46+0i,8+0i,-21.6049091793564-16.2856674999993i
46+0i,9+0i,-5.15596347124812-9.06174738282919i
46+0i,10+0i,-8.49247074663586+3.34274097832756i
46+0i,11+0i,-4.99532015203953+2.75450411848899i
46+0i,12+0i,10.0827267709734-1.0252991454453i
46+0i,13+0i,13.2283241380885+0.1645436660722i
46+0i,14+0i,-4.1759962414766+13.4109188130105i
46+0i,15+0i,-17.4629987306872+13.4281079034099i
46+0i,16+0i,-6.81942702030296-6.35011147434921i
46+0i,17+0i,10.690605837724-2.6128666444182i
46+0i,18+0i,8.7440350143279-2.48026255843452i
46+0i,19+0i,-1.53625002725557-6.87271695315211i
46+0i,20+0i,3.92109490126909+8.54859727201503i
46+0i,21+0i,3.53700482482268+4.87843535361795i
46+0i,22+0i,-2.01422341298569-6.55534010211902i
46+0i,23+0i,-5.4345275080641-4.7896242673213i
46+0i,24+0i,-5.14309399907493+3.19482028182328i
46+0i,25+0i,5.16546952579253-2.04717488140445i
46+0i,26+0i,2.18802594605865-8.18515829463402i
46+0i,27+0i,2.75191509863881+2.54107209385244i
46+0i,28+0i,9.91851237237484-6.52015230933936i
46+0i,29+0i,8.072631534443-8.5203368639287i
46+0i,30+0i,2.77511509449086+7.49607366354031i
46+0i,31+0i,-0.57472203386094+5.50759196756682i
46+0i,32+0i,7.43895639994053+3.2081248378902i
46+0i,33+0i,1.03866979324597+5.14595778257984i
46+0i,34+0i,-1.9671551002165+2.19145329285585i
46+0i,35+0i,6.15575483185179-5.52292653071607i
46+0i,36+0i,0.32476608072997-7.00146974284231i
46+0i,37+0i,11.0162755463849+0.2739343110868i
46+0i,38+0i,11.7134060133411+4.597670006971i
46+0i,39+0i,-5.1566778643429+9.11549839544727i
46+0i,40+0i,-7.03906971004554+2.53025683469567i
46+0i,41+0i,-6.01337014415123-4.93255801659249i
46+0i,42+0i,3.92414974875608-1.08674788258037i
46+0i,43+0i,8.99371258083604-1.54018080290973i
46+0i,44+0i,4.95540617064369-0.34594543461171i
46+0i,45+0i,-1.63509638559069+1.66591497533811i
46+0i,46+0i,-4.12671206970712+1.31665752397991i
46+0i,47+0i,5.21524066554055+2.50048310672831i
46+0i,48+0i,0.21154798948587+2.8953741448071i
46+0i,49+0i,-3.63115729928154-3.07775428748978i
46+0i,50+0i,-5.39142702936045-4.84546333339335i
47+0i,-49+0i,-2.03367338622496+0.70549643587934i
47+0i,-48+0i,-5.34795954129217-0.60924011067429i
47+0i,-47+0i,8.01213901345253+4.81359393661875i
47+0i,-46+0i,2.93086729556361+1.56419850425613i
47+0i,-45+0i,4.47281886607577+2.5227816097999i
47+0i,-44+0i,8.6115400788783+1.48573235480552i
47+0i,-43+0i,2.15337395504207-1.85359709140625i
47+0i,-42+0i,6.69074578464611-1.40369357697148i
47+0i,-41+0i,-0.262816195426858+0.493673007648794i
47+0i,-40+0i,-4.20596141206801+6.85154452185621i
47+0i,-39+0i,-4.92329058055322-4.28500348786172i
47+0i,-38+0i,-9.64416642443581-3.72567373999772i
47+0i,-37+0i,5.85465287121482+0.53247665421874i
47+0i,-36+0i,3.7216614449132-13.5707446068046i
47+0i,-35+0i,-3.36619206166608-0.08011200934746i
47+0i,-34+0i,1.75624343171821+3.11497133879008i
47+0i,-33+0i,4.56887746072048-8.28829169269294i
47+0i,-32+0i,12.9993104467883-4.5860119630041i
47+0i,-31+0i,10.0528709889708-9.4434146941457i
47+0i,-30+0i,10.2266594217504-1.8833162913785i
47+0i,-29+0i,7.7961624346966+10.4465745202193i
47+0i,-28+0i,-1.48591806493367+2.25516410511835i
47+0i,-27+0i,-4.09976943127341+6.31568982532952i
47+0i,-26+0i,-7.1802491348204+12.3127318130201i
47+0i,-25+0i,-6.68496659160514-2.60944784227884i
47+0i,-24+0i,-1.48322643755082+0.44875424671775i
47+0i,-23+0i,11.4494520560685-5.2767565203699i
47+0i,-22+0i,6.6378251946382-12.4251088754107i
47+0i,-21+0i,0.36998691143611+9.35825339520362i
47+0i,-20+0i,2.85182917449738+2.49283467611307i
47+0i,-19+0i,-9.91790429995174-3.99237700689001i
47+0i,-18+0i,-11.0954112489536+0.9828583520121i
47+0i,-17+0i,-5.54839295358502+1.03157892863409i
47+0i,-16+0i,-4.79490199599033+3.34904268266988i
47+0i,-15+0i,-11.9130457775378-10.946862251729i
47+0i,-14+0i,-7.8308332436645-10.8335025124128i
47+0i,-13+0i,11.5899336568324-13.80474249272i
47+0i,-12+0i,4.5001871660001-12.4274261913352i
47+0i,-11+0i,-0.9891375745831+10.3442833214397i
47+0i,-10+0i,14.8916098337624-5.0296263485725i
47+0i,-9+0i,24.1775496350063-13.4151978157134i
47+0i,-8+0i,10.6009498571675+18.3966249188073i
47+0i,-7+0i,-17.4013457509788+22.9127299511673i
47+0i,-6+0i,-19.7420416112243+8.6991935309143i
47+0i,-5+0i,-10.1169231464733-0.4610537545522i
47+0i,-4+0i,-24.4923847659185-7.3587368361153i
47+0i,-3+0i,-12.8584990035008+7.2050174751253i
47+0i,-2+0i,20.0503253650822-6.3535563021202i
47+0i,-1+0i,6.4975442639931-29.4444840492505i
47+0i,0+0i,4.56130989938075+4.70168886733413i
47+0i,1+0i,33.7197294570417+20.2162852553252i
47+0i,2+0i,21.2416152656602+12.6162969131867i
47+0i,3+0i,-6.4086598011692+16.8629222975829i
47+0i,4+0i,3.37926158716326-5.73145883778174i
47+0i,5+0i,19.8937643188089-8.1511959235685i
47+0i,6+0i,-13.9845984524479+18.8195545416148i
47+0i,7+0i,-43.8057890929765-0.4186706079233i
47+0i,8+0i,-6.9832102625716-37.6160377884571i
47+0i,9+0i,15.0167762768078-14.4466690843612i
47+0i,10+0i,2.0141779222652+15.7204361361122i
47+0i,11+0i,0.3471148224547-12.4205671458439i
47+0i,12+0i,-3.007021042826-13.8988479597461i
47+0i,13+0i,2.8120718984884+14.819281998335i
47+0i,14+0i,4.56201533546262+7.63208438283227i
47+0i,15+0i,-3.19608225168232+9.71119537995174i
47+0i,16+0i,9.03506981862915+6.77002938943983i
47+0i,17+0i,5.499552805009-6.67955134193932i
47+0i,18+0i,-7.98187587237637+7.43533218735751i
47+0i,19+0i,2.12729749177968+4.39591665740221i
47+0i,20+0i,5.29148431744778-7.56346276929114i
47+0i,21+0i,-7.76477853577837+0.40262061897779i
47+0i,22+0i,-11.7501253368405+6.5434049650236i
47+0i,23+0i,-4.10710061364546-6.26246168237145i
47+0i,24+0i,-6.4750880418263-16.208187390016i
47+0i,25+0i,-6.22204151436412+1.48002583089899i
47+0i,26+0i,4.4594615533992-2.29787476275091i
47+0i,27+0i,-1.5926775233893-15.8361314532292i
47+0i,28+0i,-5.92745675220143-7.77607203876166i
47+0i,29+0i,3.33399405957032-9.41437963134194i
47+0i,30+0i,3.11715954041778+0.17194557969753i
47+0i,31+0i,-1.13686990169108+2.47409252398678i
47+0i,32+0i,2.8096751297458-11.5272612479792i
47+0i,33+0i,3.64180386330126-3.67449508052836i
47+0i,34+0i,-2.30941350915322+3.9238318491207i
47+0i,35+0i,2.69595713670379+4.49587669493229i
47+0i,36+0i,1.7247236561023-0.12958679239155i
47+0i,37+0i,-2.80351810394448-1.31743077512999i
47+0i,38+0i,4.91425558425111+3.16350279958031i
47+0i,39+0i,-5.61537952098743+2.52219205991574i
47+0i,40+0i,-8.21558578945556+7.55495668850915i
47+0i,41+0i,1.40198028800185+0.87102418932951i
47+0i,42+0i,-7.16087367198526-3.45636097545846i
47+0i,43+0i,-6.32305574082879+0.18439785710168i
47+0i,44+0i,0.44747178660376-2.06507230507338i
47+0i,45+0i,-0.24066558763092+5.75790806677905i
47+0i,46+0i,-0.98899949588236+2.67587825300859i
47+0i,47+0i,2.73701317649751-3.1206336171155i
47+0i,48+0i,0.323658264280774-0.768114276500706i
47+0i,49+0i,-5.33713566552082-4.34067143516329i
47+0i,50+0i,3.28891505321704+0.45407090543528i
48+0i,-49+0i,0.96059073182674+6.29155099225943i
48+0i,-48+0i,-0.90878291023399+1.21025240938268i
48+0i,-47+0i,-4.232155834986-0.75893100466969i
48+0i,-46+0i,-8.44568234932717+7.46405348179961i
48+0i,-45+0i,3.95716517864612-0.08492330412447i
48+0i,-44+0i,0.44474420116631+4.52536945865834i
48+0i,-43+0i,-0.32003532632716+2.91039995934622i
48+0i,-42+0i,-1.03785751446291-7.24106802160505i
48+0i,-41+0i,-8.1180195994911-5.51091524412319i
48+0i,-40+0i,-5.7534550030723-10.6293363166228i
48+0i,-39+0i,2.94100980885853-5.0540393154953i
48+0i,-38+0i,2.32485562487023-6.73689016576677i
48+0i,-37+0i,-6.6729460480795-1.99596509486726i
48+0i,-36+0i,0.00790429403169+6.86340110641862i
48+0i,-35+0i,2.12394521036851-3.02621830406956i
48+0i,-34+0i,-2.49875039233615+2.40693827302506i
48+0i,-33+0i,3.25434333653198-1.14862426382066i
48+0i,-32+0i,3.97446392582137-6.63335848939509i
48+0i,-31+0i,3.56647016038509+1.53722237878494i
48+0i,-30+0i,2.06489785316707-2.98805610192141i
48+0i,-29+0i,-2.63786847428243+0.66705101307091i
48+0i,-28+0i,0.65893874263643+1.57055422839204i
48+0i,-27+0i,1.0402216191095+1.62462210551141i
48+0i,-26+0i,2.46845026039758+6.91969740384111i
48+0i,-25+0i,1.15155527209089-3.00559669827018i
48+0i,-24+0i,-4.76455775153445+8.76366697173245i
48+0i,-23+0i,8.46338947318121+7.30319219637298i
48+0i,-22+0i,5.10248075280698-9.37605881312958i
48+0i,-21+0i,-3.80560329267697+6.91271142718156i
48+0i,-20+0i,7.03227230389942-2.49867395517282i
48+0i,-19+0i,-3.38428356087581-2.45444210052817i
48+0i,-18+0i,-3.87804073652706+7.05524364282685i
48+0i,-17+0i,10.4742349747112-16.9664583791488i
48+0i,-16+0i,-0.33946198711406+1.65003717870786i
48+0i,-15+0i,-12.7990818477275+16.9035716871352i
48+0i,-14+0i,-5.96220168174177-4.63213761259779i
48+0i,-13+0i,-5.41492744408291+1.67144229878485i
48+0i,-12+0i,-16.2721175889439+3.6339016122772i
48+0i,-11+0i,-0.4672323019314-18.5151304446814i
48+0i,-10+0i,17.6811224881907-22.6166146456222i
48+0i,-9+0i,12.7678419144604-5.239743530522i
48+0i,-8+0i,6.72643861538912+3.27620713460851i
48+0i,-7+0i,-8.91336918602425+9.08160974393574i
48+0i,-6+0i,-9.8475261351013+13.0039978349385i
48+0i,-5+0i,-2.8732220089652-12.1247318826815i
48+0i,-4+0i,-16.8027212506564-19.3988391942909i
48+0i,-3+0i,-1.23403089917744-0.10069081876121i
48+0i,-2+0i,5.37585857580246-8.57137498556297i
48+0i,-1+0i,-4.68004654716082+4.30141802345609i
48+0i,0+0i,24.8510633032502+27.1545048137706i
48+0i,1+0i,3.17875621556964+8.49017281686483i
48+0i,2+0i,-21.6394240035359+1.5590611691739i
48+0i,3+0i,19.8068596094085-0.0793626917746i
48+0i,4+0i,16.5135785853323-4.406375494839i
48+0i,5+0i,4.37447423155975+1.20062792161578i
48+0i,6+0i,2.50396976441966+6.7819481046158i
48+0i,7+0i,-19.646935402548+23.7121775747678i
48+0i,8+0i,1.17707187242709-8.35242414110208i
48+0i,9+0i,6.4657942803282-50.6507038101951i
48+0i,10+0i,-13.1057535393476-5.2874514048482i
48+0i,11+0i,7.9620360165771+21.6095095450047i
48+0i,12+0i,4.20732136827618+0.98919234546695i
48+0i,13+0i,-13.7149146253269+1.836327832391i
48+0i,14+0i,-1.44570268084055-7.50241766872638i
48+0i,15+0i,4.86345097199244-4.8125724668691i
48+0i,16+0i,10.1861679636056+6.0094458744636i
48+0i,17+0i,9.34721628556691+6.81040026836812i
48+0i,18+0i,-2.2683315979283+14.2458658914552i
48+0i,19+0i,-10.3739974119774-4.1202114984891i
48+0i,20+0i,-1.12505195700877-7.27703028760212i
48+0i,21+0i,11.0675763588659+1.5528430853284i
48+0i,22+0i,-6.46403060250844-2.4468768048824i
48+0i,23+0i,-12.5504874621486+5.0083244001977i
48+0i,24+0i,-10.9299337079351-10.1592686763152i
48+0i,25+0i,-8.9403924499632-16.0330883358152i
48+0i,26+0i,10.7342035147426-2.561013757241i
48+0i,27+0i,6.02553834485442+4.96060023345331i
48+0i,28+0i,-1.87462776255679+9.66613069496554i
48+0i,29+0i,-0.76915703529557-1.44088614124762i
48+0i,30+0i,-7.8002488298349+0.56131081909025i
48+0i,31+0i,-12.7143256241768+3.0642530922287i
48+0i,32+0i,-8.86607865557551-3.43190168415703i
48+0i,33+0i,-5.63602858865521-4.82983913072845i
48+0i,34+0i,-11.1088240848632-5.2573791610934i
48+0i,35+0i,8.49135411522562+2.55619993787978i
48+0i,36+0i,12.5916615662144+2.0890239613175i
48+0i,37+0i,-3.66531362245697+4.25600688917966i
48+0i,38+0i,-2.10364010651328+8.25337138820088i
48+0i,39+0i,-12.0911844798262+1.3250180650146i
48+0i,40+0i,-5.12793129026931-3.29819584482843i
48+0i,41+0i,4.66959736957908+5.71034262990805i
48+0i,42+0i,1.631930003571+11.4907354698219i
48+0i,43+0i,-2.63571372206965-2.50762376311264i
48+0i,44+0i,-8.56508550309052+1.64329988018052i
48+0i,45+0i,3.75296542510082+1.44391025840087i
48+0i,46+0i,1.29344131201491-4.15316248033235i
48+0i,47+0i,0.70034322958627+5.76005234717911i
48+0i,48+0i,1.04805533615-1.93785597080693i
48+0i,49+0i,-2.71996845684389-1.78077998845297i
48+0i,50+0i,8.73041627607419+4.86663104050692i
49+0i,-49+0i,-1.34632445138762-0.77480974400707i
49+0i,-48+0i,1.97577479168156-5.16009352008318i
49+0i,-47+0i,-4.02697398544236+1.8361019534255i
49+0i,-46+0i,-4.0820827940167+18.3132793108963i
49+0i,-45+0i,-5.83920996946216+0.33130471919429i
49+0i,-44+0i,-2.34347418518115+0.48119146653754i
49+0i,-43+0i,7.11478622756544+0.40062728419079i
49+0i,-42+0i,4.75383364235957-0.6287878480876i
49+0i,-41+0i,-1.9038680295425+4.48063511413797i
49+0i,-40+0i,-19.6300891959838+0.0104243905992i
49+0i,-39+0i,-6.22421662844085+2.84511244282903i
49+0i,-38+0i,3.26046180622459-6.05349756445407i
49+0i,-37+0i,-7.63781402720171+3.87658155798258i
49+0i,-36+0i,0.83502044909053+7.93744416937914i
49+0i,-35+0i,-4.15063828667304-2.05019064502623i
49+0i,-34+0i,-3.57245670252845+5.00362526114682i
49+0i,-33+0i,-0.588389013489259-0.637237801004238i
49+0i,-32+0i,-0.262368071530751+0.337155413432918i
49+0i,-31+0i,-2.80296848127468+1.41788913668499i
49+0i,-30+0i,-5.57345938263599+1.48183274077414i
49+0i,-29+0i,14.0825047824235+6.6873652298109i
49+0i,-28+0i,4.76389272022496-8.83211940487914i
49+0i,-27+0i,-9.35467029286457-9.68745005298845i
49+0i,-26+0i,8.0839148357687+10.3009964215072i
49+0i,-25+0i,11.3672421946655+2.1260211351399i
49+0i,-24+0i,0.307123040287388+0.490561686020379i
49+0i,-23+0i,7.4553073731684+23.9053217602345i
49+0i,-22+0i,10.9506110826604+7.6176204754102i
49+0i,-21+0i,-8.80330528434746-4.56762332991162i
49+0i,-20+0i,-1.66420537887473+5.78533465718729i
49+0i,-19+0i,8.30083745990752-8.36328518496546i
49+0i,-18+0i,-1.336531788683-8.94369919396765i
49+0i,-17+0i,9.98712167700284-1.5077131629316i
49+0i,-16+0i,5.37746856743251+0.85585572562315i
49+0i,-15+0i,-14.6533423546148+9.57607249987i
49+0i,-14+0i,-1.4231514656192+11.1353742663562i
49+0i,-13+0i,0.70046515883732+3.65853985249793i
49+0i,-12+0i,-21.3032890089575-10.0516276533108i
49+0i,-11+0i,-7.452650229527-13.6206924227584i
49+0i,-10+0i,1.05955040837054-4.79389939505589i
49+0i,-9+0i,-3.49940287351688-7.70361659172384i
49+0i,-8+0i,28.7428969268641-20.1321461436756i
49+0i,-7+0i,25.5877143385622+1.464007999767i
49+0i,-6+0i,-6.0697405277818+19.606685373253i
49+0i,-5+0i,-7.60644160334585-8.7891960648318i
49+0i,-4+0i,-11.4028111833012+1.6785078401746i
49+0i,-3+0i,-11.4868787786969+18.1030935532604i
49+0i,-2+0i,-20.2183705433794-13.1635040308447i
49+0i,-1+0i,-20.2230422101161-1.3450968965433i
49+0i,0+0i,10.0995736640191+2.2406964107455i
49+0i,1+0i,-7.2862495770721-32.5065517835443i
49+0i,2+0i,-4.89578456782076-5.97115553471802i
49+0i,3+0i,43.4269743771595+22.3960548535513i
49+0i,4+0i,8.3158637106962+7.64093232064471i
49+0i,5+0i,-8.76278578767849+5.38899965101004i
49+0i,6+0i,37.7648788867938+15.617927996145i
49+0i,7+0i,3.1471818410631+23.8816634755308i
49+0i,8+0i,-39.4148557344949-3.6691364184591i
49+0i,9+0i,-9.4791145134718-24.4555756132307i
49+0i,10+0i,8.6490862387139+12.4296747329458i
49+0i,11+0i,-2.89502580582158+3.29938793090652i
49+0i,12+0i,-8.528242444657-30.920816692406i
49+0i,13+0i,1.03125962594165-1.3108007036218i
49+0i,14+0i,2.55929543939848+7.25840333640784i
49+0i,15+0i,-6.95778593147491-3.32844505128431i
49+0i,16+0i,1.74775951847874+5.88479069994095i
49+0i,17+0i,6.82471176124828-5.14660051171544i
49+0i,18+0i,7.77874530597117-3.0089447421091i
49+0i,19+0i,14.8140987492008+4.580838805832i
49+0i,20+0i,5.6911036497145+3.81983642881272i
49+0i,21+0i,4.05725942314587+8.67915382709558i
49+0i,22+0i,0.17887515470845-1.84336571754165i
49+0i,23+0i,-16.6295573603177-0.2550635195273i
49+0i,24+0i,-10.0069354701179-0.6850805867733i
49+0i,25+0i,3.65792037633541-7.38052292786635i
49+0i,26+0i,6.43539691455955+5.4437166323545i
49+0i,27+0i,2.95965870260039-0.58110757955773i
49+0i,28+0i,-5.75699554836091-2.46354906547669i
49+0i,29+0i,-1.72715406778389+6.99936509012826i
49+0i,30+0i,5.93170732424341-4.36731845884423i
49+0i,31+0i,-2.65551619433223-2.47459221110092i
49+0i,32+0i,-5.67445332376154+0.5664568945172i
49+0i,33+0i,-0.183318728350399-0.542406587426762i
49+0i,34+0i,6.445066625955+10.9742412764005i
49+0i,35+0i,6.78757536346848+0.11259183762863i
49+0i,36+0i,-9.1304903414796-2.76683337468657i
49+0i,37+0i,-2.70469039411097+2.8731931501745i
49+0i,38+0i,5.19735462000319-5.06554323536145i
49+0i,39+0i,-3.47358225113518+7.79939636130736i
49+0i,40+0i,1.68617548376435+6.58164758809503i
49+0i,41+0i,0.196041150789392+0.96263679264835i
49+0i,42+0i,0.970882481602553+0.577609161587372i
49+0i,43+0i,-0.33513248769618-6.60834158909755i
49+0i,44+0i,1.21946289762944+3.41565626685564i
49+0i,45+0i,5.47574138532979-6.57190972546021i
49+0i,46+0i,-6.56129009829715-3.77282955496916i
49+0i,47+0i,2.48839327453745+8.98917238686483i
49+0i,48+0i,6.18261921680767+0.97916413655315i
49+0i,49+0i,-0.65397339494981+3.4389601511625i
49+0i,50+0i,0.00545460225253-2.27143609186072i
50+0i,-49+0i,-0.06249509293162-4.91163345570171i
50+0i,-48+0i,2.5782287882849-11.0430815300974i
50+0i,-47+0i,4.22369711929225+5.31915632195436i
50+0i,-46+0i,4.0823037876402+15.5912658012136i
50+0i,-45+0i,-3.69858344810588+4.08433970537118i
50+0i,-44+0i,0.97986687931484+1.57408708134205i
50+0i,-43+0i,0.26665351841787+1.74794050643774i
50+0i,-42+0i,2.12269007048235+6.12016996092982i
50+0i,-41+0i,3.1152196310484+10.5630218625527i
50+0i,-40+0i,-12.2524831597416+2.8581489886904i
50+0i,-39+0i,-1.54678195719909-0.28262735556206i
50+0i,-38+0i,0.03378944125128+1.42583199750093i
50+0i,-37+0i,-12.8958370147347+4.6894933386734i
50+0i,-36+0i,-3.7581775667383+1.82158411987363i
50+0i,-35+0i,-2.91814726343272-9.51357758699305i
50+0i,-34+0i,0.878618099885-10.5555257633403i
50+0i,-33+0i,8.27164094700223+0.32716195212959i
50+0i,-32+0i,6.36027424192039+3.36211551040384i
50+0i,-31+0i,10.0043783183983+3.271828070554i
50+0i,-30+0i,12.5760125715066+6.5839672485149i
50+0i,-29+0i,0.8932834196905+7.8591296569485i
50+0i,-28+0i,-3.7534791123181+6.73295730896394i
50+0i,-27+0i,1.717665824288-7.26970460551054i
50+0i,-26+0i,-5.39613946634439-0.10503025357038i
50+0i,-25+0i,5.0392156862771+11.2039215686278i
50+0i,-24+0i,10.6361508246626+1.1309304109616i
50+0i,-23+0i,-4.43665624653524+9.20145009717029i
50+0i,-22+0i,-2.86911994150176+0.69553287720272i
50+0i,-21+0i,-4.30604685562221-4.6019592285069i
50+0i,-20+0i,2.76424786562371+1.13024212332287i
50+0i,-19+0i,18.8740985224573-13.884759456856i
50+0i,-18+0i,11.4206701648087-1.47604498509i
50+0i,-17+0i,-5.18086083598533+8.39239367382637i
50+0i,-16+0i,-3.62062753757592+3.97004632034965i
50+0i,-15+0i,3.69091304769362-0.15318583218318i
50+0i,-14+0i,-1.6303086390214-21.2657397780844i
50+0i,-13+0i,2.27964638960544-8.27308121782035i
50+0i,-12+0i,-0.0163607834197+27.9411967129064i
50+0i,-11+0i,-10.4922040419094+20.2259127070263i
50+0i,-10+0i,-2.44071845386027-5.96616362916982i
50+0i,-9+0i,1.6038129368427-11.484030275538i
50+0i,-8+0i,-2.5079310901056-12.6456874846244i
50+0i,-7+0i,8.09789183988701-1.33417716117379i
50+0i,-6+0i,19.9671000722269+4.3723332274835i
50+0i,-5+0i,-4.11339802242606-6.97463253631193i
50+0i,-4+0i,-23.9371603302999+7.9401639777183i
50+0i,-3+0i,0.56598851501223-1.05178762454438i
50+0i,-2+0i,9.4296120968465-28.813460677341i
50+0i,-1+0i,-3.99309493702702-9.69569617961558i
50+0i,0+0i,-7.04313725490196e+00-4e-14i
50+0i,1+0i,-3.99309493702697+9.69569617961544i
50+0i,2+0i,9.4296120968466+28.8134606773409i
50+0i,3+0i,0.56598851501246+1.0517876245444i
50+0i,4+0i,-23.9371603302999-7.9401639777183i
50+0i,5+0i,-4.11339802242619+6.97463253631197i
50+0i,6+0i,19.9671000722271-4.3723332274833i
50+0i,7+0i,8.09789183988686+1.33417716117371i
50+0i,8+0i,-2.5079310901058+12.6456874846242i
50+0i,9+0i,1.6038129368426+11.484030275538i
50+0i,10+0i,-2.44071845386024+5.9661636291698i
50+0i,11+0i,-10.4922040419095-20.2259127070263i
50+0i,12+0i,-0.0163607834199-27.9411967129066i
50+0i,13+0i,2.27964638960544+8.27308121782048i
50+0i,14+0i,-1.6303086390214+21.2657397780845i
50+0i,15+0i,3.69091304769376+0.15318583218345i
50+0i,16+0i,-3.62062753757579-3.97004632034981i
50+0i,17+0i,-5.18086083598539-8.39239367382648i
50+0i,18+0i,11.4206701648087+1.47604498509i
50+0i,19+0i,18.8740985224573+13.8847594568562i
50+0i,20+0i,2.76424786562379-1.13024212332278i
50+0i,21+0i,-4.30604685562231+4.60195922850713i
50+0i,22+0i,-2.86911994150176-0.69553287720241i
50+0i,23+0i,-4.43665624653522-9.20145009717026i
50+0i,24+0i,10.6361508246624-1.1309304109617i
50+0i,25+0i,5.0392156862772-11.2039215686276i
50+0i,26+0i,-5.39613946634437+0.10503025357054i
50+0i,27+0i,1.7176658242883+7.26970460551039i
50+0i,28+0i,-3.75347911231832-6.73295730896389i
50+0i,29+0i,0.89328341969046-7.85912965694828i
50+0i,30+0i,12.5760125715066-6.583967248515i
50+0i,31+0i,10.0043783183983-3.2718280705545i
50+0i,32+0i,6.36027424192066-3.36211551040415i
50+0i,33+0i,8.27164094700237-0.32716195212928i
50+0i,34+0i,0.8786180998852+10.5555257633401i
50+0i,35+0i,-2.91814726343274+9.51357758699286i
50+0i,36+0i,-3.75817756673821-1.82158411987349i
50+0i,37+0i,-12.8958370147347-4.6894933386735i
50+0i,38+0i,0.03378944125126-1.42583199750076i
50+0i,39+0i,-1.54678195719896+0.28262735556227i
50+0i,40+0i,-12.2524831597412-2.8581489886901i
50+0i,41+0i,3.1152196310484-10.5630218625527i
50+0i,42+0i,2.12269007048228-6.12016996092946i
50+0i,43+0i,0.26665351841774-1.74794050643799i
50+0i,44+0i,0.97986687931494-1.57408708134212i
50+0i,45+0i,-3.69858344810563-4.08433970537134i
50+0i,46+0i,4.0823037876403-15.5912658012133i
50+0i,47+0i,4.22369711929247-5.31915632195433i
50+0i,48+0i,2.5782287882847+11.0430815300971i
50+0i,49+0i,-0.06249509293165+4.91163345570175i
50+0i,50+0i,-6.25098039215686e+00+2e-14i
